calc_time_ms,funding_time,rate,interval_hours
1609459200002,2021-01-01T00:00:00.002000+00:00,0.000227530000,8.0
1609488000006,2021-01-01T08:00:00.006000+00:00,0.000263360000,8.0
1609516800003,2021-01-01T16:00:00.003000+00:00,0.000344570000,8.0
1609545600000,2021-01-02T00:00:00+00:00,0.000100000000,8.0
1609574400000,2021-01-02T08:00:00+00:00,0.000201510000,8.0
1609603200006,2021-01-02T16:00:00.006000+00:00,0.001154710000,8.0
1609632000018,2021-01-03T00:00:00.018000+00:00,0.001240580000,8.0
1609660800000,2021-01-03T08:00:00+00:00,0.001147440000,8.0
1609689600002,2021-01-03T16:00:00.002000+00:00,0.001550060000,8.0
1609718400000,2021-01-04T00:00:00+00:00,0.001641260000,8.0
1609747200000,2021-01-04T08:00:00+00:00,0.002364820000,8.0
1609776000000,2021-01-04T16:00:00+00:00,0.000561370000,8.0
1609804800020,2021-01-05T00:00:00.020000+00:00,0.000883380000,8.0
1609833600003,2021-01-05T08:00:00.003000+00:00,0.000471660000,8.0
1609862400003,2021-01-05T16:00:00.003000+00:00,0.000629040000,8.0
1609891200010,2021-01-06T00:00:00.010000+00:00,0.001271930000,8.0
1609920000003,2021-01-06T08:00:00.003000+00:00,0.002100080000,8.0
1609948800000,2021-01-06T16:00:00+00:00,0.001492530000,8.0
1609977600007,2021-01-07T00:00:00.007000+00:00,0.001003160000,8.0
1610006400000,2021-01-07T08:00:00+00:00,0.001427440000,8.0
1610035200004,2021-01-07T16:00:00.004000+00:00,0.000998410000,8.0
1610064000000,2021-01-08T00:00:00+00:00,0.002135170000,8.0
1610092800000,2021-01-08T08:00:00+00:00,0.000920440000,8.0
1610121600000,2021-01-08T16:00:00+00:00,0.001318920000,8.0
1610150400009,2021-01-09T00:00:00.009000+00:00,0.000629540000,8.0
1610179200004,2021-01-09T08:00:00.004000+00:00,0.000669180000,8.0
1610208000000,2021-01-09T16:00:00+00:00,0.001469420000,8.0
1610236800000,2021-01-10T00:00:00+00:00,0.001456040000,8.0
1610265600005,2021-01-10T08:00:00.005000+00:00,0.001206320000,8.0
1610294400000,2021-01-10T16:00:00+00:00,0.000529880000,8.0
1610323200000,2021-01-11T00:00:00+00:00,0.000864860000,8.0
1610352000012,2021-01-11T08:00:00.012000+00:00,0.000815530000,8.0
1610380800000,2021-01-11T16:00:00+00:00,0.000534440000,8.0
1610409600000,2021-01-12T00:00:00+00:00,0.000335260000,8.0
1610438400000,2021-01-12T08:00:00+00:00,0.000508550000,8.0
1610467200008,2021-01-12T16:00:00.008000+00:00,0.000549450000,8.0
1610496000001,2021-01-13T00:00:00.001000+00:00,0.000147680000,8.0
1610524800000,2021-01-13T08:00:00+00:00,0.000225900000,8.0
1610553600003,2021-01-13T16:00:00.003000+00:00,0.000705300000,8.0
1610582400000,2021-01-14T00:00:00+00:00,0.000783310000,8.0
1610611200012,2021-01-14T08:00:00.012000+00:00,0.000726270000,8.0
1610640000000,2021-01-14T16:00:00+00:00,0.000685030000,8.0
1610668800002,2021-01-15T00:00:00.002000+00:00,0.000556280000,8.0
1610697600000,2021-01-15T08:00:00+00:00,0.000644830000,8.0
1610726400004,2021-01-15T16:00:00.004000+00:00,0.001181850000,8.0
1610755200000,2021-01-16T00:00:00+00:00,0.000100000000,8.0
1610784000008,2021-01-16T08:00:00.008000+00:00,0.000325730000,8.0
1610812800000,2021-01-16T16:00:00+00:00,0.000684960000,8.0
1610841600009,2021-01-17T00:00:00.009000+00:00,0.000331090000,8.0
1610870400000,2021-01-17T08:00:00+00:00,0.000302760000,8.0
1610899200001,2021-01-17T16:00:00.001000+00:00,0.000100000000,8.0
1610928000000,2021-01-18T00:00:00+00:00,0.000553750000,8.0
1610956800004,2021-01-18T08:00:00.004000+00:00,0.000493210000,8.0
1610985600000,2021-01-18T16:00:00+00:00,0.001035500000,8.0
1611014400000,2021-01-19T00:00:00+00:00,0.000616700000,8.0
1611043200005,2021-01-19T08:00:00.005000+00:00,0.001400900000,8.0
1611072000012,2021-01-19T16:00:00.012000+00:00,0.001584670000,8.0
1611100800012,2021-01-20T00:00:00.012000+00:00,0.000881780000,8.0
1611129600001,2021-01-20T08:00:00.001000+00:00,0.000179670000,8.0
1611158400001,2021-01-20T16:00:00.001000+00:00,0.000164820000,8.0
1611187200000,2021-01-21T00:00:00+00:00,0.000420780000,8.0
1611216000000,2021-01-21T08:00:00+00:00,0.000483570000,8.0
1611244800004,2021-01-21T16:00:00.004000+00:00,0.000265890000,8.0
1611273600012,2021-01-22T00:00:00.012000+00:00,0.000100000000,8.0
1611302400003,2021-01-22T08:00:00.003000+00:00,0.000100000000,8.0
1611331200001,2021-01-22T16:00:00.001000+00:00,0.000100000000,8.0
1611360000000,2021-01-23T00:00:00+00:00,0.000100000000,8.0
1611388800002,2021-01-23T08:00:00.002000+00:00,0.000121820000,8.0
1611417600000,2021-01-23T16:00:00+00:00,0.000100000000,8.0
1611446400001,2021-01-24T00:00:00.001000+00:00,0.000100000000,8.0
1611475200011,2021-01-24T08:00:00.011000+00:00,0.000143680000,8.0
1611504000005,2021-01-24T16:00:00.005000+00:00,0.000413880000,8.0
1611532800007,2021-01-25T00:00:00.007000+00:00,0.000100000000,8.0
1611561600012,2021-01-25T08:00:00.012000+00:00,0.000522530000,8.0
1611590400000,2021-01-25T16:00:00+00:00,0.000424140000,8.0
1611619200007,2021-01-26T00:00:00.007000+00:00,0.000135060000,8.0
1611648000000,2021-01-26T08:00:00+00:00,0.000100000000,8.0
1611676800000,2021-01-26T16:00:00+00:00,0.000100000000,8.0
1611705600000,2021-01-27T00:00:00+00:00,0.000100000000,8.0
1611734400011,2021-01-27T08:00:00.011000+00:00,0.000100000000,8.0
1611763200003,2021-01-27T16:00:00.003000+00:00,0.000100000000,8.0
1611792000000,2021-01-28T00:00:00+00:00,0.000100000000,8.0
1611820800000,2021-01-28T08:00:00+00:00,0.000100000000,8.0
1611849600000,2021-01-28T16:00:00+00:00,0.000222620000,8.0
1611878400009,2021-01-29T00:00:00.009000+00:00,0.000100000000,8.0
1611907200000,2021-01-29T08:00:00+00:00,0.000648030000,8.0
1611936000000,2021-01-29T16:00:00+00:00,0.001667890000,8.0
1611964800000,2021-01-30T00:00:00+00:00,0.000392080000,8.0
1611993600000,2021-01-30T08:00:00+00:00,0.000332000000,8.0
1612022400000,2021-01-30T16:00:00+00:00,0.000524280000,8.0
1612051200009,2021-01-31T00:00:00.009000+00:00,0.000549440000,8.0
1612080000000,2021-01-31T08:00:00+00:00,0.000461170000,8.0
1612108800000,2021-01-31T16:00:00+00:00,0.000442340000,8.0
1612137600001,2021-02-01T00:00:00.001000+00:00,0.000139320000,8.0
1612166400014,2021-02-01T08:00:00.014000+00:00,0.000375610000,8.0
1612195200000,2021-02-01T16:00:00+00:00,0.000668480000,8.0
1612224000000,2021-02-02T00:00:00+00:00,0.000367870000,8.0
1612252800006,2021-02-02T08:00:00.006000+00:00,0.000442780000,8.0
1612281600000,2021-02-02T16:00:00+00:00,0.001221810000,8.0
1612310400009,2021-02-03T00:00:00.009000+00:00,0.000772970000,8.0
1612339200006,2021-02-03T08:00:00.006000+00:00,0.000808050000,8.0
1612368000006,2021-02-03T16:00:00.006000+00:00,0.000752870000,8.0
1612396800005,2021-02-04T00:00:00.005000+00:00,0.000290630000,8.0
1612425600000,2021-02-04T08:00:00+00:00,0.000742860000,8.0
1612454400011,2021-02-04T16:00:00.011000+00:00,0.000619360000,8.0
1612483200009,2021-02-05T00:00:00.009000+00:00,0.000566350000,8.0
1612512000004,2021-02-05T08:00:00.004000+00:00,0.000748380000,8.0
1612540800000,2021-02-05T16:00:00+00:00,0.000991540000,8.0
1612569600008,2021-02-06T00:00:00.008000+00:00,0.000347820000,8.0
1612598400009,2021-02-06T08:00:00.009000+00:00,0.000698270000,8.0
1612627200000,2021-02-06T16:00:00+00:00,0.001023710000,8.0
1612656000000,2021-02-07T00:00:00+00:00,0.001555460000,8.0
1612684800005,2021-02-07T08:00:00.005000+00:00,0.000651210000,8.0
1612713600001,2021-02-07T16:00:00.001000+00:00,0.001062060000,8.0
1612742400000,2021-02-08T00:00:00+00:00,0.000592670000,8.0
1612771200001,2021-02-08T08:00:00.001000+00:00,0.000578870000,8.0
1612800000000,2021-02-08T16:00:00+00:00,0.002489930000,8.0
1612828800010,2021-02-09T00:00:00.010000+00:00,0.001311250000,8.0
1612857600006,2021-02-09T08:00:00.006000+00:00,0.001865730000,8.0
1612886400007,2021-02-09T16:00:00.007000+00:00,0.001611590000,8.0
1612915200009,2021-02-10T00:00:00.009000+00:00,0.001243130000,8.0
1612944000014,2021-02-10T08:00:00.014000+00:00,0.001753500000,8.0
1612972800005,2021-02-10T16:00:00.005000+00:00,0.001123970000,8.0
1613001600000,2021-02-11T00:00:00+00:00,0.000767420000,8.0
1613030400000,2021-02-11T08:00:00+00:00,0.000830700000,8.0
1613059200000,2021-02-11T16:00:00+00:00,0.001741100000,8.0
1613088000000,2021-02-12T00:00:00+00:00,0.001287720000,8.0
1613116800000,2021-02-12T08:00:00+00:00,0.001256300000,8.0
1613145600000,2021-02-12T16:00:00+00:00,0.001055330000,8.0
1613174400001,2021-02-13T00:00:00.001000+00:00,0.001399990000,8.0
1613203200003,2021-02-13T08:00:00.003000+00:00,0.001416090000,8.0
1613232000000,2021-02-13T16:00:00+00:00,0.000759460000,8.0
1613260800013,2021-02-14T00:00:00.013000+00:00,0.000850480000,8.0
1613289600000,2021-02-14T08:00:00+00:00,0.001461850000,8.0
1613318400008,2021-02-14T16:00:00.008000+00:00,0.001494890000,8.0
1613347200000,2021-02-15T00:00:00+00:00,0.001178600000,8.0
1613376000006,2021-02-15T08:00:00.006000+00:00,0.000406170000,8.0
1613404800000,2021-02-15T16:00:00+00:00,0.000681330000,8.0
1613433600001,2021-02-16T00:00:00.001000+00:00,0.000996000000,8.0
1613462400000,2021-02-16T08:00:00+00:00,0.001235460000,8.0
1613491200010,2021-02-16T16:00:00.010000+00:00,0.001418180000,8.0
1613520000005,2021-02-17T00:00:00.005000+00:00,0.001040660000,8.0
1613548800010,2021-02-17T08:00:00.010000+00:00,0.000934360000,8.0
1613577600008,2021-02-17T16:00:00.008000+00:00,0.001471120000,8.0
1613606400012,2021-02-18T00:00:00.012000+00:00,0.001322490000,8.0
1613635200000,2021-02-18T08:00:00+00:00,0.001543030000,8.0
1613664000009,2021-02-18T16:00:00.009000+00:00,0.001258420000,8.0
1613692800010,2021-02-19T00:00:00.010000+00:00,0.000912550000,8.0
1613721600002,2021-02-19T08:00:00.002000+00:00,0.000845260000,8.0
1613750400008,2021-02-19T16:00:00.008000+00:00,0.001287910000,8.0
1613779200000,2021-02-20T00:00:00+00:00,0.001563180000,8.0
1613808000009,2021-02-20T08:00:00.009000+00:00,0.001164650000,8.0
1613836800000,2021-02-20T16:00:00+00:00,0.001225350000,8.0
1613865600007,2021-02-21T00:00:00.007000+00:00,0.001003570000,8.0
1613894400012,2021-02-21T08:00:00.012000+00:00,0.000990220000,8.0
1613923200001,2021-02-21T16:00:00.001000+00:00,0.001258200000,8.0
1613952000006,2021-02-22T00:00:00.006000+00:00,0.001170490000,8.0
1613980800002,2021-02-22T08:00:00.002000+00:00,0.000917820000,8.0
1614009600000,2021-02-22T16:00:00+00:00,0.000778640000,8.0
1614038400000,2021-02-23T00:00:00+00:00,0.000249470000,8.0
1614067200006,2021-02-23T08:00:00.006000+00:00,0.000296200000,8.0
1614096000000,2021-02-23T16:00:00+00:00,0.000132810000,8.0
1614124800012,2021-02-24T00:00:00.012000+00:00,0.000100000000,8.0
1614153600016,2021-02-24T08:00:00.016000+00:00,0.000517910000,8.0
1614182400011,2021-02-24T16:00:00.011000+00:00,0.000372890000,8.0
1614211200007,2021-02-25T00:00:00.007000+00:00,0.000177060000,8.0
1614240000000,2021-02-25T08:00:00+00:00,0.000182470000,8.0
1614268800010,2021-02-25T16:00:00.010000+00:00,0.000340530000,8.0
1614297600000,2021-02-26T00:00:00+00:00,0.000100000000,8.0
1614326400025,2021-02-26T08:00:00.025000+00:00,0.000100000000,8.0
1614355200010,2021-02-26T16:00:00.010000+00:00,0.000100000000,8.0
1614384000001,2021-02-27T00:00:00.001000+00:00,0.000301640000,8.0
1614412800000,2021-02-27T08:00:00+00:00,0.000445700000,8.0
1614441600000,2021-02-27T16:00:00+00:00,0.000100380000,8.0
1614470400021,2021-02-28T00:00:00.021000+00:00,0.000100000000,8.0
1614499200009,2021-02-28T08:00:00.009000+00:00,0.000100000000,8.0
1614528000000,2021-02-28T16:00:00+00:00,0.000377060000,8.0
1614556800000,2021-03-01T00:00:00+00:00,0.000169210000,8.0
1614585600003,2021-03-01T08:00:00.003000+00:00,0.000100000000,8.0
1614614400001,2021-03-01T16:00:00.001000+00:00,0.000100000000,8.0
1614643200000,2021-03-02T00:00:00+00:00,0.000100000000,8.0
1614672000000,2021-03-02T08:00:00+00:00,0.000100000000,8.0
1614700800004,2021-03-02T16:00:00.004000+00:00,0.000100000000,8.0
1614729600000,2021-03-03T00:00:00+00:00,0.000100000000,8.0
1614758400016,2021-03-03T08:00:00.016000+00:00,0.000100000000,8.0
1614787200000,2021-03-03T16:00:00+00:00,0.000450780000,8.0
1614816000000,2021-03-04T00:00:00+00:00,0.000100000000,8.0
1614844800015,2021-03-04T08:00:00.015000+00:00,0.000100000000,8.0
1614873600001,2021-03-04T16:00:00.001000+00:00,0.000100000000,8.0
1614902400000,2021-03-05T00:00:00+00:00,0.000100000000,8.0
1614931200002,2021-03-05T08:00:00.002000+00:00,0.000100000000,8.0
1614960000008,2021-03-05T16:00:00.008000+00:00,0.000100000000,8.0
1614988800000,2021-03-06T00:00:00+00:00,0.000100000000,8.0
1615017600000,2021-03-06T08:00:00+00:00,0.000100000000,8.0
1615046400000,2021-03-06T16:00:00+00:00,0.000100000000,8.0
1615075200006,2021-03-07T00:00:00.006000+00:00,0.000100000000,8.0
1615104000005,2021-03-07T08:00:00.005000+00:00,0.000100000000,8.0
1615132800008,2021-03-07T16:00:00.008000+00:00,0.000176060000,8.0
1615161600000,2021-03-08T00:00:00+00:00,0.000100000000,8.0
1615190400000,2021-03-08T08:00:00+00:00,0.000100000000,8.0
1615219200006,2021-03-08T16:00:00.006000+00:00,0.000247570000,8.0
1615248000000,2021-03-09T00:00:00+00:00,0.000724190000,8.0
1615276800000,2021-03-09T08:00:00+00:00,0.000419760000,8.0
1615305600000,2021-03-09T16:00:00+00:00,0.000570380000,8.0
1615334400009,2021-03-10T00:00:00.009000+00:00,0.000243440000,8.0
1615363200006,2021-03-10T08:00:00.006000+00:00,0.000485860000,8.0
1615392000008,2021-03-10T16:00:00.008000+00:00,0.000569150000,8.0
1615420800000,2021-03-11T00:00:00+00:00,0.000959310000,8.0
1615449600000,2021-03-11T08:00:00+00:00,0.000993050000,8.0
1615478400014,2021-03-11T16:00:00.014000+00:00,0.000854390000,8.0
1615507200002,2021-03-12T00:00:00.002000+00:00,0.001020020000,8.0
1615536000005,2021-03-12T08:00:00.005000+00:00,0.000671470000,8.0
1615564800011,2021-03-12T16:00:00.011000+00:00,0.000511990000,8.0
1615593600000,2021-03-13T00:00:00+00:00,0.000478340000,8.0
1615622400002,2021-03-13T08:00:00.002000+00:00,0.000605670000,8.0
1615651200000,2021-03-13T16:00:00+00:00,0.000571140000,8.0
1615680000011,2021-03-14T00:00:00.011000+00:00,0.000818280000,8.0
1615708800000,2021-03-14T08:00:00+00:00,0.000845930000,8.0
1615737600000,2021-03-14T16:00:00+00:00,0.001150690000,8.0
1615766400012,2021-03-15T00:00:00.012000+00:00,0.000820100000,8.0
1615795200016,2021-03-15T08:00:00.016000+00:00,0.001052100000,8.0
1615824000030,2021-03-15T16:00:00.030000+00:00,0.000157760000,8.0
1615852800005,2021-03-16T00:00:00.005000+00:00,0.000225730000,8.0
1615881600008,2021-03-16T08:00:00.008000+00:00,0.000358620000,8.0
1615910400012,2021-03-16T16:00:00.012000+00:00,0.000406730000,8.0
1615939200010,2021-03-17T00:00:00.010000+00:00,0.000353670000,8.0
1615968000000,2021-03-17T08:00:00+00:00,0.000192340000,8.0
1615996800009,2021-03-17T16:00:00.009000+00:00,0.000245750000,8.0
1616025600001,2021-03-18T00:00:00.001000+00:00,0.000302650000,8.0
1616054400000,2021-03-18T08:00:00+00:00,0.000292590000,8.0
1616083200000,2021-03-18T16:00:00+00:00,0.000325470000,8.0
1616112000011,2021-03-19T00:00:00.011000+00:00,0.000320060000,8.0
1616140800001,2021-03-19T08:00:00.001000+00:00,0.000128870000,8.0
1616169600000,2021-03-19T16:00:00+00:00,0.000332600000,8.0
1616198400000,2021-03-20T00:00:00+00:00,0.000492800000,8.0
1616227200000,2021-03-20T08:00:00+00:00,0.000444520000,8.0
1616256000007,2021-03-20T16:00:00.007000+00:00,0.000489360000,8.0
1616284800000,2021-03-21T00:00:00+00:00,0.000313660000,8.0
1616313600000,2021-03-21T08:00:00+00:00,0.000423750000,8.0
1616342400000,2021-03-21T16:00:00+00:00,0.000100000000,8.0
1616371200007,2021-03-22T00:00:00.007000+00:00,0.000519190000,8.0
1616400000001,2021-03-22T08:00:00.001000+00:00,0.000455620000,8.0
1616428800000,2021-03-22T16:00:00+00:00,0.000489770000,8.0
1616457600000,2021-03-23T00:00:00+00:00,0.000242100000,8.0
1616486400010,2021-03-23T08:00:00.010000+00:00,0.000266190000,8.0
1616515200023,2021-03-23T16:00:00.023000+00:00,0.000422450000,8.0
1616544000002,2021-03-24T00:00:00.002000+00:00,0.000534540000,8.0
1616572800000,2021-03-24T08:00:00+00:00,0.000165670000,8.0
1616601600000,2021-03-24T16:00:00+00:00,0.000264220000,8.0
1616630400000,2021-03-25T00:00:00+00:00,0.000118280000,8.0
1616659200000,2021-03-25T08:00:00+00:00,0.000100000000,8.0
1616688000000,2021-03-25T16:00:00+00:00,0.000100000000,8.0
1616716800008,2021-03-26T00:00:00.008000+00:00,0.000160000000,8.0
1616745600000,2021-03-26T08:00:00+00:00,0.000100000000,8.0
1616774400012,2021-03-26T16:00:00.012000+00:00,0.000100000000,8.0
1616803200018,2021-03-27T00:00:00.018000+00:00,0.000100000000,8.0
1616832000000,2021-03-27T08:00:00+00:00,0.000100000000,8.0
1616860800001,2021-03-27T16:00:00.001000+00:00,0.000100000000,8.0
1616889600000,2021-03-28T00:00:00+00:00,0.000100000000,8.0
1616918400000,2021-03-28T08:00:00+00:00,0.000100000000,8.0
1616947200005,2021-03-28T16:00:00.005000+00:00,0.000100000000,8.0
1616976000003,2021-03-29T00:00:00.003000+00:00,0.000100000000,8.0
1617004800000,2021-03-29T08:00:00+00:00,0.000100000000,8.0
1617033600000,2021-03-29T16:00:00+00:00,0.000181710000,8.0
1617062400018,2021-03-30T00:00:00.018000+00:00,0.000320260000,8.0
1617091200012,2021-03-30T08:00:00.012000+00:00,0.000272580000,8.0
1617120000001,2021-03-30T16:00:00.001000+00:00,0.000835010000,8.0
1617148800000,2021-03-31T00:00:00+00:00,0.000807540000,8.0
1617177600000,2021-03-31T08:00:00+00:00,0.000708890000,8.0
1617206400000,2021-03-31T16:00:00+00:00,0.000584140000,8.0
1617235200025,2021-04-01T00:00:00.025000+00:00,0.001092770000,8.0
1617264000011,2021-04-01T08:00:00.011000+00:00,0.000952470000,8.0
1617292800004,2021-04-01T16:00:00.004000+00:00,0.000519320000,8.0
1617321600000,2021-04-02T00:00:00+00:00,0.000710580000,8.0
1617350400000,2021-04-02T08:00:00+00:00,0.001062210000,8.0
1617379200000,2021-04-02T16:00:00+00:00,0.001019700000,8.0
1617408000003,2021-04-03T00:00:00.003000+00:00,0.000632670000,8.0
1617436800000,2021-04-03T08:00:00+00:00,0.001078430000,8.0
1617465600000,2021-04-03T16:00:00+00:00,0.001013130000,8.0
1617494400000,2021-04-04T00:00:00+00:00,0.000520900000,8.0
1617523200000,2021-04-04T08:00:00+00:00,0.000484950000,8.0
1617552000016,2021-04-04T16:00:00.016000+00:00,0.000265210000,8.0
1617580800000,2021-04-05T00:00:00+00:00,0.000394640000,8.0
1617609600001,2021-04-05T08:00:00.001000+00:00,0.000432170000,8.0
1617638400001,2021-04-05T16:00:00.001000+00:00,0.000374090000,8.0
1617667200010,2021-04-06T00:00:00.010000+00:00,0.000971890000,8.0
1617696000000,2021-04-06T08:00:00+00:00,0.000577760000,8.0
1617724800003,2021-04-06T16:00:00.003000+00:00,0.000837360000,8.0
1617753600000,2021-04-07T00:00:00+00:00,0.000576090000,8.0
1617782400006,2021-04-07T08:00:00.006000+00:00,0.000537490000,8.0
1617811200004,2021-04-07T16:00:00.004000+00:00,0.000536600000,8.0
1617840000013,2021-04-08T00:00:00.013000+00:00,0.000407840000,8.0
1617868800003,2021-04-08T08:00:00.003000+00:00,0.000249430000,8.0
1617897600005,2021-04-08T16:00:00.005000+00:00,0.000262250000,8.0
1617926400000,2021-04-09T00:00:00+00:00,0.000196110000,8.0
1617955200004,2021-04-09T08:00:00.004000+00:00,0.000263010000,8.0
1617984000004,2021-04-09T16:00:00.004000+00:00,0.000217850000,8.0
1618012800011,2021-04-10T00:00:00.011000+00:00,0.000129590000,8.0
1618041600005,2021-04-10T08:00:00.005000+00:00,0.001486240000,8.0
1618070400000,2021-04-10T16:00:00+00:00,0.001196520000,8.0
1618099200004,2021-04-11T00:00:00.004000+00:00,0.000867350000,8.0
1618128000000,2021-04-11T08:00:00+00:00,0.000994270000,8.0
1618156800000,2021-04-11T16:00:00+00:00,0.001059980000,8.0
1618185600001,2021-04-12T00:00:00.001000+00:00,0.000937930000,8.0
1618214400001,2021-04-12T08:00:00.001000+00:00,0.001063580000,8.0
1618243200008,2021-04-12T16:00:00.008000+00:00,0.000943430000,8.0
1618272000003,2021-04-13T00:00:00.003000+00:00,0.000840720000,8.0
1618300800008,2021-04-13T08:00:00.008000+00:00,0.000899280000,8.0
1618329600008,2021-04-13T16:00:00.008000+00:00,0.001226700000,8.0
1618358400008,2021-04-14T00:00:00.008000+00:00,0.000905080000,8.0
1618387200000,2021-04-14T08:00:00+00:00,0.001085670000,8.0
1618416000012,2021-04-14T16:00:00.012000+00:00,0.001047860000,8.0
1618444800006,2021-04-15T00:00:00.006000+00:00,0.000763350000,8.0
1618473600000,2021-04-15T08:00:00+00:00,0.000820820000,8.0
1618502400008,2021-04-15T16:00:00.008000+00:00,0.001103240000,8.0
1618531200008,2021-04-16T00:00:00.008000+00:00,0.001096470000,8.0
1618560000000,2021-04-16T08:00:00+00:00,0.001200220000,8.0
1618588800002,2021-04-16T16:00:00.002000+00:00,0.001155190000,8.0
1618617600008,2021-04-17T00:00:00.008000+00:00,0.000549060000,8.0
1618646400000,2021-04-17T08:00:00+00:00,0.000540070000,8.0
1618675200001,2021-04-17T16:00:00.001000+00:00,0.000875720000,8.0
1618704000006,2021-04-18T00:00:00.006000+00:00,0.000816240000,8.0
1618732800004,2021-04-18T08:00:00.004000+00:00,0.000584480000,8.0
1618761600000,2021-04-18T16:00:00+00:00,0.000100000000,8.0
1618790400000,2021-04-19T00:00:00+00:00,0.000100000000,8.0
1618819200000,2021-04-19T08:00:00+00:00,0.000100000000,8.0
1618848000009,2021-04-19T16:00:00.009000+00:00,0.000100000000,8.0
1618876800004,2021-04-20T00:00:00.004000+00:00,0.000100000000,8.0
1618905600000,2021-04-20T08:00:00+00:00,0.000100000000,8.0
1618934400001,2021-04-20T16:00:00.001000+00:00,0.000100000000,8.0
1618963200013,2021-04-21T00:00:00.013000+00:00,0.000100000000,8.0
1618992000001,2021-04-21T08:00:00.001000+00:00,0.000100000000,8.0
1619020800002,2021-04-21T16:00:00.002000+00:00,0.000100000000,8.0
1619049600000,2021-04-22T00:00:00+00:00,0.000100000000,8.0
1619078400000,2021-04-22T08:00:00+00:00,0.000100000000,8.0
1619107200001,2021-04-22T16:00:00.001000+00:00,0.000100000000,8.0
1619136000002,2021-04-23T00:00:00.002000+00:00,0.000100000000,8.0
1619164800009,2021-04-23T08:00:00.009000+00:00,0.000476180000,8.0
1619193600001,2021-04-23T16:00:00.001000+00:00,0.000100000000,8.0
1619222400019,2021-04-24T00:00:00.019000+00:00,0.000100000000,8.0
1619251200001,2021-04-24T08:00:00.001000+00:00,0.000276720000,8.0
1619280000011,2021-04-24T16:00:00.011000+00:00,0.000167600000,8.0
1619308800000,2021-04-25T00:00:00+00:00,0.000217000000,8.0
1619337600010,2021-04-25T08:00:00.010000+00:00,0.000385580000,8.0
1619366400000,2021-04-25T16:00:00+00:00,0.000100000000,8.0
1619395200003,2021-04-26T00:00:00.003000+00:00,0.000100000000,8.0
1619424000002,2021-04-26T08:00:00.002000+00:00,0.000100000000,8.0
1619452800004,2021-04-26T16:00:00.004000+00:00,0.000100000000,8.0
1619481600000,2021-04-27T00:00:00+00:00,0.000100000000,8.0
1619510400000,2021-04-27T08:00:00+00:00,0.000100000000,8.0
1619539200009,2021-04-27T16:00:00.009000+00:00,0.000100000000,8.0
1619568000000,2021-04-28T00:00:00+00:00,0.000100000000,8.0
1619596800000,2021-04-28T08:00:00+00:00,0.000100000000,8.0
1619625600001,2021-04-28T16:00:00.001000+00:00,0.000100000000,8.0
1619654400004,2021-04-29T00:00:00.004000+00:00,0.000100000000,8.0
1619683200013,2021-04-29T08:00:00.013000+00:00,0.000100000000,8.0
1619712000003,2021-04-29T16:00:00.003000+00:00,0.000100000000,8.0
1619740800004,2021-04-30T00:00:00.004000+00:00,0.000100000000,8.0
1619769600019,2021-04-30T08:00:00.019000+00:00,0.000100000000,8.0
1619798400003,2021-04-30T16:00:00.003000+00:00,0.000100000000,8.0
1619827200002,2021-05-01T00:00:00.002000+00:00,0.000112090000,8.0
1619856000006,2021-05-01T08:00:00.006000+00:00,0.000100000000,8.0
1619884800000,2021-05-01T16:00:00+00:00,0.000324960000,8.0
1619913600010,2021-05-02T00:00:00.010000+00:00,0.000158190000,8.0
1619942400011,2021-05-02T08:00:00.011000+00:00,0.000452850000,8.0
1619971200007,2021-05-02T16:00:00.007000+00:00,0.000452830000,8.0
1620000000003,2021-05-03T00:00:00.003000+00:00,0.000403130000,8.0
1620028800000,2021-05-03T08:00:00+00:00,0.000361880000,8.0
1620057600043,2021-05-03T16:00:00.043000+00:00,0.000673070000,8.0
1620086400004,2021-05-04T00:00:00.004000+00:00,0.000509590000,8.0
1620115200003,2021-05-04T08:00:00.003000+00:00,0.000121860000,8.0
1620144000011,2021-05-04T16:00:00.011000+00:00,0.000664260000,8.0
1620172800001,2021-05-05T00:00:00.001000+00:00,0.000447010000,8.0
1620201600007,2021-05-05T08:00:00.007000+00:00,0.000424580000,8.0
1620230400001,2021-05-05T16:00:00.001000+00:00,0.000117340000,8.0
1620259200003,2021-05-06T00:00:00.003000+00:00,0.000761210000,8.0
1620288000001,2021-05-06T08:00:00.001000+00:00,0.000599680000,8.0
1620316800000,2021-05-06T16:00:00+00:00,0.000935200000,8.0
1620345600000,2021-05-07T00:00:00+00:00,0.000446450000,8.0
1620374400000,2021-05-07T08:00:00+00:00,0.000533130000,8.0
1620403200001,2021-05-07T16:00:00.001000+00:00,0.000171440000,8.0
1620432000006,2021-05-08T00:00:00.006000+00:00,0.000593700000,8.0
1620460800000,2021-05-08T08:00:00+00:00,0.000462790000,8.0
1620489600000,2021-05-08T16:00:00+00:00,0.000464260000,8.0
1620518400005,2021-05-09T00:00:00.005000+00:00,0.000489420000,8.0
1620547200016,2021-05-09T08:00:00.016000+00:00,0.000438450000,8.0
1620576000000,2021-05-09T16:00:00+00:00,0.000638640000,8.0
1620604800004,2021-05-10T00:00:00.004000+00:00,0.000335310000,8.0
1620633600000,2021-05-10T08:00:00+00:00,0.000902580000,8.0
1620662400013,2021-05-10T16:00:00.013000+00:00,0.000986530000,8.0
1620691200000,2021-05-11T00:00:00+00:00,0.000395570000,8.0
1620720000000,2021-05-11T08:00:00+00:00,0.000508740000,8.0
1620748800002,2021-05-11T16:00:00.002000+00:00,0.000256250000,8.0
1620777600004,2021-05-12T00:00:00.004000+00:00,0.000166590000,8.0
1620806400007,2021-05-12T08:00:00.007000+00:00,0.000337360000,8.0
1620835200012,2021-05-12T16:00:00.012000+00:00,0.000397610000,8.0
1620864000016,2021-05-13T00:00:00.016000+00:00,0.000116380000,8.0
1620892800000,2021-05-13T08:00:00+00:00,0.000100000000,8.0
1620921600008,2021-05-13T16:00:00.008000+00:00,0.000228630000,8.0
1620950400007,2021-05-14T00:00:00.007000+00:00,0.000400400000,8.0
1620979200001,2021-05-14T08:00:00.001000+00:00,0.000352190000,8.0
1621008000004,2021-05-14T16:00:00.004000+00:00,0.000150690000,8.0
1621036800022,2021-05-15T00:00:00.022000+00:00,0.000100000000,8.0
1621065600014,2021-05-15T08:00:00.014000+00:00,0.000101230000,8.0
1621094400002,2021-05-15T16:00:00.002000+00:00,0.000201530000,8.0
1621123200000,2021-05-16T00:00:00+00:00,0.000402480000,8.0
1621152000003,2021-05-16T08:00:00.003000+00:00,0.000166820000,8.0
1621180800002,2021-05-16T16:00:00.002000+00:00,0.000361960000,8.0
1621209600005,2021-05-17T00:00:00.005000+00:00,0.000100000000,8.0
1621238400001,2021-05-17T08:00:00.001000+00:00,0.000639890000,8.0
1621267200000,2021-05-17T16:00:00+00:00,0.000592940000,8.0
1621296000019,2021-05-18T00:00:00.019000+00:00,0.000546430000,8.0
1621324800001,2021-05-18T08:00:00.001000+00:00,0.000147230000,8.0
1621353600006,2021-05-18T16:00:00.006000+00:00,0.000218090000,8.0
1621382400000,2021-05-19T00:00:00+00:00,0.000100000000,8.0
1621411200003,2021-05-19T08:00:00.003000+00:00,0.000358130000,8.0
1621440000018,2021-05-19T16:00:00.018000+00:00,-0.000896970000,8.0
1621468800005,2021-05-20T00:00:00.005000+00:00,0.000100000000,8.0
1621497600000,2021-05-20T08:00:00+00:00,0.000100000000,8.0
1621526400005,2021-05-20T16:00:00.005000+00:00,0.000100000000,8.0
1621555200000,2021-05-21T00:00:00+00:00,0.000100000000,8.0
1621584000000,2021-05-21T08:00:00+00:00,-0.000010010000,8.0
1621612800001,2021-05-21T16:00:00.001000+00:00,0.000075460000,8.0
1621641600001,2021-05-22T00:00:00.001000+00:00,-0.000244480000,8.0
1621670400002,2021-05-22T08:00:00.002000+00:00,0.000100000000,8.0
1621699200005,2021-05-22T16:00:00.005000+00:00,0.000100000000,8.0
1621728000006,2021-05-23T00:00:00.006000+00:00,-0.000050110000,8.0
1621756800004,2021-05-23T08:00:00.004000+00:00,-0.000010590000,8.0
1621785600002,2021-05-23T16:00:00.002000+00:00,0.000046960000,8.0
1621814400007,2021-05-24T00:00:00.007000+00:00,-0.000085340000,8.0
1621843200005,2021-05-24T08:00:00.005000+00:00,-0.000099050000,8.0
1621872000005,2021-05-24T16:00:00.005000+00:00,0.000020890000,8.0
1621900800000,2021-05-25T00:00:00+00:00,0.000100000000,8.0
1621929600014,2021-05-25T08:00:00.014000+00:00,0.000100000000,8.0
1621958400000,2021-05-25T16:00:00+00:00,0.000100000000,8.0
1621987200022,2021-05-26T00:00:00.022000+00:00,0.000100000000,8.0
1622016000018,2021-05-26T08:00:00.018000+00:00,0.000100000000,8.0
1622044800004,2021-05-26T16:00:00.004000+00:00,0.000100000000,8.0
1622073600000,2021-05-27T00:00:00+00:00,0.000100000000,8.0
1622102400017,2021-05-27T08:00:00.017000+00:00,0.000100000000,8.0
1622131200000,2021-05-27T16:00:00+00:00,0.000100000000,8.0
1622160000005,2021-05-28T00:00:00.005000+00:00,0.000100000000,8.0
1622188800009,2021-05-28T08:00:00.009000+00:00,0.000100000000,8.0
1622217600000,2021-05-28T16:00:00+00:00,0.000100000000,8.0
1622246400006,2021-05-29T00:00:00.006000+00:00,0.000100000000,8.0
1622275200000,2021-05-29T08:00:00+00:00,0.000100000000,8.0
1622304000000,2021-05-29T16:00:00+00:00,0.000103750000,8.0
1622332800003,2021-05-30T00:00:00.003000+00:00,0.000100000000,8.0
1622361600004,2021-05-30T08:00:00.004000+00:00,0.000100000000,8.0
1622390400018,2021-05-30T16:00:00.018000+00:00,0.000100000000,8.0
1622419200002,2021-05-31T00:00:00.002000+00:00,0.000100000000,8.0
1622448000000,2021-05-31T08:00:00+00:00,0.000100000000,8.0
1622476800000,2021-05-31T16:00:00+00:00,0.000100000000,8.0
1622505600001,2021-06-01T00:00:00.001000+00:00,0.000100000000,8.0
1622534400010,2021-06-01T08:00:00.010000+00:00,0.000100000000,8.0
1622563200010,2021-06-01T16:00:00.010000+00:00,0.000100000000,8.0
1622592000008,2021-06-02T00:00:00.008000+00:00,0.000100000000,8.0
1622620800000,2021-06-02T08:00:00+00:00,0.000100000000,8.0
1622649600007,2021-06-02T16:00:00.007000+00:00,0.000100000000,8.0
1622678400019,2021-06-03T00:00:00.019000+00:00,0.000100000000,8.0
1622707200002,2021-06-03T08:00:00.002000+00:00,0.000100000000,8.0
1622736000003,2021-06-03T16:00:00.003000+00:00,0.000100000000,8.0
1622764800003,2021-06-04T00:00:00.003000+00:00,0.000100000000,8.0
1622793600006,2021-06-04T08:00:00.006000+00:00,0.000205660000,8.0
1622822400002,2021-06-04T16:00:00.002000+00:00,0.000100000000,8.0
1622851200000,2021-06-05T00:00:00+00:00,0.000100000000,8.0
1622880000004,2021-06-05T08:00:00.004000+00:00,0.000100000000,8.0
1622908800020,2021-06-05T16:00:00.020000+00:00,0.000100000000,8.0
1622937600000,2021-06-06T00:00:00+00:00,0.000100000000,8.0
1622966400004,2021-06-06T08:00:00.004000+00:00,0.000100000000,8.0
1622995200000,2021-06-06T16:00:00+00:00,0.000100000000,8.0
1623024000007,2021-06-07T00:00:00.007000+00:00,0.000100000000,8.0
1623052800007,2021-06-07T08:00:00.007000+00:00,0.000100000000,8.0
1623081600003,2021-06-07T16:00:00.003000+00:00,0.000100000000,8.0
1623110400000,2021-06-08T00:00:00+00:00,0.000100000000,8.0
1623139200000,2021-06-08T08:00:00+00:00,0.000010150000,8.0
1623168000002,2021-06-08T16:00:00.002000+00:00,0.000100000000,8.0
1623196800009,2021-06-09T00:00:00.009000+00:00,0.000100000000,8.0
1623225600002,2021-06-09T08:00:00.002000+00:00,-0.000053970000,8.0
1623254400000,2021-06-09T16:00:00+00:00,-0.000148420000,8.0
1623283200007,2021-06-10T00:00:00.007000+00:00,-0.000167930000,8.0
1623312000003,2021-06-10T08:00:00.003000+00:00,0.000060270000,8.0
1623340800000,2021-06-10T16:00:00+00:00,0.000100000000,8.0
1623369600010,2021-06-11T00:00:00.010000+00:00,0.000100000000,8.0
1623398400007,2021-06-11T08:00:00.007000+00:00,0.000026120000,8.0
1623427200006,2021-06-11T16:00:00.006000+00:00,0.000047760000,8.0
1623456000005,2021-06-12T00:00:00.005000+00:00,-0.000077800000,8.0
1623484800000,2021-06-12T08:00:00+00:00,0.000100000000,8.0
1623513600018,2021-06-12T16:00:00.018000+00:00,-0.000008140000,8.0
1623542400002,2021-06-13T00:00:00.002000+00:00,0.000096400000,8.0
1623571200000,2021-06-13T08:00:00+00:00,0.000028520000,8.0
1623600000003,2021-06-13T16:00:00.003000+00:00,-0.000065590000,8.0
1623628800000,2021-06-14T00:00:00+00:00,0.000100000000,8.0
1623657600015,2021-06-14T08:00:00.015000+00:00,0.000100000000,8.0
1623686400000,2021-06-14T16:00:00+00:00,-0.000031440000,8.0
1623715200000,2021-06-15T00:00:00+00:00,0.000080020000,8.0
1623744000000,2021-06-15T08:00:00+00:00,0.000100000000,8.0
1623772800004,2021-06-15T16:00:00.004000+00:00,0.000100000000,8.0
1623801600004,2021-06-16T00:00:00.004000+00:00,0.000100000000,8.0
1623830400001,2021-06-16T08:00:00.001000+00:00,0.000100000000,8.0
1623859200000,2021-06-16T16:00:00+00:00,0.000100000000,8.0
1623888000004,2021-06-17T00:00:00.004000+00:00,0.000100000000,8.0
1623916800000,2021-06-17T08:00:00+00:00,0.000100000000,8.0
1623945600002,2021-06-17T16:00:00.002000+00:00,0.000100000000,8.0
1623974400009,2021-06-18T00:00:00.009000+00:00,0.000053420000,8.0
1624003200014,2021-06-18T08:00:00.014000+00:00,0.000003450000,8.0
1624032000007,2021-06-18T16:00:00.007000+00:00,0.000100000000,8.0
1624060800003,2021-06-19T00:00:00.003000+00:00,-0.000052050000,8.0
1624089600001,2021-06-19T08:00:00.001000+00:00,-0.000094410000,8.0
1624118400000,2021-06-19T16:00:00+00:00,0.000074750000,8.0
1624147200005,2021-06-20T00:00:00.005000+00:00,0.000100000000,8.0
1624176000000,2021-06-20T08:00:00+00:00,0.000100000000,8.0
1624204800002,2021-06-20T16:00:00.002000+00:00,-0.000184370000,8.0
1624233600019,2021-06-21T00:00:00.019000+00:00,-0.000016170000,8.0
1624262400000,2021-06-21T08:00:00+00:00,0.000100000000,8.0
1624291200024,2021-06-21T16:00:00.024000+00:00,-0.000198540000,8.0
1624320000008,2021-06-22T00:00:00.008000+00:00,0.000079470000,8.0
1624348800009,2021-06-22T08:00:00.009000+00:00,0.000100000000,8.0
1624377600001,2021-06-22T16:00:00.001000+00:00,-0.000328060000,8.0
1624406400003,2021-06-23T00:00:00.003000+00:00,0.000000670000,8.0
1624435200000,2021-06-23T08:00:00+00:00,-0.000136930000,8.0
1624464000000,2021-06-23T16:00:00+00:00,-0.000198950000,8.0
1624492800009,2021-06-24T00:00:00.009000+00:00,-0.000077850000,8.0
1624521600018,2021-06-24T08:00:00.018000+00:00,0.000100000000,8.0
1624550400001,2021-06-24T16:00:00.001000+00:00,-0.000188630000,8.0
1624579200009,2021-06-25T00:00:00.009000+00:00,0.000023720000,8.0
1624608000004,2021-06-25T08:00:00.004000+00:00,0.000100000000,8.0
1624636800000,2021-06-25T16:00:00+00:00,0.000100000000,8.0
1624665600007,2021-06-26T00:00:00.007000+00:00,-0.000110290000,8.0
1624694400000,2021-06-26T08:00:00+00:00,-0.000131210000,8.0
1624723200002,2021-06-26T16:00:00.002000+00:00,-0.000103710000,8.0
1624752000005,2021-06-27T00:00:00.005000+00:00,-0.000235780000,8.0
1624780800010,2021-06-27T08:00:00.010000+00:00,-0.000529050000,8.0
1624809600001,2021-06-27T16:00:00.001000+00:00,-0.000261020000,8.0
1624838400025,2021-06-28T00:00:00.025000+00:00,-0.000029140000,8.0
1624867200017,2021-06-28T08:00:00.017000+00:00,0.000033120000,8.0
1624896000007,2021-06-28T16:00:00.007000+00:00,0.000100000000,8.0
1624924800008,2021-06-29T00:00:00.008000+00:00,0.000083460000,8.0
1624953600000,2021-06-29T08:00:00+00:00,0.000100000000,8.0
1624982400000,2021-06-29T16:00:00+00:00,0.000038830000,8.0
1625011200011,2021-06-30T00:00:00.011000+00:00,0.000100000000,8.0
1625040000044,2021-06-30T08:00:00.044000+00:00,0.000100000000,8.0
1625068800005,2021-06-30T16:00:00.005000+00:00,0.000100000000,8.0
1625097600000,2021-07-01T00:00:00+00:00,0.000100000000,8.0
1625126400004,2021-07-01T08:00:00.004000+00:00,0.000100000000,8.0
1625155200028,2021-07-01T16:00:00.028000+00:00,0.000100000000,8.0
1625184000002,2021-07-02T00:00:00.002000+00:00,0.000083040000,8.0
1625212800016,2021-07-02T08:00:00.016000+00:00,0.000100000000,8.0
1625241600007,2021-07-02T16:00:00.007000+00:00,-0.000121870000,8.0
1625270400008,2021-07-03T00:00:00.008000+00:00,-0.000048660000,8.0
1625299200000,2021-07-03T08:00:00+00:00,-0.000135500000,8.0
1625328000004,2021-07-03T16:00:00.004000+00:00,0.000035300000,8.0
1625356800012,2021-07-04T00:00:00.012000+00:00,0.000032350000,8.0
1625385600002,2021-07-04T08:00:00.002000+00:00,-0.000152700000,8.0
1625414400003,2021-07-04T16:00:00.003000+00:00,0.000044280000,8.0
1625443200004,2021-07-05T00:00:00.004000+00:00,0.000100000000,8.0
1625472000000,2021-07-05T08:00:00+00:00,0.000100000000,8.0
1625500800009,2021-07-05T16:00:00.009000+00:00,-0.000104400000,8.0
1625529600008,2021-07-06T00:00:00.008000+00:00,-0.000006810000,8.0
1625558400019,2021-07-06T08:00:00.019000+00:00,-0.000111400000,8.0
1625587200000,2021-07-06T16:00:00+00:00,-0.000082130000,8.0
1625616000007,2021-07-07T00:00:00.007000+00:00,-0.000133620000,8.0
1625644800001,2021-07-07T08:00:00.001000+00:00,0.000100000000,8.0
1625673600008,2021-07-07T16:00:00.008000+00:00,0.000100000000,8.0
1625702400002,2021-07-08T00:00:00.002000+00:00,0.000013820000,8.0
1625731200010,2021-07-08T08:00:00.010000+00:00,-0.000064030000,8.0
1625760000003,2021-07-08T16:00:00.003000+00:00,-0.000280800000,8.0
1625788800000,2021-07-09T00:00:00+00:00,-0.000108850000,8.0
1625817600006,2021-07-09T08:00:00.006000+00:00,-0.000173640000,8.0
1625846400000,2021-07-09T16:00:00+00:00,-0.000188450000,8.0
1625875200002,2021-07-10T00:00:00.002000+00:00,-0.000000810000,8.0
1625904000000,2021-07-10T08:00:00+00:00,0.000078470000,8.0
1625932800001,2021-07-10T16:00:00.001000+00:00,0.000000720000,8.0
1625961600001,2021-07-11T00:00:00.001000+00:00,0.000077850000,8.0
1625990400025,2021-07-11T08:00:00.025000+00:00,0.000100000000,8.0
1626019200006,2021-07-11T16:00:00.006000+00:00,-0.000033730000,8.0
1626048000000,2021-07-12T00:00:00+00:00,0.000088510000,8.0
1626076800021,2021-07-12T08:00:00.021000+00:00,0.000034630000,8.0
1626105600000,2021-07-12T16:00:00+00:00,0.000100000000,8.0
1626134400000,2021-07-13T00:00:00+00:00,0.000100000000,8.0
1626163200013,2021-07-13T08:00:00.013000+00:00,0.000100000000,8.0
1626192000005,2021-07-13T16:00:00.005000+00:00,0.000000520000,8.0
1626220800000,2021-07-14T00:00:00+00:00,0.000100000000,8.0
1626249600000,2021-07-14T08:00:00+00:00,0.000013170000,8.0
1626278400005,2021-07-14T16:00:00.005000+00:00,-0.000117530000,8.0
1626307200005,2021-07-15T00:00:00.005000+00:00,-0.000048830000,8.0
1626336000001,2021-07-15T08:00:00.001000+00:00,0.000100000000,8.0
1626364800000,2021-07-15T16:00:00+00:00,0.000015760000,8.0
1626393600000,2021-07-16T00:00:00+00:00,-0.000115290000,8.0
1626422400000,2021-07-16T08:00:00+00:00,0.000061050000,8.0
1626451200001,2021-07-16T16:00:00.001000+00:00,0.000010730000,8.0
1626480000004,2021-07-17T00:00:00.004000+00:00,0.000100000000,8.0
1626508800009,2021-07-17T08:00:00.009000+00:00,-0.000043430000,8.0
1626537600006,2021-07-17T16:00:00.006000+00:00,0.000023650000,8.0
1626566400000,2021-07-18T00:00:00+00:00,0.000100000000,8.0
1626595200001,2021-07-18T08:00:00.001000+00:00,0.000100000000,8.0
1626624000003,2021-07-18T16:00:00.003000+00:00,-0.000044340000,8.0
1626652800002,2021-07-19T00:00:00.002000+00:00,-0.000075100000,8.0
1626681600006,2021-07-19T08:00:00.006000+00:00,0.000031830000,8.0
1626710400006,2021-07-19T16:00:00.006000+00:00,-0.000012300000,8.0
1626739200002,2021-07-20T00:00:00.002000+00:00,-0.000156870000,8.0
1626768000011,2021-07-20T08:00:00.011000+00:00,-0.000125690000,8.0
1626796800001,2021-07-20T16:00:00.001000+00:00,-0.000189390000,8.0
1626825600022,2021-07-21T00:00:00.022000+00:00,-0.000228690000,8.0
1626854400000,2021-07-21T08:00:00+00:00,-0.000391390000,8.0
1626883200018,2021-07-21T16:00:00.018000+00:00,-0.000323140000,8.0
1626912000002,2021-07-22T00:00:00.002000+00:00,-0.000162610000,8.0
1626940800006,2021-07-22T08:00:00.006000+00:00,0.000013620000,8.0
1626969600010,2021-07-22T16:00:00.010000+00:00,0.000013740000,8.0
1626998400013,2021-07-23T00:00:00.013000+00:00,0.000003440000,8.0
1627027200000,2021-07-23T08:00:00+00:00,-0.000169850000,8.0
1627056000005,2021-07-23T16:00:00.005000+00:00,-0.000009900000,8.0
1627084800000,2021-07-24T00:00:00+00:00,-0.000072460000,8.0
1627113600002,2021-07-24T08:00:00.002000+00:00,-0.000133790000,8.0
1627142400001,2021-07-24T16:00:00.001000+00:00,-0.000106030000,8.0
1627171200003,2021-07-25T00:00:00.003000+00:00,-0.000256850000,8.0
1627200000015,2021-07-25T08:00:00.015000+00:00,-0.000217080000,8.0
1627228800000,2021-07-25T16:00:00+00:00,-0.000051980000,8.0
1627257600000,2021-07-26T00:00:00+00:00,-0.000548410000,8.0
1627286400000,2021-07-26T08:00:00+00:00,0.000100000000,8.0
1627315200000,2021-07-26T16:00:00+00:00,0.000100000000,8.0
1627344000046,2021-07-27T00:00:00.046000+00:00,0.000100000000,8.0
1627372800014,2021-07-27T08:00:00.014000+00:00,0.000100000000,8.0
1627401600007,2021-07-27T16:00:00.007000+00:00,-0.000022480000,8.0
1627430400000,2021-07-28T00:00:00+00:00,-0.000020370000,8.0
1627459200002,2021-07-28T08:00:00.002000+00:00,0.000100000000,8.0
1627488000005,2021-07-28T16:00:00.005000+00:00,0.000100000000,8.0
1627516800004,2021-07-29T00:00:00.004000+00:00,0.000014930000,8.0
1627545600000,2021-07-29T08:00:00+00:00,0.000082760000,8.0
1627574400007,2021-07-29T16:00:00.007000+00:00,0.000100000000,8.0
1627603200004,2021-07-30T00:00:00.004000+00:00,0.000100000000,8.0
1627632000000,2021-07-30T08:00:00+00:00,0.000100000000,8.0
1627660800000,2021-07-30T16:00:00+00:00,-0.000023770000,8.0
1627689600000,2021-07-31T00:00:00+00:00,0.000100000000,8.0
1627718400014,2021-07-31T08:00:00.014000+00:00,0.000100000000,8.0
1627747200003,2021-07-31T16:00:00.003000+00:00,0.000100000000,8.0
1627776000005,2021-08-01T00:00:00.005000+00:00,0.000100000000,8.0
1627804800016,2021-08-01T08:00:00.016000+00:00,0.000100000000,8.0
1627833600001,2021-08-01T16:00:00.001000+00:00,0.000100000000,8.0
1627862400000,2021-08-02T00:00:00+00:00,0.000100000000,8.0
1627891200014,2021-08-02T08:00:00.014000+00:00,0.000100000000,8.0
1627920000021,2021-08-02T16:00:00.021000+00:00,0.000100000000,8.0
1627948800000,2021-08-03T00:00:00+00:00,0.000100000000,8.0
1627977600000,2021-08-03T08:00:00+00:00,0.000100000000,8.0
1628006400009,2021-08-03T16:00:00.009000+00:00,0.000100000000,8.0
1628035200000,2021-08-04T00:00:00+00:00,0.000100000000,8.0
1628064000000,2021-08-04T08:00:00+00:00,0.000100000000,8.0
1628092800003,2021-08-04T16:00:00.003000+00:00,0.000012720000,8.0
1628121600000,2021-08-05T00:00:00+00:00,0.000100000000,8.0
1628150400000,2021-08-05T08:00:00+00:00,0.000100000000,8.0
1628179200001,2021-08-05T16:00:00.001000+00:00,0.000100000000,8.0
1628208000000,2021-08-06T00:00:00+00:00,0.000100000000,8.0
1628236800004,2021-08-06T08:00:00.004000+00:00,0.000100000000,8.0
1628265600003,2021-08-06T16:00:00.003000+00:00,0.000100000000,8.0
1628294400015,2021-08-07T00:00:00.015000+00:00,0.000100000000,8.0
1628323200001,2021-08-07T08:00:00.001000+00:00,0.000100000000,8.0
1628352000002,2021-08-07T16:00:00.002000+00:00,0.000100000000,8.0
1628380800000,2021-08-08T00:00:00+00:00,0.000100000000,8.0
1628409600002,2021-08-08T08:00:00.002000+00:00,0.000100000000,8.0
1628438400018,2021-08-08T16:00:00.018000+00:00,0.000100000000,8.0
1628467200000,2021-08-09T00:00:00+00:00,0.000100000000,8.0
1628496000000,2021-08-09T08:00:00+00:00,0.000100000000,8.0
1628524800002,2021-08-09T16:00:00.002000+00:00,0.000100000000,8.0
1628553600000,2021-08-10T00:00:00+00:00,0.000100000000,8.0
1628582400003,2021-08-10T08:00:00.003000+00:00,0.000100000000,8.0
1628611200000,2021-08-10T16:00:00+00:00,0.000100000000,8.0
1628640000006,2021-08-11T00:00:00.006000+00:00,0.000100000000,8.0
1628668800003,2021-08-11T08:00:00.003000+00:00,0.000100000000,8.0
1628697600000,2021-08-11T16:00:00+00:00,0.000100000000,8.0
1628726400013,2021-08-12T00:00:00.013000+00:00,0.000100000000,8.0
1628755200001,2021-08-12T08:00:00.001000+00:00,0.000100000000,8.0
1628784000000,2021-08-12T16:00:00+00:00,0.000100000000,8.0
1628812800000,2021-08-13T00:00:00+00:00,0.000100000000,8.0
1628841600000,2021-08-13T08:00:00+00:00,0.000100000000,8.0
1628870400002,2021-08-13T16:00:00.002000+00:00,0.000100000000,8.0
1628899200006,2021-08-14T00:00:00.006000+00:00,0.000100000000,8.0
1628928000000,2021-08-14T08:00:00+00:00,0.000100000000,8.0
1628956800000,2021-08-14T16:00:00+00:00,0.000100000000,8.0
1628985600003,2021-08-15T00:00:00.003000+00:00,0.000100000000,8.0
1629014400000,2021-08-15T08:00:00+00:00,0.000100000000,8.0
1629043200007,2021-08-15T16:00:00.007000+00:00,0.000100000000,8.0
1629072000012,2021-08-16T00:00:00.012000+00:00,0.000100000000,8.0
1629100800003,2021-08-16T08:00:00.003000+00:00,0.000100000000,8.0
1629129600010,2021-08-16T16:00:00.010000+00:00,0.000139240000,8.0
1629158400018,2021-08-17T00:00:00.018000+00:00,0.000100000000,8.0
1629187200015,2021-08-17T08:00:00.015000+00:00,0.000100000000,8.0
1629216000006,2021-08-17T16:00:00.006000+00:00,0.000100000000,8.0
1629244800000,2021-08-18T00:00:00+00:00,0.000100000000,8.0
1629273600000,2021-08-18T08:00:00+00:00,0.000100000000,8.0
1629302400011,2021-08-18T16:00:00.011000+00:00,0.000100000000,8.0
1629331200000,2021-08-19T00:00:00+00:00,0.000100000000,8.0
1629360000014,2021-08-19T08:00:00.014000+00:00,0.000100000000,8.0
1629388800000,2021-08-19T16:00:00+00:00,0.000100000000,8.0
1629417600000,2021-08-20T00:00:00+00:00,0.000100000000,8.0
1629446400001,2021-08-20T08:00:00.001000+00:00,0.000114830000,8.0
1629475200001,2021-08-20T16:00:00.001000+00:00,0.000142780000,8.0
1629504000005,2021-08-21T00:00:00.005000+00:00,0.000100000000,8.0
1629532800001,2021-08-21T08:00:00.001000+00:00,0.000200130000,8.0
1629561600000,2021-08-21T16:00:00+00:00,0.000166940000,8.0
1629590400005,2021-08-22T00:00:00.005000+00:00,0.000100000000,8.0
1629619200007,2021-08-22T08:00:00.007000+00:00,0.000100000000,8.0
1629648000002,2021-08-22T16:00:00.002000+00:00,0.000148130000,8.0
1629676800003,2021-08-23T00:00:00.003000+00:00,0.000100000000,8.0
1629705600005,2021-08-23T08:00:00.005000+00:00,0.000391800000,8.0
1629734400002,2021-08-23T16:00:00.002000+00:00,0.000239830000,8.0
1629763200006,2021-08-24T00:00:00.006000+00:00,0.000293000000,8.0
1629792000004,2021-08-24T08:00:00.004000+00:00,0.000100000000,8.0
1629820800000,2021-08-24T16:00:00+00:00,0.000413480000,8.0
1629849600015,2021-08-25T00:00:00.015000+00:00,0.000195680000,8.0
1629878400000,2021-08-25T08:00:00+00:00,0.000100000000,8.0
1629907200000,2021-08-25T16:00:00+00:00,0.000100000000,8.0
1629936000001,2021-08-26T00:00:00.001000+00:00,0.000100000000,8.0
1629964800016,2021-08-26T08:00:00.016000+00:00,0.000218650000,8.0
1629993600004,2021-08-26T16:00:00.004000+00:00,0.000100000000,8.0
1630022400013,2021-08-27T00:00:00.013000+00:00,0.000100000000,8.0
1630051200001,2021-08-27T08:00:00.001000+00:00,0.000100000000,8.0
1630080000004,2021-08-27T16:00:00.004000+00:00,0.000100000000,8.0
1630108800000,2021-08-28T00:00:00+00:00,0.000100000000,8.0
1630137600000,2021-08-28T08:00:00+00:00,0.000322400000,8.0
1630166400000,2021-08-28T16:00:00+00:00,0.000231370000,8.0
1630195200000,2021-08-29T00:00:00+00:00,0.000100000000,8.0
1630224000002,2021-08-29T08:00:00.002000+00:00,0.000100000000,8.0
1630252800005,2021-08-29T16:00:00.005000+00:00,0.000100000000,8.0
1630281600013,2021-08-30T00:00:00.013000+00:00,0.000100000000,8.0
1630310400008,2021-08-30T08:00:00.008000+00:00,0.000100000000,8.0
1630339200000,2021-08-30T16:00:00+00:00,0.000225500000,8.0
1630368000000,2021-08-31T00:00:00+00:00,0.000361620000,8.0
1630396800007,2021-08-31T08:00:00.007000+00:00,0.000277950000,8.0
1630425600003,2021-08-31T16:00:00.003000+00:00,0.000233540000,8.0
1630454400000,2021-09-01T00:00:00+00:00,0.000446180000,8.0
1630483200006,2021-09-01T08:00:00.006000+00:00,0.000272560000,8.0
1630512000000,2021-09-01T16:00:00+00:00,0.000339670000,8.0
1630540800009,2021-09-02T00:00:00.009000+00:00,0.000405200000,8.0
1630569600006,2021-09-02T08:00:00.006000+00:00,0.000486900000,8.0
1630598400007,2021-09-02T16:00:00.007000+00:00,0.000574050000,8.0
1630627200011,2021-09-03T00:00:00.011000+00:00,0.000478560000,8.0
1630656000000,2021-09-03T08:00:00+00:00,0.000333750000,8.0
1630684800002,2021-09-03T16:00:00.002000+00:00,0.000243750000,8.0
1630713600003,2021-09-04T00:00:00.003000+00:00,0.000439280000,8.0
1630742400008,2021-09-04T08:00:00.008000+00:00,0.000117990000,8.0
1630771200009,2021-09-04T16:00:00.009000+00:00,0.000192190000,8.0
1630800000002,2021-09-05T00:00:00.002000+00:00,0.000100000000,8.0
1630828800002,2021-09-05T08:00:00.002000+00:00,0.000100000000,8.0
1630857600000,2021-09-05T16:00:00+00:00,0.000100000000,8.0
1630886400003,2021-09-06T00:00:00.003000+00:00,0.000267830000,8.0
1630915200008,2021-09-06T08:00:00.008000+00:00,0.000100000000,8.0
1630944000009,2021-09-06T16:00:00.009000+00:00,0.000100000000,8.0
1630972800004,2021-09-07T00:00:00.004000+00:00,0.000100000000,8.0
1631001600002,2021-09-07T08:00:00.002000+00:00,0.000100000000,8.0
1631030400001,2021-09-07T16:00:00.001000+00:00,0.000229770000,8.0
1631059200005,2021-09-08T00:00:00.005000+00:00,0.000100000000,8.0
1631088000000,2021-09-08T08:00:00+00:00,0.000100000000,8.0
1631116800000,2021-09-08T16:00:00+00:00,0.000100000000,8.0
1631145600006,2021-09-09T00:00:00.006000+00:00,0.000100000000,8.0
1631174400014,2021-09-09T08:00:00.014000+00:00,0.000100000000,8.0
1631203200002,2021-09-09T16:00:00.002000+00:00,0.000100000000,8.0
1631232000001,2021-09-10T00:00:00.001000+00:00,0.000100000000,8.0
1631260800018,2021-09-10T08:00:00.018000+00:00,0.000100000000,8.0
1631289600006,2021-09-10T16:00:00.006000+00:00,0.000111150000,8.0
1631318400000,2021-09-11T00:00:00+00:00,0.000100000000,8.0
1631347200001,2021-09-11T08:00:00.001000+00:00,0.000100000000,8.0
1631376000000,2021-09-11T16:00:00+00:00,0.000100000000,8.0
1631404800000,2021-09-12T00:00:00+00:00,0.000100000000,8.0
1631433600002,2021-09-12T08:00:00.002000+00:00,0.000100000000,8.0
1631462400000,2021-09-12T16:00:00+00:00,0.000100000000,8.0
1631491200000,2021-09-13T00:00:00+00:00,0.000100000000,8.0
1631520000007,2021-09-13T08:00:00.007000+00:00,0.000100000000,8.0
1631548800005,2021-09-13T16:00:00.005000+00:00,0.000100000000,8.0
1631577600002,2021-09-14T00:00:00.002000+00:00,0.000100000000,8.0
1631606400000,2021-09-14T08:00:00+00:00,0.000100000000,8.0
1631635200007,2021-09-14T16:00:00.007000+00:00,0.000100000000,8.0
1631664000012,2021-09-15T00:00:00.012000+00:00,0.000100000000,8.0
1631692800003,2021-09-15T08:00:00.003000+00:00,0.000100000000,8.0
1631721600006,2021-09-15T16:00:00.006000+00:00,0.000100000000,8.0
1631750400008,2021-09-16T00:00:00.008000+00:00,0.000100000000,8.0
1631779200005,2021-09-16T08:00:00.005000+00:00,0.000100000000,8.0
1631808000002,2021-09-16T16:00:00.002000+00:00,0.000100000000,8.0
1631836800000,2021-09-17T00:00:00+00:00,0.000100000000,8.0
1631865600047,2021-09-17T08:00:00.047000+00:00,0.000100000000,8.0
1631894400013,2021-09-17T16:00:00.013000+00:00,0.000100000000,8.0
1631923200000,2021-09-18T00:00:00+00:00,0.000100000000,8.0
1631952000010,2021-09-18T08:00:00.010000+00:00,0.000100000000,8.0
1631980800005,2021-09-18T16:00:00.005000+00:00,0.000100000000,8.0
1632009600006,2021-09-19T00:00:00.006000+00:00,0.000100000000,8.0
1632038400015,2021-09-19T08:00:00.015000+00:00,0.000100000000,8.0
1632067200007,2021-09-19T16:00:00.007000+00:00,0.000100000000,8.0
1632096000018,2021-09-20T00:00:00.018000+00:00,0.000100000000,8.0
1632124800000,2021-09-20T08:00:00+00:00,0.000100000000,8.0
1632153600005,2021-09-20T16:00:00.005000+00:00,0.000100000000,8.0
1632182400005,2021-09-21T00:00:00.005000+00:00,0.000100000000,8.0
1632211200007,2021-09-21T08:00:00.007000+00:00,0.000100000000,8.0
1632240000000,2021-09-21T16:00:00+00:00,0.000100000000,8.0
1632268800005,2021-09-22T00:00:00.005000+00:00,0.000100000000,8.0
1632297600006,2021-09-22T08:00:00.006000+00:00,0.000100000000,8.0
1632326400000,2021-09-22T16:00:00+00:00,0.000100000000,8.0
1632355200003,2021-09-23T00:00:00.003000+00:00,0.000047440000,8.0
1632384000000,2021-09-23T08:00:00+00:00,0.000078350000,8.0
1632412800007,2021-09-23T16:00:00.007000+00:00,0.000100000000,8.0
1632441600000,2021-09-24T00:00:00+00:00,-0.000078560000,8.0
1632470400017,2021-09-24T08:00:00.017000+00:00,-0.000085360000,8.0
1632499200000,2021-09-24T16:00:00+00:00,0.000039780000,8.0
1632528000007,2021-09-25T00:00:00.007000+00:00,0.000100000000,8.0
1632556800002,2021-09-25T08:00:00.002000+00:00,0.000056290000,8.0
1632585600004,2021-09-25T16:00:00.004000+00:00,0.000100000000,8.0
1632614400013,2021-09-26T00:00:00.013000+00:00,0.000024570000,8.0
1632643200000,2021-09-26T08:00:00+00:00,0.000100000000,8.0
1632672000005,2021-09-26T16:00:00.005000+00:00,-0.000016860000,8.0
1632700800000,2021-09-27T00:00:00+00:00,0.000100000000,8.0
1632729600001,2021-09-27T08:00:00.001000+00:00,0.000100000000,8.0
1632758400000,2021-09-27T16:00:00+00:00,0.000100000000,8.0
1632787200000,2021-09-28T00:00:00+00:00,0.000025490000,8.0
1632816000014,2021-09-28T08:00:00.014000+00:00,0.000033180000,8.0
1632844800000,2021-09-28T16:00:00+00:00,0.000097560000,8.0
1632873600000,2021-09-29T00:00:00+00:00,0.000044480000,8.0
1632902400002,2021-09-29T08:00:00.002000+00:00,0.000037570000,8.0
1632931200000,2021-09-29T16:00:00+00:00,0.000056610000,8.0
1632960000000,2021-09-30T00:00:00+00:00,0.000100000000,8.0
1632988800004,2021-09-30T08:00:00.004000+00:00,0.000100000000,8.0
1633017600005,2021-09-30T16:00:00.005000+00:00,0.000092350000,8.0
1633046400012,2021-10-01T00:00:00.012000+00:00,0.000022020000,8.0
1633075200008,2021-10-01T08:00:00.008000+00:00,-0.000026930000,8.0
1633104000000,2021-10-01T16:00:00+00:00,0.000100000000,8.0
1633132800000,2021-10-02T00:00:00+00:00,0.000052770000,8.0
1633161600002,2021-10-02T08:00:00.002000+00:00,0.000035190000,8.0
1633190400011,2021-10-02T16:00:00.011000+00:00,0.000059380000,8.0
1633219200019,2021-10-03T00:00:00.019000+00:00,0.000100000000,8.0
1633248000011,2021-10-03T08:00:00.011000+00:00,0.000100000000,8.0
1633276800004,2021-10-03T16:00:00.004000+00:00,0.000100000000,8.0
1633305600004,2021-10-04T00:00:00.004000+00:00,0.000100000000,8.0
1633334400000,2021-10-04T08:00:00+00:00,0.000100000000,8.0
1633363200000,2021-10-04T16:00:00+00:00,0.000100000000,8.0
1633392000007,2021-10-05T00:00:00.007000+00:00,0.000100000000,8.0
1633420800007,2021-10-05T08:00:00.007000+00:00,-0.000024270000,8.0
1633449600004,2021-10-05T16:00:00.004000+00:00,0.000001610000,8.0
1633478400002,2021-10-06T00:00:00.002000+00:00,0.000100000000,8.0
1633507200000,2021-10-06T08:00:00+00:00,0.000100000000,8.0
1633536000003,2021-10-06T16:00:00.003000+00:00,0.000100000000,8.0
1633564800007,2021-10-07T00:00:00.007000+00:00,0.000100000000,8.0
1633593600002,2021-10-07T08:00:00.002000+00:00,0.000291800000,8.0
1633622400000,2021-10-07T16:00:00+00:00,0.000326690000,8.0
1633651200011,2021-10-08T00:00:00.011000+00:00,0.000333790000,8.0
1633680000003,2021-10-08T08:00:00.003000+00:00,0.000233550000,8.0
1633708800002,2021-10-08T16:00:00.002000+00:00,0.000134170000,8.0
1633737600006,2021-10-09T00:00:00.006000+00:00,0.000100000000,8.0
1633766400003,2021-10-09T08:00:00.003000+00:00,0.000100000000,8.0
1633795200000,2021-10-09T16:00:00+00:00,0.000157170000,8.0
1633824000000,2021-10-10T00:00:00+00:00,0.000100000000,8.0
1633852800008,2021-10-10T08:00:00.008000+00:00,0.000209060000,8.0
1633881600000,2021-10-10T16:00:00+00:00,0.000100000000,8.0
1633910400002,2021-10-11T00:00:00.002000+00:00,0.000100000000,8.0
1633939200001,2021-10-11T08:00:00.001000+00:00,0.000100000000,8.0
1633968000006,2021-10-11T16:00:00.006000+00:00,0.000100000000,8.0
1633996800008,2021-10-12T00:00:00.008000+00:00,0.000100000000,8.0
1634025600013,2021-10-12T08:00:00.013000+00:00,0.000100000000,8.0
1634054400003,2021-10-12T16:00:00.003000+00:00,0.000100000000,8.0
1634083200003,2021-10-13T00:00:00.003000+00:00,0.000100000000,8.0
1634112000015,2021-10-13T08:00:00.015000+00:00,0.000100000000,8.0
1634140800000,2021-10-13T16:00:00+00:00,0.000100000000,8.0
1634169600011,2021-10-14T00:00:00.011000+00:00,0.000100000000,8.0
1634198400017,2021-10-14T08:00:00.017000+00:00,0.000227970000,8.0
1634227200000,2021-10-14T16:00:00+00:00,0.000172820000,8.0
1634256000005,2021-10-15T00:00:00.005000+00:00,0.000100000000,8.0
1634284800002,2021-10-15T08:00:00.002000+00:00,0.000366850000,8.0
1634313600005,2021-10-15T16:00:00.005000+00:00,0.000100000000,8.0
1634342400009,2021-10-16T00:00:00.009000+00:00,0.000480840000,8.0
1634371200000,2021-10-16T08:00:00+00:00,0.000278760000,8.0
1634400000003,2021-10-16T16:00:00.003000+00:00,0.000433030000,8.0
1634428800001,2021-10-17T00:00:00.001000+00:00,0.000312810000,8.0
1634457600002,2021-10-17T08:00:00.002000+00:00,0.000401310000,8.0
1634486400002,2021-10-17T16:00:00.002000+00:00,0.000442500000,8.0
1634515200006,2021-10-18T00:00:00.006000+00:00,0.000384150000,8.0
1634544000004,2021-10-18T08:00:00.004000+00:00,0.000222270000,8.0
1634572800001,2021-10-18T16:00:00.001000+00:00,0.000100000000,8.0
1634601600002,2021-10-19T00:00:00.002000+00:00,0.000100000000,8.0
1634630400000,2021-10-19T08:00:00+00:00,0.000149740000,8.0
1634659200000,2021-10-19T16:00:00+00:00,0.000100000000,8.0
1634688000017,2021-10-20T00:00:00.017000+00:00,0.000100000000,8.0
1634716800004,2021-10-20T08:00:00.004000+00:00,0.000100000000,8.0
1634745600020,2021-10-20T16:00:00.020000+00:00,0.000632370000,8.0
1634774400000,2021-10-21T00:00:00+00:00,0.000689270000,8.0
1634803200000,2021-10-21T08:00:00+00:00,0.000571240000,8.0
1634832000008,2021-10-21T16:00:00.008000+00:00,0.000621830000,8.0
1634860800005,2021-10-22T00:00:00.005000+00:00,0.000334870000,8.0
1634889600005,2021-10-22T08:00:00.005000+00:00,0.000245090000,8.0
1634918400018,2021-10-22T16:00:00.018000+00:00,0.000332220000,8.0
1634947200005,2021-10-23T00:00:00.005000+00:00,0.000261830000,8.0
1634976000001,2021-10-23T08:00:00.001000+00:00,0.000148540000,8.0
1635004800004,2021-10-23T16:00:00.004000+00:00,0.000173900000,8.0
1635033600006,2021-10-24T00:00:00.006000+00:00,0.000303350000,8.0
1635062400012,2021-10-24T08:00:00.012000+00:00,0.000372380000,8.0
1635091200001,2021-10-24T16:00:00.001000+00:00,0.000328620000,8.0
1635120000012,2021-10-25T00:00:00.012000+00:00,0.000487770000,8.0
1635148800002,2021-10-25T08:00:00.002000+00:00,0.000200280000,8.0
1635177600022,2021-10-25T16:00:00.022000+00:00,0.000178610000,8.0
1635206400005,2021-10-26T00:00:00.005000+00:00,0.000409920000,8.0
1635235200016,2021-10-26T08:00:00.016000+00:00,0.000606380000,8.0
1635264000000,2021-10-26T16:00:00+00:00,0.000559950000,8.0
1635292800004,2021-10-27T00:00:00.004000+00:00,0.000331750000,8.0
1635321600000,2021-10-27T08:00:00+00:00,0.000303090000,8.0
1635350400002,2021-10-27T16:00:00.002000+00:00,0.000230170000,8.0
1635379200002,2021-10-28T00:00:00.002000+00:00,0.000155740000,8.0
1635408000000,2021-10-28T08:00:00+00:00,0.000100000000,8.0
1635436800005,2021-10-28T16:00:00.005000+00:00,0.000137820000,8.0
1635465600000,2021-10-29T00:00:00+00:00,0.000235200000,8.0
1635494400007,2021-10-29T08:00:00.007000+00:00,0.000241220000,8.0
1635523200001,2021-10-29T16:00:00.001000+00:00,0.000179680000,8.0
1635552000000,2021-10-30T00:00:00+00:00,0.000169720000,8.0
1635580800001,2021-10-30T08:00:00.001000+00:00,0.000384830000,8.0
1635609600013,2021-10-30T16:00:00.013000+00:00,0.000231810000,8.0
1635638400008,2021-10-31T00:00:00.008000+00:00,0.000190880000,8.0
1635667200010,2021-10-31T08:00:00.010000+00:00,0.000489150000,8.0
1635696000001,2021-10-31T16:00:00.001000+00:00,0.000438740000,8.0
1635724800009,2021-11-01T00:00:00.009000+00:00,0.000325540000,8.0
1635753600014,2021-11-01T08:00:00.014000+00:00,0.000314370000,8.0
1635782400001,2021-11-01T16:00:00.001000+00:00,0.000568120000,8.0
1635811200000,2021-11-02T00:00:00+00:00,0.000155240000,8.0
1635840000007,2021-11-02T08:00:00.007000+00:00,0.000332160000,8.0
1635868800010,2021-11-02T16:00:00.010000+00:00,0.000477970000,8.0
1635897600019,2021-11-03T00:00:00.019000+00:00,0.000820700000,8.0
1635926400000,2021-11-03T08:00:00+00:00,0.000439650000,8.0
1635955200005,2021-11-03T16:00:00.005000+00:00,0.000313990000,8.0
1635984000006,2021-11-04T00:00:00.006000+00:00,0.000459870000,8.0
1636012800004,2021-11-04T08:00:00.004000+00:00,0.000507500000,8.0
1636041600004,2021-11-04T16:00:00.004000+00:00,0.000463680000,8.0
1636070400000,2021-11-05T00:00:00+00:00,0.000183720000,8.0
1636099200013,2021-11-05T08:00:00.013000+00:00,0.000185680000,8.0
1636128000016,2021-11-05T16:00:00.016000+00:00,0.000411670000,8.0
1636156800010,2021-11-06T00:00:00.010000+00:00,0.000531550000,8.0
1636185600000,2021-11-06T08:00:00+00:00,0.000453260000,8.0
1636214400007,2021-11-06T16:00:00.007000+00:00,0.000376870000,8.0
1636243200013,2021-11-07T00:00:00.013000+00:00,0.000172440000,8.0
1636272000005,2021-11-07T08:00:00.005000+00:00,0.000362770000,8.0
1636300800004,2021-11-07T16:00:00.004000+00:00,0.000374380000,8.0
1636329600001,2021-11-08T00:00:00.001000+00:00,0.000258610000,8.0
1636358400000,2021-11-08T08:00:00+00:00,0.000493280000,8.0
1636387200000,2021-11-08T16:00:00+00:00,0.000487600000,8.0
1636416000000,2021-11-09T00:00:00+00:00,0.000386830000,8.0
1636444800014,2021-11-09T08:00:00.014000+00:00,0.000392510000,8.0
1636473600001,2021-11-09T16:00:00.001000+00:00,0.000678390000,8.0
1636502400000,2021-11-10T00:00:00+00:00,0.000376790000,8.0
1636531200003,2021-11-10T08:00:00.003000+00:00,0.000682120000,8.0
1636560000001,2021-11-10T16:00:00.001000+00:00,0.000575350000,8.0
1636588800008,2021-11-11T00:00:00.008000+00:00,0.000232110000,8.0
1636617600012,2021-11-11T08:00:00.012000+00:00,0.000100000000,8.0
1636646400007,2021-11-11T16:00:00.007000+00:00,0.000218120000,8.0
1636675200000,2021-11-12T00:00:00+00:00,0.000180080000,8.0
1636704000000,2021-11-12T08:00:00+00:00,0.000355430000,8.0
1636732800004,2021-11-12T16:00:00.004000+00:00,0.000368670000,8.0
1636761600000,2021-11-13T00:00:00+00:00,0.000154420000,8.0
1636790400004,2021-11-13T08:00:00.004000+00:00,0.000317320000,8.0
1636819200006,2021-11-13T16:00:00.006000+00:00,0.000218420000,8.0
1636848000010,2021-11-14T00:00:00.010000+00:00,0.000139620000,8.0
1636876800001,2021-11-14T08:00:00.001000+00:00,0.000100000000,8.0
1636905600000,2021-11-14T16:00:00+00:00,0.000130590000,8.0
1636934400008,2021-11-15T00:00:00.008000+00:00,0.000161260000,8.0
1636963200000,2021-11-15T08:00:00+00:00,0.000207450000,8.0
1636992000000,2021-11-15T16:00:00+00:00,0.000409890000,8.0
1637020800000,2021-11-16T00:00:00+00:00,0.000359980000,8.0
1637049600001,2021-11-16T08:00:00.001000+00:00,0.000100000000,8.0
1637078400018,2021-11-16T16:00:00.018000+00:00,0.000100000000,8.0
1637107200005,2021-11-17T00:00:00.005000+00:00,0.000100000000,8.0
1637136000007,2021-11-17T08:00:00.007000+00:00,0.000131550000,8.0
1637164800003,2021-11-17T16:00:00.003000+00:00,0.000100000000,8.0
1637193600017,2021-11-18T00:00:00.017000+00:00,0.000100000000,8.0
1637222400007,2021-11-18T08:00:00.007000+00:00,0.000100000000,8.0
1637251200011,2021-11-18T16:00:00.011000+00:00,0.000112350000,8.0
1637280000000,2021-11-19T00:00:00+00:00,0.000100000000,8.0
1637308800000,2021-11-19T08:00:00+00:00,0.000100000000,8.0
1637337600005,2021-11-19T16:00:00.005000+00:00,0.000100000000,8.0
1637366400012,2021-11-20T00:00:00.012000+00:00,0.000100000000,8.0
1637395200000,2021-11-20T08:00:00+00:00,0.000100000000,8.0
1637424000007,2021-11-20T16:00:00.007000+00:00,0.000100000000,8.0
1637452800000,2021-11-21T00:00:00+00:00,0.000100000000,8.0
1637481600006,2021-11-21T08:00:00.006000+00:00,0.000100000000,8.0
1637510400000,2021-11-21T16:00:00+00:00,0.000100000000,8.0
1637539200004,2021-11-22T00:00:00.004000+00:00,0.000100000000,8.0
1637568000000,2021-11-22T08:00:00+00:00,0.000100000000,8.0
1637596800000,2021-11-22T16:00:00+00:00,0.000100000000,8.0
1637625600004,2021-11-23T00:00:00.004000+00:00,0.000100000000,8.0
1637654400010,2021-11-23T08:00:00.010000+00:00,0.000128970000,8.0
1637683200005,2021-11-23T16:00:00.005000+00:00,0.000100000000,8.0
1637712000001,2021-11-24T00:00:00.001000+00:00,0.000100000000,8.0
1637740800003,2021-11-24T08:00:00.003000+00:00,0.000100000000,8.0
1637769600010,2021-11-24T16:00:00.010000+00:00,0.000120100000,8.0
1637798400000,2021-11-25T00:00:00+00:00,0.000145490000,8.0
1637827200010,2021-11-25T08:00:00.010000+00:00,0.000167750000,8.0
1637856000000,2021-11-25T16:00:00+00:00,0.000118880000,8.0
1637884800000,2021-11-26T00:00:00+00:00,0.000138630000,8.0
1637913600000,2021-11-26T08:00:00+00:00,0.000337410000,8.0
1637942400016,2021-11-26T16:00:00.016000+00:00,0.000100000000,8.0
1637971200005,2021-11-27T00:00:00.005000+00:00,0.000108240000,8.0
1638000000008,2021-11-27T08:00:00.008000+00:00,0.000100000000,8.0
1638028800007,2021-11-27T16:00:00.007000+00:00,0.000100000000,8.0
1638057600018,2021-11-28T00:00:00.018000+00:00,0.000100000000,8.0
1638086400000,2021-11-28T08:00:00+00:00,0.000100000000,8.0
1638115200004,2021-11-28T16:00:00.004000+00:00,0.000100000000,8.0
1638144000002,2021-11-29T00:00:00.002000+00:00,0.000100000000,8.0
1638172800004,2021-11-29T08:00:00.004000+00:00,0.000100000000,8.0
1638201600000,2021-11-29T16:00:00+00:00,0.000207740000,8.0
1638230400000,2021-11-30T00:00:00+00:00,0.000278100000,8.0
1638259200006,2021-11-30T08:00:00.006000+00:00,0.000100000000,8.0
1638288000000,2021-11-30T16:00:00+00:00,0.000100000000,8.0
1638316800000,2021-12-01T00:00:00+00:00,0.000126890000,8.0
1638345600000,2021-12-01T08:00:00+00:00,0.000291460000,8.0
1638374400001,2021-12-01T16:00:00.001000+00:00,0.000100000000,8.0
1638403200000,2021-12-02T00:00:00+00:00,0.000159510000,8.0
1638432000007,2021-12-02T08:00:00.007000+00:00,0.000100000000,8.0
1638460800008,2021-12-02T16:00:00.008000+00:00,0.000100000000,8.0
1638489600004,2021-12-03T00:00:00.004000+00:00,0.000100000000,8.0
1638518400002,2021-12-03T08:00:00.002000+00:00,0.000116860000,8.0
1638547200006,2021-12-03T16:00:00.006000+00:00,0.000271980000,8.0
1638576000006,2021-12-04T00:00:00.006000+00:00,0.000100000000,8.0
1638604800004,2021-12-04T08:00:00.004000+00:00,0.000062850000,8.0
1638633600000,2021-12-04T16:00:00+00:00,0.000028930000,8.0
1638662400003,2021-12-05T00:00:00.003000+00:00,0.000082720000,8.0
1638691200008,2021-12-05T08:00:00.008000+00:00,0.000090010000,8.0
1638720000007,2021-12-05T16:00:00.007000+00:00,0.000100000000,8.0
1638748800009,2021-12-06T00:00:00.009000+00:00,0.000100000000,8.0
1638777600001,2021-12-06T08:00:00.001000+00:00,0.000100000000,8.0
1638806400000,2021-12-06T16:00:00+00:00,0.000100000000,8.0
1638835200018,2021-12-07T00:00:00.018000+00:00,0.000100000000,8.0
1638864000000,2021-12-07T08:00:00+00:00,0.000039770000,8.0
1638892800000,2021-12-07T16:00:00+00:00,0.000100000000,8.0
1638921600000,2021-12-08T00:00:00+00:00,0.000100000000,8.0
1638950400018,2021-12-08T08:00:00.018000+00:00,0.000100000000,8.0
1638979200010,2021-12-08T16:00:00.010000+00:00,0.000100000000,8.0
1639008000010,2021-12-09T00:00:00.010000+00:00,0.000100000000,8.0
1639036800000,2021-12-09T08:00:00+00:00,0.000100000000,8.0
1639065600000,2021-12-09T16:00:00+00:00,0.000100000000,8.0
1639094400000,2021-12-10T00:00:00+00:00,0.000100000000,8.0
1639123200008,2021-12-10T08:00:00.008000+00:00,0.000100000000,8.0
1639152000012,2021-12-10T16:00:00.012000+00:00,0.000100000000,8.0
1639180800009,2021-12-11T00:00:00.009000+00:00,0.000100000000,8.0
1639209600008,2021-12-11T08:00:00.008000+00:00,0.000100000000,8.0
1639238400000,2021-12-11T16:00:00+00:00,0.000100000000,8.0
1639267200001,2021-12-12T00:00:00.001000+00:00,0.000100000000,8.0
1639296000015,2021-12-12T08:00:00.015000+00:00,0.000100000000,8.0
1639324800011,2021-12-12T16:00:00.011000+00:00,0.000100000000,8.0
1639353600006,2021-12-13T00:00:00.006000+00:00,0.000100000000,8.0
1639382400019,2021-12-13T08:00:00.019000+00:00,0.000100000000,8.0
1639411200000,2021-12-13T16:00:00+00:00,0.000100000000,8.0
1639440000004,2021-12-14T00:00:00.004000+00:00,-0.000004930000,8.0
1639468800000,2021-12-14T08:00:00+00:00,0.000100000000,8.0
1639497600015,2021-12-14T16:00:00.015000+00:00,0.000088380000,8.0
1639526400000,2021-12-15T00:00:00+00:00,0.000100000000,8.0
1639555200008,2021-12-15T08:00:00.008000+00:00,0.000100000000,8.0
1639584000005,2021-12-15T16:00:00.005000+00:00,0.000100000000,8.0
1639612800006,2021-12-16T00:00:00.006000+00:00,0.000100000000,8.0
1639641600009,2021-12-16T08:00:00.009000+00:00,0.000100000000,8.0
1639670400000,2021-12-16T16:00:00+00:00,0.000100000000,8.0
1639699200000,2021-12-17T00:00:00+00:00,0.000100000000,8.0
1639728000005,2021-12-17T08:00:00.005000+00:00,0.000100000000,8.0
1639756800006,2021-12-17T16:00:00.006000+00:00,0.000046780000,8.0
1639785600014,2021-12-18T00:00:00.014000+00:00,0.000091190000,8.0
1639814400012,2021-12-18T08:00:00.012000+00:00,0.000092210000,8.0
1639843200000,2021-12-18T16:00:00+00:00,0.000084020000,8.0
1639872000031,2021-12-19T00:00:00.031000+00:00,0.000070800000,8.0
1639900800000,2021-12-19T08:00:00+00:00,0.000100000000,8.0
1639929600003,2021-12-19T16:00:00.003000+00:00,0.000100000000,8.0
1639958400015,2021-12-20T00:00:00.015000+00:00,0.000100000000,8.0
1639987200007,2021-12-20T08:00:00.007000+00:00,0.000100000000,8.0
1640016000005,2021-12-20T16:00:00.005000+00:00,0.000100000000,8.0
1640044800003,2021-12-21T00:00:00.003000+00:00,0.000091840000,8.0
1640073600012,2021-12-21T08:00:00.012000+00:00,0.000100000000,8.0
1640102400005,2021-12-21T16:00:00.005000+00:00,0.000100000000,8.0
1640131200000,2021-12-22T00:00:00+00:00,0.000100000000,8.0
1640160000001,2021-12-22T08:00:00.001000+00:00,0.000100000000,8.0
1640188800006,2021-12-22T16:00:00.006000+00:00,0.000100000000,8.0
1640217600011,2021-12-23T00:00:00.011000+00:00,0.000097200000,8.0
1640246400000,2021-12-23T08:00:00+00:00,0.000100000000,8.0
1640275200000,2021-12-23T16:00:00+00:00,0.000040180000,8.0
1640304000005,2021-12-24T00:00:00.005000+00:00,0.000100000000,8.0
1640332800000,2021-12-24T08:00:00+00:00,0.000100000000,8.0
1640361600011,2021-12-24T16:00:00.011000+00:00,0.000100000000,8.0
1640390400000,2021-12-25T00:00:00+00:00,0.000100000000,8.0
1640419200001,2021-12-25T08:00:00.001000+00:00,0.000100000000,8.0
1640448000005,2021-12-25T16:00:00.005000+00:00,0.000100000000,8.0
1640476800004,2021-12-26T00:00:00.004000+00:00,0.000100000000,8.0
1640505600002,2021-12-26T08:00:00.002000+00:00,0.000100000000,8.0
1640534400000,2021-12-26T16:00:00+00:00,0.000100000000,8.0
1640563200002,2021-12-27T00:00:00.002000+00:00,0.000100000000,8.0
1640592000005,2021-12-27T08:00:00.005000+00:00,0.000100000000,8.0
1640620800000,2021-12-27T16:00:00+00:00,0.000100000000,8.0
1640649600000,2021-12-28T00:00:00+00:00,0.000100000000,8.0
1640678400012,2021-12-28T08:00:00.012000+00:00,0.000100000000,8.0
1640707200000,2021-12-28T16:00:00+00:00,0.000100000000,8.0
1640736000006,2021-12-29T00:00:00.006000+00:00,0.000100000000,8.0
1640764800003,2021-12-29T08:00:00.003000+00:00,0.000100000000,8.0
1640793600004,2021-12-29T16:00:00.004000+00:00,0.000100000000,8.0
1640822400003,2021-12-30T00:00:00.003000+00:00,0.000100000000,8.0
1640851200001,2021-12-30T08:00:00.001000+00:00,0.000100000000,8.0
1640880000017,2021-12-30T16:00:00.017000+00:00,0.000100000000,8.0
1640908800006,2021-12-31T00:00:00.006000+00:00,-0.000031020000,8.0
1640937600009,2021-12-31T08:00:00.009000+00:00,0.000100000000,8.0
1640966400000,2021-12-31T16:00:00+00:00,0.000100000000,8.0
1640995200006,2022-01-01T00:00:00.006000+00:00,0.000100000000,8.0
1641024000009,2022-01-01T08:00:00.009000+00:00,0.000100000000,8.0
1641052800000,2022-01-01T16:00:00+00:00,0.000100000000,8.0
1641081600028,2022-01-02T00:00:00.028000+00:00,0.000100000000,8.0
1641110400000,2022-01-02T08:00:00+00:00,0.000100000000,8.0
1641139200000,2022-01-02T16:00:00+00:00,0.000100000000,8.0
1641168000010,2022-01-03T00:00:00.010000+00:00,0.000100000000,8.0
1641196800013,2022-01-03T08:00:00.013000+00:00,0.000100000000,8.0
1641225600018,2022-01-03T16:00:00.018000+00:00,0.000100000000,8.0
1641254400000,2022-01-04T00:00:00+00:00,0.000100000000,8.0
1641283200010,2022-01-04T08:00:00.010000+00:00,0.000100000000,8.0
1641312000002,2022-01-04T16:00:00.002000+00:00,0.000100000000,8.0
1641340800001,2022-01-05T00:00:00.001000+00:00,0.000100000000,8.0
1641369600017,2022-01-05T08:00:00.017000+00:00,0.000100000000,8.0
1641398400000,2022-01-05T16:00:00+00:00,0.000100000000,8.0
1641427200002,2022-01-06T00:00:00.002000+00:00,0.000100000000,8.0
1641456000021,2022-01-06T08:00:00.021000+00:00,0.000100000000,8.0
1641484800006,2022-01-06T16:00:00.006000+00:00,0.000100000000,8.0
1641513600005,2022-01-07T00:00:00.005000+00:00,0.000100000000,8.0
1641542400000,2022-01-07T08:00:00+00:00,0.000100000000,8.0
1641571200001,2022-01-07T16:00:00.001000+00:00,0.000100000000,8.0
1641600000014,2022-01-08T00:00:00.014000+00:00,0.000100000000,8.0
1641628800013,2022-01-08T08:00:00.013000+00:00,0.000100000000,8.0
1641657600000,2022-01-08T16:00:00+00:00,0.000100000000,8.0
1641686400003,2022-01-09T00:00:00.003000+00:00,0.000100000000,8.0
1641715200000,2022-01-09T08:00:00+00:00,0.000100000000,8.0
1641744000000,2022-01-09T16:00:00+00:00,0.000100000000,8.0
1641772800000,2022-01-10T00:00:00+00:00,0.000100000000,8.0
1641801600010,2022-01-10T08:00:00.010000+00:00,0.000045220000,8.0
1641830400007,2022-01-10T16:00:00.007000+00:00,0.000100000000,8.0
1641859200013,2022-01-11T00:00:00.013000+00:00,0.000100000000,8.0
1641888000004,2022-01-11T08:00:00.004000+00:00,0.000073940000,8.0
1641916800000,2022-01-11T16:00:00+00:00,0.000100000000,8.0
1641945600012,2022-01-12T00:00:00.012000+00:00,-0.000047720000,8.0
1641974400015,2022-01-12T08:00:00.015000+00:00,0.000096250000,8.0
1642003200000,2022-01-12T16:00:00+00:00,-0.000053420000,8.0
1642032000007,2022-01-13T00:00:00.007000+00:00,-0.000075060000,8.0
1642060800000,2022-01-13T08:00:00+00:00,0.000100000000,8.0
1642089600014,2022-01-13T16:00:00.014000+00:00,-0.000060810000,8.0
1642118400000,2022-01-14T00:00:00+00:00,0.000005920000,8.0
1642147200006,2022-01-14T08:00:00.006000+00:00,-0.000091700000,8.0
1642176000014,2022-01-14T16:00:00.014000+00:00,-0.000066550000,8.0
1642204800000,2022-01-15T00:00:00+00:00,0.000022820000,8.0
1642233600002,2022-01-15T08:00:00.002000+00:00,0.000100000000,8.0
1642262400000,2022-01-15T16:00:00+00:00,0.000026610000,8.0
1642291200000,2022-01-16T00:00:00+00:00,0.000090700000,8.0
1642320000017,2022-01-16T08:00:00.017000+00:00,-0.000023300000,8.0
1642348800011,2022-01-16T16:00:00.011000+00:00,0.000036200000,8.0
1642377600005,2022-01-17T00:00:00.005000+00:00,0.000017510000,8.0
1642406400006,2022-01-17T08:00:00.006000+00:00,0.000066470000,8.0
1642435200012,2022-01-17T16:00:00.012000+00:00,0.000100000000,8.0
1642464000020,2022-01-18T00:00:00.020000+00:00,0.000100000000,8.0
1642492800000,2022-01-18T08:00:00+00:00,0.000099980000,8.0
1642521600013,2022-01-18T16:00:00.013000+00:00,0.000100000000,8.0
1642550400001,2022-01-19T00:00:00.001000+00:00,0.000049730000,8.0
1642579200000,2022-01-19T08:00:00+00:00,0.000100000000,8.0
1642608000000,2022-01-19T16:00:00+00:00,0.000100000000,8.0
1642636800015,2022-01-20T00:00:00.015000+00:00,0.000100000000,8.0
1642665600000,2022-01-20T08:00:00+00:00,0.000100000000,8.0
1642694400000,2022-01-20T16:00:00+00:00,0.000100000000,8.0
1642723200007,2022-01-21T00:00:00.007000+00:00,0.000100000000,8.0
1642752000015,2022-01-21T08:00:00.015000+00:00,0.000045230000,8.0
1642780800000,2022-01-21T16:00:00+00:00,0.000082260000,8.0
1642809600017,2022-01-22T00:00:00.017000+00:00,-0.000010510000,8.0
1642838400003,2022-01-22T08:00:00.003000+00:00,0.000041220000,8.0
1642867200021,2022-01-22T16:00:00.021000+00:00,0.000100000000,8.0
1642896000026,2022-01-23T00:00:00.026000+00:00,0.000100000000,8.0
1642924800010,2022-01-23T08:00:00.010000+00:00,-0.000012560000,8.0
1642953600009,2022-01-23T16:00:00.009000+00:00,-0.000015730000,8.0
1642982400010,2022-01-24T00:00:00.010000+00:00,0.000034800000,8.0
1643011200000,2022-01-24T08:00:00+00:00,0.000056050000,8.0
1643040000021,2022-01-24T16:00:00.021000+00:00,0.000050090000,8.0
1643068800000,2022-01-25T00:00:00+00:00,0.000100000000,8.0
1643097600000,2022-01-25T08:00:00+00:00,0.000081260000,8.0
1643126400012,2022-01-25T16:00:00.012000+00:00,-0.000100080000,8.0
1643155200000,2022-01-26T00:00:00+00:00,0.000006760000,8.0
1643184000001,2022-01-26T08:00:00.001000+00:00,-0.000019050000,8.0
1643212800005,2022-01-26T16:00:00.005000+00:00,-0.000041300000,8.0
1643241600004,2022-01-27T00:00:00.004000+00:00,-0.000048690000,8.0
1643270400004,2022-01-27T08:00:00.004000+00:00,-0.000101860000,8.0
1643299200019,2022-01-27T16:00:00.019000+00:00,-0.000075540000,8.0
1643328000000,2022-01-28T00:00:00+00:00,-0.000004930000,8.0
1643356800000,2022-01-28T08:00:00+00:00,0.000071650000,8.0
1643385600025,2022-01-28T16:00:00.025000+00:00,0.000028800000,8.0
1643414400017,2022-01-29T00:00:00.017000+00:00,-0.000010930000,8.0
1643443200000,2022-01-29T08:00:00+00:00,0.000052390000,8.0
1643472000013,2022-01-29T16:00:00.013000+00:00,-0.000030290000,8.0
1643500800025,2022-01-30T00:00:00.025000+00:00,0.000060500000,8.0
1643529600009,2022-01-30T08:00:00.009000+00:00,0.000091260000,8.0
1643558400000,2022-01-30T16:00:00+00:00,0.000100000000,8.0
1643587200000,2022-01-31T00:00:00+00:00,0.000089270000,8.0
1643616000000,2022-01-31T08:00:00+00:00,-0.000073690000,8.0
1643644800000,2022-01-31T16:00:00+00:00,-0.000056480000,8.0
1643673600010,2022-02-01T00:00:00.010000+00:00,-0.000040000000,8.0
1643702400000,2022-02-01T08:00:00+00:00,0.000061130000,8.0
1643731200004,2022-02-01T16:00:00.004000+00:00,-0.000062560000,8.0
1643760000004,2022-02-02T00:00:00.004000+00:00,-0.000029050000,8.0
1643788800000,2022-02-02T08:00:00+00:00,0.000100000000,8.0
1643817600002,2022-02-02T16:00:00.002000+00:00,0.000025530000,8.0
1643846400002,2022-02-03T00:00:00.002000+00:00,-0.000077160000,8.0
1643875200000,2022-02-03T08:00:00+00:00,0.000011680000,8.0
1643904000000,2022-02-03T16:00:00+00:00,-0.000015330000,8.0
1643932800018,2022-02-04T00:00:00.018000+00:00,0.000014620000,8.0
1643961600005,2022-02-04T08:00:00.005000+00:00,-0.000085710000,8.0
1643990400010,2022-02-04T16:00:00.010000+00:00,0.000100000000,8.0
1644019200014,2022-02-05T00:00:00.014000+00:00,0.000074570000,8.0
1644048000000,2022-02-05T08:00:00+00:00,0.000100000000,8.0
1644076800000,2022-02-05T16:00:00+00:00,0.000100000000,8.0
1644105600000,2022-02-06T00:00:00+00:00,0.000100000000,8.0
1644134400000,2022-02-06T08:00:00+00:00,0.000100000000,8.0
1644163200000,2022-02-06T16:00:00+00:00,0.000100000000,8.0
1644192000003,2022-02-07T00:00:00.003000+00:00,0.000014770000,8.0
1644220800014,2022-02-07T08:00:00.014000+00:00,0.000052640000,8.0
1644249600003,2022-02-07T16:00:00.003000+00:00,-0.000096170000,8.0
1644278400001,2022-02-08T00:00:00.001000+00:00,0.000100000000,8.0
1644307200003,2022-02-08T08:00:00.003000+00:00,0.000100000000,8.0
1644336000002,2022-02-08T16:00:00.002000+00:00,0.000100000000,8.0
1644364800000,2022-02-09T00:00:00+00:00,0.000082160000,8.0
1644393600005,2022-02-09T08:00:00.005000+00:00,0.000058260000,8.0
1644422400001,2022-02-09T16:00:00.001000+00:00,0.000051200000,8.0
1644451200012,2022-02-10T00:00:00.012000+00:00,0.000100000000,8.0
1644480000000,2022-02-10T08:00:00+00:00,-0.000017990000,8.0
1644508800006,2022-02-10T16:00:00.006000+00:00,0.000100000000,8.0
1644537600000,2022-02-11T00:00:00+00:00,0.000038950000,8.0
1644566400009,2022-02-11T08:00:00.009000+00:00,-0.000052380000,8.0
1644595200015,2022-02-11T16:00:00.015000+00:00,-0.000076430000,8.0
1644624000020,2022-02-12T00:00:00.020000+00:00,0.000100000000,8.0
1644652800001,2022-02-12T08:00:00.001000+00:00,0.000100000000,8.0
1644681600007,2022-02-12T16:00:00.007000+00:00,0.000100000000,8.0
1644710400022,2022-02-13T00:00:00.022000+00:00,0.000080470000,8.0
1644739200001,2022-02-13T08:00:00.001000+00:00,0.000079370000,8.0
1644768000007,2022-02-13T16:00:00.007000+00:00,0.000068140000,8.0
1644796800005,2022-02-14T00:00:00.005000+00:00,0.000097170000,8.0
1644825600013,2022-02-14T08:00:00.013000+00:00,0.000028670000,8.0
1644854400019,2022-02-14T16:00:00.019000+00:00,0.000064450000,8.0
1644883200012,2022-02-15T00:00:00.012000+00:00,0.000100000000,8.0
1644912000005,2022-02-15T08:00:00.005000+00:00,-0.000077600000,8.0
1644940800011,2022-02-15T16:00:00.011000+00:00,0.000054620000,8.0
1644969600009,2022-02-16T00:00:00.009000+00:00,0.000100000000,8.0
1644998400001,2022-02-16T08:00:00.001000+00:00,0.000100000000,8.0
1645027200014,2022-02-16T16:00:00.014000+00:00,0.000100000000,8.0
1645056000018,2022-02-17T00:00:00.018000+00:00,0.000100000000,8.0
1645084800000,2022-02-17T08:00:00+00:00,0.000100000000,8.0
1645113600010,2022-02-17T16:00:00.010000+00:00,0.000100000000,8.0
1645142400000,2022-02-18T00:00:00+00:00,-0.000004380000,8.0
1645171200002,2022-02-18T08:00:00.002000+00:00,-0.000029230000,8.0
1645200000000,2022-02-18T16:00:00+00:00,-0.000009360000,8.0
1645228800007,2022-02-19T00:00:00.007000+00:00,0.000100000000,8.0
1645257600000,2022-02-19T08:00:00+00:00,0.000009610000,8.0
1645286400023,2022-02-19T16:00:00.023000+00:00,0.000077100000,8.0
1645315200001,2022-02-20T00:00:00.001000+00:00,0.000030230000,8.0
1645344000003,2022-02-20T08:00:00.003000+00:00,0.000065810000,8.0
1645372800001,2022-02-20T16:00:00.001000+00:00,-0.000075170000,8.0
1645401600000,2022-02-21T00:00:00+00:00,0.000065000000,8.0
1645430400001,2022-02-21T08:00:00.001000+00:00,-0.000044980000,8.0
1645459200005,2022-02-21T16:00:00.005000+00:00,-0.000034730000,8.0
1645488000005,2022-02-22T00:00:00.005000+00:00,-0.000053570000,8.0
1645516800000,2022-02-22T08:00:00+00:00,0.000024770000,8.0
1645545600000,2022-02-22T16:00:00+00:00,-0.000030850000,8.0
1645574400002,2022-02-23T00:00:00.002000+00:00,-0.000026230000,8.0
1645603200005,2022-02-23T08:00:00.005000+00:00,-0.000126030000,8.0
1645632000010,2022-02-23T16:00:00.010000+00:00,-0.000033320000,8.0
1645660800008,2022-02-24T00:00:00.008000+00:00,0.000064750000,8.0
1645689600003,2022-02-24T08:00:00.003000+00:00,-0.000160450000,8.0
1645718400001,2022-02-24T16:00:00.001000+00:00,-0.000092100000,8.0
1645747200000,2022-02-25T00:00:00+00:00,0.000100000000,8.0
1645776000006,2022-02-25T08:00:00.006000+00:00,0.000062200000,8.0
1645804800001,2022-02-25T16:00:00.001000+00:00,0.000009980000,8.0
1645833600004,2022-02-26T00:00:00.004000+00:00,0.000093320000,8.0
1645862400004,2022-02-26T08:00:00.004000+00:00,0.000100000000,8.0
1645891200007,2022-02-26T16:00:00.007000+00:00,0.000076140000,8.0
1645920000012,2022-02-27T00:00:00.012000+00:00,0.000055740000,8.0
1645948800000,2022-02-27T08:00:00+00:00,0.000018030000,8.0
1645977600000,2022-02-27T16:00:00+00:00,-0.000006280000,8.0
1646006400000,2022-02-28T00:00:00+00:00,-0.000211670000,8.0
1646035200001,2022-02-28T08:00:00.001000+00:00,-0.000089860000,8.0
1646064000002,2022-02-28T16:00:00.002000+00:00,-0.000053860000,8.0
1646092800002,2022-03-01T00:00:00.002000+00:00,0.000100000000,8.0
1646121600001,2022-03-01T08:00:00.001000+00:00,0.000100000000,8.0
1646150400000,2022-03-01T16:00:00+00:00,0.000043690000,8.0
1646179200000,2022-03-02T00:00:00+00:00,-0.000005070000,8.0
1646208000000,2022-03-02T08:00:00+00:00,0.000100000000,8.0
1646236800002,2022-03-02T16:00:00.002000+00:00,0.000100000000,8.0
1646265600000,2022-03-03T00:00:00+00:00,0.000100000000,8.0
1646294400000,2022-03-03T08:00:00+00:00,0.000100000000,8.0
1646323200005,2022-03-03T16:00:00.005000+00:00,0.000100000000,8.0
1646352000018,2022-03-04T00:00:00.018000+00:00,0.000100000000,8.0
1646380800000,2022-03-04T08:00:00+00:00,0.000100000000,8.0
1646409600000,2022-03-04T16:00:00+00:00,0.000100000000,8.0
1646438400006,2022-03-05T00:00:00.006000+00:00,0.000100000000,8.0
1646467200004,2022-03-05T08:00:00.004000+00:00,0.000100000000,8.0
1646496000000,2022-03-05T16:00:00+00:00,0.000016560000,8.0
1646524800004,2022-03-06T00:00:00.004000+00:00,0.000041150000,8.0
1646553600000,2022-03-06T08:00:00+00:00,-0.000009600000,8.0
1646582400013,2022-03-06T16:00:00.013000+00:00,0.000019570000,8.0
1646611200008,2022-03-07T00:00:00.008000+00:00,0.000003180000,8.0
1646640000006,2022-03-07T08:00:00.006000+00:00,-0.000089830000,8.0
1646668800000,2022-03-07T16:00:00+00:00,-0.000031770000,8.0
1646697600008,2022-03-08T00:00:00.008000+00:00,0.000033780000,8.0
1646726400002,2022-03-08T08:00:00.002000+00:00,0.000100000000,8.0
1646755200000,2022-03-08T16:00:00+00:00,0.000100000000,8.0
1646784000008,2022-03-09T00:00:00.008000+00:00,0.000067760000,8.0
1646812800000,2022-03-09T08:00:00+00:00,0.000100000000,8.0
1646841600004,2022-03-09T16:00:00.004000+00:00,0.000100000000,8.0
1646870400000,2022-03-10T00:00:00+00:00,0.000100000000,8.0
1646899200017,2022-03-10T08:00:00.017000+00:00,0.000082800000,8.0
1646928000000,2022-03-10T16:00:00+00:00,-0.000089190000,8.0
1646956800008,2022-03-11T00:00:00.008000+00:00,-0.000098080000,8.0
1646985600000,2022-03-11T08:00:00+00:00,-0.000077650000,8.0
1647014400001,2022-03-11T16:00:00.001000+00:00,0.000043010000,8.0
1647043200010,2022-03-12T00:00:00.010000+00:00,-0.000003070000,8.0
1647072000001,2022-03-12T08:00:00.001000+00:00,0.000031680000,8.0
1647100800002,2022-03-12T16:00:00.002000+00:00,-0.000035650000,8.0
1647129600008,2022-03-13T00:00:00.008000+00:00,-0.000058550000,8.0
1647158400000,2022-03-13T08:00:00+00:00,0.000006130000,8.0
1647187200002,2022-03-13T16:00:00.002000+00:00,-0.000057410000,8.0
1647216000014,2022-03-14T00:00:00.014000+00:00,-0.000080090000,8.0
1647244800005,2022-03-14T08:00:00.005000+00:00,-0.000066990000,8.0
1647273600002,2022-03-14T16:00:00.002000+00:00,0.000027080000,8.0
1647302400008,2022-03-15T00:00:00.008000+00:00,0.000057260000,8.0
1647331200000,2022-03-15T08:00:00+00:00,0.000044760000,8.0
1647360000006,2022-03-15T16:00:00.006000+00:00,0.000090610000,8.0
1647388800013,2022-03-16T00:00:00.013000+00:00,0.000100000000,8.0
1647417600000,2022-03-16T08:00:00+00:00,0.000058710000,8.0
1647446400008,2022-03-16T16:00:00.008000+00:00,0.000100000000,8.0
1647475200004,2022-03-17T00:00:00.004000+00:00,0.000100000000,8.0
1647504000000,2022-03-17T08:00:00+00:00,0.000100000000,8.0
1647532800004,2022-03-17T16:00:00.004000+00:00,0.000100000000,8.0
1647561600000,2022-03-18T00:00:00+00:00,0.000100000000,8.0
1647590400000,2022-03-18T08:00:00+00:00,0.000016620000,8.0
1647619200017,2022-03-18T16:00:00.017000+00:00,0.000100000000,8.0
1647648000008,2022-03-19T00:00:00.008000+00:00,0.000100000000,8.0
1647676800015,2022-03-19T08:00:00.015000+00:00,0.000100000000,8.0
1647705600000,2022-03-19T16:00:00+00:00,0.000100000000,8.0
1647734400000,2022-03-20T00:00:00+00:00,0.000100000000,8.0
1647763200001,2022-03-20T08:00:00.001000+00:00,0.000100000000,8.0
1647792000002,2022-03-20T16:00:00.002000+00:00,0.000100000000,8.0
1647820800013,2022-03-21T00:00:00.013000+00:00,0.000100000000,8.0
1647849600004,2022-03-21T08:00:00.004000+00:00,-0.000009540000,8.0
1647878400010,2022-03-21T16:00:00.010000+00:00,-0.000000930000,8.0
1647907200012,2022-03-22T00:00:00.012000+00:00,0.000100000000,8.0
1647936000001,2022-03-22T08:00:00.001000+00:00,0.000100000000,8.0
1647964800022,2022-03-22T16:00:00.022000+00:00,0.000100000000,8.0
1647993600007,2022-03-23T00:00:00.007000+00:00,0.000100000000,8.0
1648022400000,2022-03-23T08:00:00+00:00,0.000100000000,8.0
1648051200006,2022-03-23T16:00:00.006000+00:00,0.000070140000,8.0
1648080000013,2022-03-24T00:00:00.013000+00:00,0.000016640000,8.0
1648108800006,2022-03-24T08:00:00.006000+00:00,0.000008000000,8.0
1648137600020,2022-03-24T16:00:00.020000+00:00,-0.000009070000,8.0
1648166400010,2022-03-25T00:00:00.010000+00:00,0.000006700000,8.0
1648195200001,2022-03-25T08:00:00.001000+00:00,0.000092860000,8.0
1648224000014,2022-03-25T16:00:00.014000+00:00,0.000054730000,8.0
1648252800020,2022-03-26T00:00:00.020000+00:00,0.000097390000,8.0
1648281600006,2022-03-26T08:00:00.006000+00:00,-0.000071110000,8.0
1648310400000,2022-03-26T16:00:00+00:00,0.000100000000,8.0
1648339200004,2022-03-27T00:00:00.004000+00:00,-0.000082530000,8.0
1648368000001,2022-03-27T08:00:00.001000+00:00,0.000013060000,8.0
1648396800006,2022-03-27T16:00:00.006000+00:00,0.000100000000,8.0
1648425600012,2022-03-28T00:00:00.012000+00:00,0.000100000000,8.0
1648454400007,2022-03-28T08:00:00.007000+00:00,0.000100000000,8.0
1648483200000,2022-03-28T16:00:00+00:00,0.000100000000,8.0
1648512000000,2022-03-29T00:00:00+00:00,0.000100000000,8.0
1648540800015,2022-03-29T08:00:00.015000+00:00,0.000100000000,8.0
1648569600000,2022-03-29T16:00:00+00:00,0.000095940000,8.0
1648598400000,2022-03-30T00:00:00+00:00,0.000100000000,8.0
1648627200002,2022-03-30T08:00:00.002000+00:00,0.000100000000,8.0
1648656000028,2022-03-30T16:00:00.028000+00:00,0.000100000000,8.0
1648684800017,2022-03-31T00:00:00.017000+00:00,0.000100000000,8.0
1648713600000,2022-03-31T08:00:00+00:00,0.000100000000,8.0
1648742400015,2022-03-31T16:00:00.015000+00:00,0.000100000000,8.0
1648771200000,2022-04-01T00:00:00+00:00,0.000100000000,8.0
1648800000000,2022-04-01T08:00:00+00:00,0.000076260000,8.0
1648828800018,2022-04-01T16:00:00.018000+00:00,0.000091930000,8.0
1648857600000,2022-04-02T00:00:00+00:00,0.000100000000,8.0
1648886400002,2022-04-02T08:00:00.002000+00:00,0.000100000000,8.0
1648915200006,2022-04-02T16:00:00.006000+00:00,0.000100000000,8.0
1648944000018,2022-04-03T00:00:00.018000+00:00,0.000100000000,8.0
1648972800018,2022-04-03T08:00:00.018000+00:00,0.000100000000,8.0
1649001600015,2022-04-03T16:00:00.015000+00:00,0.000100000000,8.0
1649030400006,2022-04-04T00:00:00.006000+00:00,0.000100000000,8.0
1649059200000,2022-04-04T08:00:00+00:00,0.000100000000,8.0
1649088000016,2022-04-04T16:00:00.016000+00:00,0.000100000000,8.0
1649116800000,2022-04-05T00:00:00+00:00,0.000100000000,8.0
1649145600010,2022-04-05T08:00:00.010000+00:00,0.000100000000,8.0
1649174400008,2022-04-05T16:00:00.008000+00:00,0.000100000000,8.0
1649203200001,2022-04-06T00:00:00.001000+00:00,0.000098980000,8.0
1649232000021,2022-04-06T08:00:00.021000+00:00,0.000100000000,8.0
1649260800000,2022-04-06T16:00:00+00:00,0.000100000000,8.0
1649289600009,2022-04-07T00:00:00.009000+00:00,0.000100000000,8.0
1649318400000,2022-04-07T08:00:00+00:00,0.000100000000,8.0
1649347200000,2022-04-07T16:00:00+00:00,0.000024210000,8.0
1649376000000,2022-04-08T00:00:00+00:00,0.000043060000,8.0
1649404800004,2022-04-08T08:00:00.004000+00:00,0.000100000000,8.0
1649433600008,2022-04-08T16:00:00.008000+00:00,0.000100000000,8.0
1649462400008,2022-04-09T00:00:00.008000+00:00,0.000100000000,8.0
1649491200000,2022-04-09T08:00:00+00:00,0.000092790000,8.0
1649520000001,2022-04-09T16:00:00.001000+00:00,0.000100000000,8.0
1649548800004,2022-04-10T00:00:00.004000+00:00,0.000027210000,8.0
1649577600007,2022-04-10T08:00:00.007000+00:00,0.000062310000,8.0
1649606400016,2022-04-10T16:00:00.016000+00:00,0.000100000000,8.0
1649635200000,2022-04-11T00:00:00+00:00,0.000002430000,8.0
1649664000000,2022-04-11T08:00:00+00:00,0.000100000000,8.0
1649692800009,2022-04-11T16:00:00.009000+00:00,0.000100000000,8.0
1649721600000,2022-04-12T00:00:00+00:00,-0.000067950000,8.0
1649750400006,2022-04-12T08:00:00.006000+00:00,-0.000100120000,8.0
1649779200013,2022-04-12T16:00:00.013000+00:00,-0.000070010000,8.0
1649808000005,2022-04-13T00:00:00.005000+00:00,-0.000016920000,8.0
1649836800008,2022-04-13T08:00:00.008000+00:00,0.000007530000,8.0
1649865600013,2022-04-13T16:00:00.013000+00:00,-0.000014850000,8.0
1649894400007,2022-04-14T00:00:00.007000+00:00,0.000050180000,8.0
1649923200000,2022-04-14T08:00:00+00:00,0.000035330000,8.0
1649952000006,2022-04-14T16:00:00.006000+00:00,0.000044230000,8.0
1649980800008,2022-04-15T00:00:00.008000+00:00,-0.000132330000,8.0
1650009600002,2022-04-15T08:00:00.002000+00:00,-0.000068050000,8.0
1650038400000,2022-04-15T16:00:00+00:00,0.000076970000,8.0
1650067200011,2022-04-16T00:00:00.011000+00:00,0.000021970000,8.0
1650096000007,2022-04-16T08:00:00.007000+00:00,0.000051990000,8.0
1650124800007,2022-04-16T16:00:00.007000+00:00,0.000062010000,8.0
1650153600000,2022-04-17T00:00:00+00:00,0.000007200000,8.0
1650182400004,2022-04-17T08:00:00.004000+00:00,0.000098380000,8.0
1650211200000,2022-04-17T16:00:00+00:00,0.000100000000,8.0
1650240000008,2022-04-18T00:00:00.008000+00:00,-0.000032310000,8.0
1650268800012,2022-04-18T08:00:00.012000+00:00,-0.000171970000,8.0
1650297600000,2022-04-18T16:00:00+00:00,-0.000054360000,8.0
1650326400021,2022-04-19T00:00:00.021000+00:00,0.000100000000,8.0
1650355200031,2022-04-19T08:00:00.031000+00:00,0.000062510000,8.0
1650384000000,2022-04-19T16:00:00+00:00,-0.000050280000,8.0
1650412800025,2022-04-20T00:00:00.025000+00:00,0.000094500000,8.0
1650441600003,2022-04-20T08:00:00.003000+00:00,0.000095430000,8.0
1650470400000,2022-04-20T16:00:00+00:00,0.000037140000,8.0
1650499200000,2022-04-21T00:00:00+00:00,0.000001770000,8.0
1650528000000,2022-04-21T08:00:00+00:00,-0.000052450000,8.0
1650556800024,2022-04-21T16:00:00.024000+00:00,0.000053590000,8.0
1650585600008,2022-04-22T00:00:00.008000+00:00,0.000030260000,8.0
1650614400008,2022-04-22T08:00:00.008000+00:00,-0.000169840000,8.0
1650643200008,2022-04-22T16:00:00.008000+00:00,-0.000004150000,8.0
1650672000000,2022-04-23T00:00:00+00:00,-0.000090230000,8.0
1650700800000,2022-04-23T08:00:00+00:00,-0.000075620000,8.0
1650729600012,2022-04-23T16:00:00.012000+00:00,-0.000118830000,8.0
1650758400004,2022-04-24T00:00:00.004000+00:00,-0.000182730000,8.0
1650787200003,2022-04-24T08:00:00.003000+00:00,-0.000152760000,8.0
1650816000000,2022-04-24T16:00:00+00:00,-0.000036540000,8.0
1650844800008,2022-04-25T00:00:00.008000+00:00,-0.000089080000,8.0
1650873600018,2022-04-25T08:00:00.018000+00:00,-0.000078440000,8.0
1650902400000,2022-04-25T16:00:00+00:00,0.000072230000,8.0
1650931200014,2022-04-26T00:00:00.014000+00:00,0.000100000000,8.0
1650960000000,2022-04-26T08:00:00+00:00,0.000100000000,8.0
1650988800017,2022-04-26T16:00:00.017000+00:00,0.000100000000,8.0
1651017600012,2022-04-27T00:00:00.012000+00:00,-0.000126400000,8.0
1651046400000,2022-04-27T08:00:00+00:00,-0.000110340000,8.0
1651075200002,2022-04-27T16:00:00.002000+00:00,0.000019680000,8.0
1651104000000,2022-04-28T00:00:00+00:00,-0.000057160000,8.0
1651132800004,2022-04-28T08:00:00.004000+00:00,-0.000055440000,8.0
1651161600030,2022-04-28T16:00:00.030000+00:00,0.000100000000,8.0
1651190400000,2022-04-29T00:00:00+00:00,0.000100000000,8.0
1651219200016,2022-04-29T08:00:00.016000+00:00,0.000100000000,8.0
1651248000010,2022-04-29T16:00:00.010000+00:00,0.000026280000,8.0
1651276800000,2022-04-30T00:00:00+00:00,-0.000093710000,8.0
1651305600005,2022-04-30T08:00:00.005000+00:00,0.000045360000,8.0
1651334400015,2022-04-30T16:00:00.015000+00:00,0.000059260000,8.0
1651363200000,2022-05-01T00:00:00+00:00,0.000024030000,8.0
1651392000000,2022-05-01T08:00:00+00:00,0.000000950000,8.0
1651420800010,2022-05-01T16:00:00.010000+00:00,0.000100000000,8.0
1651449600018,2022-05-02T00:00:00.018000+00:00,0.000100000000,8.0
1651478400007,2022-05-02T08:00:00.007000+00:00,0.000090000000,8.0
1651507200000,2022-05-02T16:00:00+00:00,0.000100000000,8.0
1651536000006,2022-05-03T00:00:00.006000+00:00,0.000100000000,8.0
1651564800000,2022-05-03T08:00:00+00:00,0.000100000000,8.0
1651593600021,2022-05-03T16:00:00.021000+00:00,0.000100000000,8.0
1651622400007,2022-05-04T00:00:00.007000+00:00,0.000100000000,8.0
1651651200011,2022-05-04T08:00:00.011000+00:00,0.000025040000,8.0
1651680000000,2022-05-04T16:00:00+00:00,0.000100000000,8.0
1651708800005,2022-05-05T00:00:00.005000+00:00,0.000100000000,8.0
1651737600019,2022-05-05T08:00:00.019000+00:00,0.000100000000,8.0
1651766400005,2022-05-05T16:00:00.005000+00:00,0.000100000000,8.0
1651795200005,2022-05-06T00:00:00.005000+00:00,-0.000134600000,8.0
1651824000001,2022-05-06T08:00:00.001000+00:00,-0.000057340000,8.0
1651852800010,2022-05-06T16:00:00.010000+00:00,0.000041970000,8.0
1651881600004,2022-05-07T00:00:00.004000+00:00,-0.000052730000,8.0
1651910400016,2022-05-07T08:00:00.016000+00:00,0.000059980000,8.0
1651939200011,2022-05-07T16:00:00.011000+00:00,0.000007130000,8.0
1651968000000,2022-05-08T00:00:00+00:00,-0.000026590000,8.0
1651996800007,2022-05-08T08:00:00.007000+00:00,0.000100000000,8.0
1652025600015,2022-05-08T16:00:00.015000+00:00,0.000100000000,8.0
1652054400000,2022-05-09T00:00:00+00:00,0.000100000000,8.0
1652083200001,2022-05-09T08:00:00.001000+00:00,0.000100000000,8.0
1652112000000,2022-05-09T16:00:00+00:00,0.000100000000,8.0
1652140800000,2022-05-10T00:00:00+00:00,0.000100000000,8.0
1652169600007,2022-05-10T08:00:00.007000+00:00,0.000100000000,8.0
1652198400008,2022-05-10T16:00:00.008000+00:00,0.000100000000,8.0
1652227200004,2022-05-11T00:00:00.004000+00:00,0.000075800000,8.0
1652256000007,2022-05-11T08:00:00.007000+00:00,0.000069390000,8.0
1652284800008,2022-05-11T16:00:00.008000+00:00,-0.000035120000,8.0
1652313600014,2022-05-12T00:00:00.014000+00:00,-0.000187730000,8.0
1652342400000,2022-05-12T08:00:00+00:00,-0.000419950000,8.0
1652371200007,2022-05-12T16:00:00.007000+00:00,-0.000146780000,8.0
1652400000014,2022-05-13T00:00:00.014000+00:00,-0.000071270000,8.0
1652428800001,2022-05-13T08:00:00.001000+00:00,-0.000006050000,8.0
1652457600000,2022-05-13T16:00:00+00:00,0.000060450000,8.0
1652486400000,2022-05-14T00:00:00+00:00,0.000100000000,8.0
1652515200000,2022-05-14T08:00:00+00:00,0.000100000000,8.0
1652544000001,2022-05-14T16:00:00.001000+00:00,0.000100000000,8.0
1652572800000,2022-05-15T00:00:00+00:00,0.000082900000,8.0
1652601600000,2022-05-15T08:00:00+00:00,0.000100000000,8.0
1652630400000,2022-05-15T16:00:00+00:00,0.000090530000,8.0
1652659200021,2022-05-16T00:00:00.021000+00:00,0.000100000000,8.0
1652688000013,2022-05-16T08:00:00.013000+00:00,0.000088830000,8.0
1652716800006,2022-05-16T16:00:00.006000+00:00,0.000049400000,8.0
1652745600000,2022-05-17T00:00:00+00:00,0.000100000000,8.0
1652774400010,2022-05-17T08:00:00.010000+00:00,-0.000007100000,8.0
1652803200023,2022-05-17T16:00:00.023000+00:00,0.000047050000,8.0
1652832000003,2022-05-18T00:00:00.003000+00:00,-0.000069560000,8.0
1652860800024,2022-05-18T08:00:00.024000+00:00,-0.000057530000,8.0
1652889600014,2022-05-18T16:00:00.014000+00:00,0.000028930000,8.0
1652918400000,2022-05-19T00:00:00+00:00,-0.000003410000,8.0
1652947200008,2022-05-19T08:00:00.008000+00:00,0.000056240000,8.0
1652976000015,2022-05-19T16:00:00.015000+00:00,0.000074650000,8.0
1653004800001,2022-05-20T00:00:00.001000+00:00,0.000100000000,8.0
1653033600003,2022-05-20T08:00:00.003000+00:00,0.000100000000,8.0
1653062400012,2022-05-20T16:00:00.012000+00:00,0.000100000000,8.0
1653091200008,2022-05-21T00:00:00.008000+00:00,-0.000002020000,8.0
1653120000001,2022-05-21T08:00:00.001000+00:00,-0.000021460000,8.0
1653148800007,2022-05-21T16:00:00.007000+00:00,0.000025490000,8.0
1653177600003,2022-05-22T00:00:00.003000+00:00,0.000024100000,8.0
1653206400016,2022-05-22T08:00:00.016000+00:00,-0.000030630000,8.0
1653235200000,2022-05-22T16:00:00+00:00,0.000100000000,8.0
1653264000011,2022-05-23T00:00:00.011000+00:00,0.000100000000,8.0
1653292800000,2022-05-23T08:00:00+00:00,0.000100000000,8.0
1653321600023,2022-05-23T16:00:00.023000+00:00,0.000100000000,8.0
1653350400011,2022-05-24T00:00:00.011000+00:00,-0.000123720000,8.0
1653379200000,2022-05-24T08:00:00+00:00,-0.000006760000,8.0
1653408000009,2022-05-24T16:00:00.009000+00:00,0.000028920000,8.0
1653436800001,2022-05-25T00:00:00.001000+00:00,0.000036790000,8.0
1653465600000,2022-05-25T08:00:00+00:00,0.000100000000,8.0
1653494400015,2022-05-25T16:00:00.015000+00:00,0.000100000000,8.0
1653523200005,2022-05-26T00:00:00.005000+00:00,0.000075160000,8.0
1653552000001,2022-05-26T08:00:00.001000+00:00,0.000100000000,8.0
1653580800000,2022-05-26T16:00:00+00:00,0.000007210000,8.0
1653609600007,2022-05-27T00:00:00.007000+00:00,0.000100000000,8.0
1653638400008,2022-05-27T08:00:00.008000+00:00,0.000100000000,8.0
1653667200000,2022-05-27T16:00:00+00:00,0.000100000000,8.0
1653696000018,2022-05-28T00:00:00.018000+00:00,0.000100000000,8.0
1653724800016,2022-05-28T08:00:00.016000+00:00,0.000087120000,8.0
1653753600013,2022-05-28T16:00:00.013000+00:00,0.000100000000,8.0
1653782400000,2022-05-29T00:00:00+00:00,0.000100000000,8.0
1653811200025,2022-05-29T08:00:00.025000+00:00,0.000100000000,8.0
1653840000002,2022-05-29T16:00:00.002000+00:00,0.000100000000,8.0
1653868800000,2022-05-30T00:00:00+00:00,0.000100000000,8.0
1653897600013,2022-05-30T08:00:00.013000+00:00,0.000100000000,8.0
1653926400005,2022-05-30T16:00:00.005000+00:00,0.000100000000,8.0
1653955200016,2022-05-31T00:00:00.016000+00:00,0.000100000000,8.0
1653984000000,2022-05-31T08:00:00+00:00,0.000100000000,8.0
1654012800000,2022-05-31T16:00:00+00:00,0.000100000000,8.0
1654041600000,2022-06-01T00:00:00+00:00,0.000100000000,8.0
1654070400011,2022-06-01T08:00:00.011000+00:00,0.000100000000,8.0
1654099200000,2022-06-01T16:00:00+00:00,0.000100000000,8.0
1654128000000,2022-06-02T00:00:00+00:00,-0.000014520000,8.0
1654156800006,2022-06-02T08:00:00.006000+00:00,0.000022650000,8.0
1654185600021,2022-06-02T16:00:00.021000+00:00,0.000021070000,8.0
1654214400016,2022-06-03T00:00:00.016000+00:00,-0.000033780000,8.0
1654243200016,2022-06-03T08:00:00.016000+00:00,-0.000014560000,8.0
1654272000012,2022-06-03T16:00:00.012000+00:00,0.000069370000,8.0
1654300800005,2022-06-04T00:00:00.005000+00:00,0.000002700000,8.0
1654329600000,2022-06-04T08:00:00+00:00,0.000047950000,8.0
1654358400007,2022-06-04T16:00:00.007000+00:00,0.000055060000,8.0
1654387200005,2022-06-05T00:00:00.005000+00:00,0.000043580000,8.0
1654416000015,2022-06-05T08:00:00.015000+00:00,0.000028280000,8.0
1654444800000,2022-06-05T16:00:00+00:00,0.000047530000,8.0
1654473600000,2022-06-06T00:00:00+00:00,0.000060360000,8.0
1654502400017,2022-06-06T08:00:00.017000+00:00,0.000096560000,8.0
1654531200000,2022-06-06T16:00:00+00:00,0.000100000000,8.0
1654560000000,2022-06-07T00:00:00+00:00,0.000100000000,8.0
1654588800011,2022-06-07T08:00:00.011000+00:00,-0.000102340000,8.0
1654617600000,2022-06-07T16:00:00+00:00,-0.000037050000,8.0
1654646400008,2022-06-08T00:00:00.008000+00:00,0.000100000000,8.0
1654675200020,2022-06-08T08:00:00.020000+00:00,0.000100000000,8.0
1654704000012,2022-06-08T16:00:00.012000+00:00,0.000100000000,8.0
1654732800000,2022-06-09T00:00:00+00:00,0.000100000000,8.0
1654761600000,2022-06-09T08:00:00+00:00,0.000091060000,8.0
1654790400000,2022-06-09T16:00:00+00:00,0.000100000000,8.0
1654819200009,2022-06-10T00:00:00.009000+00:00,0.000100000000,8.0
1654848000000,2022-06-10T08:00:00+00:00,0.000092890000,8.0
1654876800006,2022-06-10T16:00:00.006000+00:00,0.000035030000,8.0
1654905600018,2022-06-11T00:00:00.018000+00:00,0.000017620000,8.0
1654934400014,2022-06-11T08:00:00.014000+00:00,0.000003790000,8.0
1654963200000,2022-06-11T16:00:00+00:00,0.000066060000,8.0
1654992000015,2022-06-12T00:00:00.015000+00:00,0.000100000000,8.0
1655020800019,2022-06-12T08:00:00.019000+00:00,0.000005630000,8.0
1655049600010,2022-06-12T16:00:00.010000+00:00,0.000004390000,8.0
1655078400009,2022-06-13T00:00:00.009000+00:00,0.000056160000,8.0
1655107200000,2022-06-13T08:00:00+00:00,-0.000031820000,8.0
1655136000007,2022-06-13T16:00:00.007000+00:00,-0.000005800000,8.0
1655164800013,2022-06-14T00:00:00.013000+00:00,0.000040880000,8.0
1655193600008,2022-06-14T08:00:00.008000+00:00,-0.000100370000,8.0
1655222400006,2022-06-14T16:00:00.006000+00:00,-0.000051860000,8.0
1655251200000,2022-06-15T00:00:00+00:00,-0.000020770000,8.0
1655280000016,2022-06-15T08:00:00.016000+00:00,-0.000072400000,8.0
1655308800008,2022-06-15T16:00:00.008000+00:00,-0.000006660000,8.0
1655337600009,2022-06-16T00:00:00.009000+00:00,-0.000041140000,8.0
1655366400016,2022-06-16T08:00:00.016000+00:00,0.000044750000,8.0
1655395200000,2022-06-16T16:00:00+00:00,-0.000052770000,8.0
1655424000008,2022-06-17T00:00:00.008000+00:00,-0.000022220000,8.0
1655452800003,2022-06-17T08:00:00.003000+00:00,-0.000094860000,8.0
1655481600000,2022-06-17T16:00:00+00:00,0.000050920000,8.0
1655510400020,2022-06-18T00:00:00.020000+00:00,0.000073560000,8.0
1655539200025,2022-06-18T08:00:00.025000+00:00,0.000045750000,8.0
1655568000014,2022-06-18T16:00:00.014000+00:00,0.000052270000,8.0
1655596800012,2022-06-19T00:00:00.012000+00:00,0.000042430000,8.0
1655625600012,2022-06-19T08:00:00.012000+00:00,-0.000045590000,8.0
1655654400008,2022-06-19T16:00:00.008000+00:00,0.000072390000,8.0
1655683200016,2022-06-20T00:00:00.016000+00:00,0.000008730000,8.0
1655712000000,2022-06-20T08:00:00+00:00,-0.000005400000,8.0
1655740800013,2022-06-20T16:00:00.013000+00:00,0.000060800000,8.0
1655769600012,2022-06-21T00:00:00.012000+00:00,0.000100000000,8.0
1655798400018,2022-06-21T08:00:00.018000+00:00,0.000049670000,8.0
1655827200010,2022-06-21T16:00:00.010000+00:00,0.000020280000,8.0
1655856000000,2022-06-22T00:00:00+00:00,0.000001780000,8.0
1655884800001,2022-06-22T08:00:00.001000+00:00,-0.000029820000,8.0
1655913600012,2022-06-22T16:00:00.012000+00:00,-0.000016400000,8.0
1655942400000,2022-06-23T00:00:00+00:00,-0.000008720000,8.0
1655971200000,2022-06-23T08:00:00+00:00,-0.000015770000,8.0
1656000000016,2022-06-23T16:00:00.016000+00:00,-0.000026560000,8.0
1656028800005,2022-06-24T00:00:00.005000+00:00,0.000060060000,8.0
1656057600004,2022-06-24T08:00:00.004000+00:00,0.000100000000,8.0
1656086400018,2022-06-24T16:00:00.018000+00:00,0.000100000000,8.0
1656115200001,2022-06-25T00:00:00.001000+00:00,0.000026210000,8.0
1656144000010,2022-06-25T08:00:00.010000+00:00,0.000100000000,8.0
1656172800000,2022-06-25T16:00:00+00:00,0.000100000000,8.0
1656201600002,2022-06-26T00:00:00.002000+00:00,0.000100000000,8.0
1656230400016,2022-06-26T08:00:00.016000+00:00,0.000100000000,8.0
1656259200006,2022-06-26T16:00:00.006000+00:00,0.000006690000,8.0
1656288000008,2022-06-27T00:00:00.008000+00:00,0.000078200000,8.0
1656316800000,2022-06-27T08:00:00+00:00,0.000035330000,8.0
1656345600016,2022-06-27T16:00:00.016000+00:00,0.000061020000,8.0
1656374400016,2022-06-28T00:00:00.016000+00:00,-0.000025860000,8.0
1656403200001,2022-06-28T08:00:00.001000+00:00,-0.000056130000,8.0
1656432000005,2022-06-28T16:00:00.005000+00:00,0.000024350000,8.0
1656460800000,2022-06-29T00:00:00+00:00,0.000041880000,8.0
1656489600013,2022-06-29T08:00:00.013000+00:00,0.000083350000,8.0
1656518400000,2022-06-29T16:00:00+00:00,0.000053190000,8.0
1656547200000,2022-06-30T00:00:00+00:00,0.000003240000,8.0
1656576000000,2022-06-30T08:00:00+00:00,-0.000051590000,8.0
1656604800000,2022-06-30T16:00:00+00:00,-0.000158790000,8.0
1656633600001,2022-07-01T00:00:00.001000+00:00,-0.000087860000,8.0
1656662400017,2022-07-01T08:00:00.017000+00:00,0.000031060000,8.0
1656691200005,2022-07-01T16:00:00.005000+00:00,-0.000080610000,8.0
1656720000000,2022-07-02T00:00:00+00:00,-0.000029130000,8.0
1656748800000,2022-07-02T08:00:00+00:00,0.000052180000,8.0
1656777600008,2022-07-02T16:00:00.008000+00:00,0.000021200000,8.0
1656806400015,2022-07-03T00:00:00.015000+00:00,0.000035700000,8.0
1656835200004,2022-07-03T08:00:00.004000+00:00,0.000047790000,8.0
1656864000005,2022-07-03T16:00:00.005000+00:00,0.000072510000,8.0
1656892800021,2022-07-04T00:00:00.021000+00:00,0.000077920000,8.0
1656921600001,2022-07-04T08:00:00.001000+00:00,0.000046300000,8.0
1656950400000,2022-07-04T16:00:00+00:00,0.000022480000,8.0
1656979200000,2022-07-05T00:00:00+00:00,0.000052910000,8.0
1657008000000,2022-07-05T08:00:00+00:00,0.000100000000,8.0
1657036800015,2022-07-05T16:00:00.015000+00:00,0.000001200000,8.0
1657065600006,2022-07-06T00:00:00.006000+00:00,0.000100000000,8.0
1657094400000,2022-07-06T08:00:00+00:00,0.000100000000,8.0
1657123200000,2022-07-06T16:00:00+00:00,0.000083730000,8.0
1657152000010,2022-07-07T00:00:00.010000+00:00,0.000052740000,8.0
1657180800010,2022-07-07T08:00:00.010000+00:00,0.000100000000,8.0
1657209600011,2022-07-07T16:00:00.011000+00:00,0.000100000000,8.0
1657238400008,2022-07-08T00:00:00.008000+00:00,0.000002120000,8.0
1657267200009,2022-07-08T08:00:00.009000+00:00,0.000100000000,8.0
1657296000000,2022-07-08T16:00:00+00:00,0.000100000000,8.0
1657324800000,2022-07-09T00:00:00+00:00,0.000100000000,8.0
1657353600000,2022-07-09T08:00:00+00:00,0.000100000000,8.0
1657382400009,2022-07-09T16:00:00.009000+00:00,0.000061430000,8.0
1657411200001,2022-07-10T00:00:00.001000+00:00,0.000099620000,8.0
1657440000002,2022-07-10T08:00:00.002000+00:00,0.000100000000,8.0
1657468800001,2022-07-10T16:00:00.001000+00:00,0.000100000000,8.0
1657497600000,2022-07-11T00:00:00+00:00,0.000045430000,8.0
1657526400003,2022-07-11T08:00:00.003000+00:00,0.000072360000,8.0
1657555200001,2022-07-11T16:00:00.001000+00:00,0.000085000000,8.0
1657584000000,2022-07-12T00:00:00+00:00,0.000080030000,8.0
1657612800021,2022-07-12T08:00:00.021000+00:00,0.000064330000,8.0
1657641600000,2022-07-12T16:00:00+00:00,0.000026670000,8.0
1657670400012,2022-07-13T00:00:00.012000+00:00,-0.000012040000,8.0
1657699200022,2022-07-13T08:00:00.022000+00:00,0.000006170000,8.0
1657728000005,2022-07-13T16:00:00.005000+00:00,-0.000012180000,8.0
1657756800017,2022-07-14T00:00:00.017000+00:00,0.000000570000,8.0
1657785600001,2022-07-14T08:00:00.001000+00:00,0.000100000000,8.0
1657814400000,2022-07-14T16:00:00+00:00,0.000034510000,8.0
1657843200004,2022-07-15T00:00:00.004000+00:00,0.000092570000,8.0
1657872000019,2022-07-15T08:00:00.019000+00:00,0.000014010000,8.0
1657900800017,2022-07-15T16:00:00.017000+00:00,0.000016010000,8.0
1657929600021,2022-07-16T00:00:00.021000+00:00,0.000060550000,8.0
1657958400014,2022-07-16T08:00:00.014000+00:00,0.000079960000,8.0
1657987200005,2022-07-16T16:00:00.005000+00:00,0.000008000000,8.0
1658016000000,2022-07-17T00:00:00+00:00,0.000080380000,8.0
1658044800003,2022-07-17T08:00:00.003000+00:00,0.000100000000,8.0
1658073600007,2022-07-17T16:00:00.007000+00:00,0.000087090000,8.0
1658102400001,2022-07-18T00:00:00.001000+00:00,0.000100000000,8.0
1658131200004,2022-07-18T08:00:00.004000+00:00,0.000100000000,8.0
1658160000019,2022-07-18T16:00:00.019000+00:00,0.000100000000,8.0
1658188800000,2022-07-19T00:00:00+00:00,0.000100000000,8.0
1658217600000,2022-07-19T08:00:00+00:00,0.000100000000,8.0
1658246400001,2022-07-19T16:00:00.001000+00:00,0.000100000000,8.0
1658275200004,2022-07-20T00:00:00.004000+00:00,0.000100000000,8.0
1658304000000,2022-07-20T08:00:00+00:00,0.000100000000,8.0
1658332800003,2022-07-20T16:00:00.003000+00:00,0.000081180000,8.0
1658361600000,2022-07-21T00:00:00+00:00,0.000100000000,8.0
1658390400018,2022-07-21T08:00:00.018000+00:00,0.000100000000,8.0
1658419200011,2022-07-21T16:00:00.011000+00:00,0.000100000000,8.0
1658448000014,2022-07-22T00:00:00.014000+00:00,0.000100000000,8.0
1658476800000,2022-07-22T08:00:00+00:00,0.000100000000,8.0
1658505600000,2022-07-22T16:00:00+00:00,0.000051720000,8.0
1658534400004,2022-07-23T00:00:00.004000+00:00,0.000090430000,8.0
1658563200002,2022-07-23T08:00:00.002000+00:00,0.000010210000,8.0
1658592000001,2022-07-23T16:00:00.001000+00:00,0.000100000000,8.0
1658620800000,2022-07-24T00:00:00+00:00,0.000037700000,8.0
1658649600011,2022-07-24T08:00:00.011000+00:00,0.000100000000,8.0
1658678400000,2022-07-24T16:00:00+00:00,0.000082930000,8.0
1658707200000,2022-07-25T00:00:00+00:00,0.000100000000,8.0
1658736000014,2022-07-25T08:00:00.014000+00:00,0.000012380000,8.0
1658764800006,2022-07-25T16:00:00.006000+00:00,0.000023190000,8.0
1658793600010,2022-07-26T00:00:00.010000+00:00,0.000100000000,8.0
1658822400000,2022-07-26T08:00:00+00:00,0.000036540000,8.0
1658851200000,2022-07-26T16:00:00+00:00,0.000086590000,8.0
1658880000008,2022-07-27T00:00:00.008000+00:00,0.000045910000,8.0
1658908800000,2022-07-27T08:00:00+00:00,0.000050850000,8.0
1658937600003,2022-07-27T16:00:00.003000+00:00,0.000029510000,8.0
1658966400009,2022-07-28T00:00:00.009000+00:00,0.000092290000,8.0
1658995200008,2022-07-28T08:00:00.008000+00:00,0.000100000000,8.0
1659024000013,2022-07-28T16:00:00.013000+00:00,0.000100000000,8.0
1659052800000,2022-07-29T00:00:00+00:00,0.000100000000,8.0
1659081600000,2022-07-29T08:00:00+00:00,0.000100000000,8.0
1659110400000,2022-07-29T16:00:00+00:00,0.000100000000,8.0
1659139200005,2022-07-30T00:00:00.005000+00:00,0.000100000000,8.0
1659168000009,2022-07-30T08:00:00.009000+00:00,0.000100000000,8.0
1659196800000,2022-07-30T16:00:00+00:00,0.000100000000,8.0
1659225600022,2022-07-31T00:00:00.022000+00:00,0.000100000000,8.0
1659254400011,2022-07-31T08:00:00.011000+00:00,0.000100000000,8.0
1659283200019,2022-07-31T16:00:00.019000+00:00,0.000062810000,8.0
1659312000010,2022-08-01T00:00:00.010000+00:00,0.000100000000,8.0
1659340800019,2022-08-01T08:00:00.019000+00:00,0.000100000000,8.0
1659369600017,2022-08-01T16:00:00.017000+00:00,0.000064490000,8.0
1659398400000,2022-08-02T00:00:00+00:00,0.000100000000,8.0
1659427200007,2022-08-02T08:00:00.007000+00:00,0.000097330000,8.0
1659456000014,2022-08-02T16:00:00.014000+00:00,0.000058850000,8.0
1659484800001,2022-08-03T00:00:00.001000+00:00,0.000003280000,8.0
1659513600020,2022-08-03T08:00:00.020000+00:00,-0.000039600000,8.0
1659542400008,2022-08-03T16:00:00.008000+00:00,0.000043820000,8.0
1659571200001,2022-08-04T00:00:00.001000+00:00,-0.000001910000,8.0
1659600000009,2022-08-04T08:00:00.009000+00:00,0.000017780000,8.0
1659628800015,2022-08-04T16:00:00.015000+00:00,0.000014360000,8.0
1659657600005,2022-08-05T00:00:00.005000+00:00,0.000016920000,8.0
1659686400000,2022-08-05T08:00:00+00:00,0.000067740000,8.0
1659715200000,2022-08-05T16:00:00+00:00,0.000021150000,8.0
1659744000021,2022-08-06T00:00:00.021000+00:00,0.000068880000,8.0
1659772800000,2022-08-06T08:00:00+00:00,0.000085890000,8.0
1659801600015,2022-08-06T16:00:00.015000+00:00,0.000100000000,8.0
1659830400013,2022-08-07T00:00:00.013000+00:00,0.000100000000,8.0
1659859200000,2022-08-07T08:00:00+00:00,-0.000007370000,8.0
1659888000014,2022-08-07T16:00:00.014000+00:00,0.000024010000,8.0
1659916800009,2022-08-08T00:00:00.009000+00:00,0.000100000000,8.0
1659945600006,2022-08-08T08:00:00.006000+00:00,0.000027900000,8.0
1659974400000,2022-08-08T16:00:00+00:00,0.000100000000,8.0
1660003200020,2022-08-09T00:00:00.020000+00:00,0.000100000000,8.0
1660032000000,2022-08-09T08:00:00+00:00,0.000079200000,8.0
1660060800000,2022-08-09T16:00:00+00:00,0.000100000000,8.0
1660089600000,2022-08-10T00:00:00+00:00,-0.000013140000,8.0
1660118400016,2022-08-10T08:00:00.016000+00:00,0.000005810000,8.0
1660147200018,2022-08-10T16:00:00.018000+00:00,0.000094400000,8.0
1660176000012,2022-08-11T00:00:00.012000+00:00,0.000072060000,8.0
1660204800000,2022-08-11T08:00:00+00:00,0.000100000000,8.0
1660233600000,2022-08-11T16:00:00+00:00,0.000049110000,8.0
1660262400006,2022-08-12T00:00:00.006000+00:00,0.000090240000,8.0
1660291200000,2022-08-12T08:00:00+00:00,0.000014120000,8.0
1660320000005,2022-08-12T16:00:00.005000+00:00,-0.000033840000,8.0
1660348800012,2022-08-13T00:00:00.012000+00:00,-0.000035590000,8.0
1660377600006,2022-08-13T08:00:00.006000+00:00,0.000084550000,8.0
1660406400018,2022-08-13T16:00:00.018000+00:00,0.000021540000,8.0
1660435200000,2022-08-14T00:00:00+00:00,0.000023960000,8.0
1660464000000,2022-08-14T08:00:00+00:00,-0.000003330000,8.0
1660492800000,2022-08-14T16:00:00+00:00,0.000012390000,8.0
1660521600010,2022-08-15T00:00:00.010000+00:00,-0.000037660000,8.0
1660550400002,2022-08-15T08:00:00.002000+00:00,0.000010770000,8.0
1660579200010,2022-08-15T16:00:00.010000+00:00,-0.000013390000,8.0
1660608000010,2022-08-16T00:00:00.010000+00:00,0.000032430000,8.0
1660636800002,2022-08-16T08:00:00.002000+00:00,0.000001560000,8.0
1660665600000,2022-08-16T16:00:00+00:00,0.000028700000,8.0
1660694400020,2022-08-17T00:00:00.020000+00:00,0.000004660000,8.0
1660723200016,2022-08-17T08:00:00.016000+00:00,0.000002620000,8.0
1660752000001,2022-08-17T16:00:00.001000+00:00,0.000093640000,8.0
1660780800005,2022-08-18T00:00:00.005000+00:00,0.000083910000,8.0
1660809600012,2022-08-18T08:00:00.012000+00:00,0.000100000000,8.0
1660838400013,2022-08-18T16:00:00.013000+00:00,0.000071710000,8.0
1660867200000,2022-08-19T00:00:00+00:00,0.000100000000,8.0
1660896000000,2022-08-19T08:00:00+00:00,0.000021080000,8.0
1660924800009,2022-08-19T16:00:00.009000+00:00,-0.000067460000,8.0
1660953600000,2022-08-20T00:00:00+00:00,0.000010700000,8.0
1660982400005,2022-08-20T08:00:00.005000+00:00,-0.000067220000,8.0
1661011200000,2022-08-20T16:00:00+00:00,-0.000045670000,8.0
1661040000010,2022-08-21T00:00:00.010000+00:00,-0.000019570000,8.0
1661068800013,2022-08-21T08:00:00.013000+00:00,-0.000035890000,8.0
1661097600000,2022-08-21T16:00:00+00:00,-0.000032340000,8.0
1661126400011,2022-08-22T00:00:00.011000+00:00,-0.000080920000,8.0
1661155200005,2022-08-22T08:00:00.005000+00:00,-0.000032150000,8.0
1661184000005,2022-08-22T16:00:00.005000+00:00,0.000040210000,8.0
1661212800000,2022-08-23T00:00:00+00:00,-0.000033450000,8.0
1661241600021,2022-08-23T08:00:00.021000+00:00,-0.000040310000,8.0
1661270400005,2022-08-23T16:00:00.005000+00:00,0.000008460000,8.0
1661299200017,2022-08-24T00:00:00.017000+00:00,0.000025090000,8.0
1661328000021,2022-08-24T08:00:00.021000+00:00,-0.000043530000,8.0
1661356800000,2022-08-24T16:00:00+00:00,-0.000035380000,8.0
1661385600003,2022-08-25T00:00:00.003000+00:00,0.000001280000,8.0
1661414400000,2022-08-25T08:00:00+00:00,0.000015470000,8.0
1661443200004,2022-08-25T16:00:00.004000+00:00,0.000044810000,8.0
1661472000001,2022-08-26T00:00:00.001000+00:00,-0.000017070000,8.0
1661500800004,2022-08-26T08:00:00.004000+00:00,0.000032070000,8.0
1661529600000,2022-08-26T16:00:00+00:00,0.000025990000,8.0
1661558400010,2022-08-27T00:00:00.010000+00:00,-0.000028080000,8.0
1661587200007,2022-08-27T08:00:00.007000+00:00,-0.000062900000,8.0
1661616000008,2022-08-27T16:00:00.008000+00:00,-0.000043960000,8.0
1661644800019,2022-08-28T00:00:00.019000+00:00,-0.000013960000,8.0
1661673600000,2022-08-28T08:00:00+00:00,-0.000087580000,8.0
1661702400000,2022-08-28T16:00:00+00:00,-0.000024430000,8.0
1661731200000,2022-08-29T00:00:00+00:00,-0.000136230000,8.0
1661760000000,2022-08-29T08:00:00+00:00,-0.000100560000,8.0
1661788800001,2022-08-29T16:00:00.001000+00:00,-0.000061930000,8.0
1661817600001,2022-08-30T00:00:00.001000+00:00,0.000011230000,8.0
1661846400005,2022-08-30T08:00:00.005000+00:00,-0.000033560000,8.0
1661875200010,2022-08-30T16:00:00.010000+00:00,-0.000059030000,8.0
1661904000000,2022-08-31T00:00:00+00:00,-0.000020890000,8.0
1661932800005,2022-08-31T08:00:00.005000+00:00,0.000057790000,8.0
1661961600013,2022-08-31T16:00:00.013000+00:00,0.000049500000,8.0
1661990400012,2022-09-01T00:00:00.012000+00:00,0.000093900000,8.0
1662019200000,2022-09-01T08:00:00+00:00,0.000022660000,8.0
1662048000013,2022-09-01T16:00:00.013000+00:00,0.000036300000,8.0
1662076800002,2022-09-02T00:00:00.002000+00:00,0.000024980000,8.0
1662105600013,2022-09-02T08:00:00.013000+00:00,0.000049050000,8.0
1662134400000,2022-09-02T16:00:00+00:00,0.000044430000,8.0
1662163200000,2022-09-03T00:00:00+00:00,-0.000001990000,8.0
1662192000002,2022-09-03T08:00:00.002000+00:00,0.000094420000,8.0
1662220800007,2022-09-03T16:00:00.007000+00:00,0.000011150000,8.0
1662249600008,2022-09-04T00:00:00.008000+00:00,0.000005880000,8.0
1662278400009,2022-09-04T08:00:00.009000+00:00,0.000054630000,8.0
1662307200000,2022-09-04T16:00:00+00:00,0.000021190000,8.0
1662336000015,2022-09-05T00:00:00.015000+00:00,0.000082920000,8.0
1662364800013,2022-09-05T08:00:00.013000+00:00,-0.000007370000,8.0
1662393600007,2022-09-05T16:00:00.007000+00:00,0.000047120000,8.0
1662422400018,2022-09-06T00:00:00.018000+00:00,-0.000002450000,8.0
1662451200020,2022-09-06T08:00:00.020000+00:00,0.000003430000,8.0
1662480000028,2022-09-06T16:00:00.028000+00:00,0.000034730000,8.0
1662508800013,2022-09-07T00:00:00.013000+00:00,-0.000086010000,8.0
1662537600022,2022-09-07T08:00:00.022000+00:00,0.000027290000,8.0
1662566400021,2022-09-07T16:00:00.021000+00:00,-0.000034800000,8.0
1662595200010,2022-09-08T00:00:00.010000+00:00,0.000006200000,8.0
1662624000000,2022-09-08T08:00:00+00:00,0.000033270000,8.0
1662652800003,2022-09-08T16:00:00.003000+00:00,0.000056670000,8.0
1662681600011,2022-09-09T00:00:00.011000+00:00,0.000013120000,8.0
1662710400000,2022-09-09T08:00:00+00:00,0.000100000000,8.0
1662739200000,2022-09-09T16:00:00+00:00,0.000100000000,8.0
1662768000003,2022-09-10T00:00:00.003000+00:00,0.000100000000,8.0
1662796800000,2022-09-10T08:00:00+00:00,0.000097640000,8.0
1662825600012,2022-09-10T16:00:00.012000+00:00,0.000100000000,8.0
1662854400009,2022-09-11T00:00:00.009000+00:00,0.000071150000,8.0
1662883200012,2022-09-11T08:00:00.012000+00:00,0.000100000000,8.0
1662912000005,2022-09-11T16:00:00.005000+00:00,0.000067120000,8.0
1662940800007,2022-09-12T00:00:00.007000+00:00,0.000100000000,8.0
1662969600013,2022-09-12T08:00:00.013000+00:00,0.000082460000,8.0
1662998400000,2022-09-12T16:00:00+00:00,0.000100000000,8.0
1663027200004,2022-09-13T00:00:00.004000+00:00,0.000099650000,8.0
1663056000000,2022-09-13T08:00:00+00:00,0.000100000000,8.0
1663084800000,2022-09-13T16:00:00+00:00,0.000100000000,8.0
1663113600000,2022-09-14T00:00:00+00:00,-0.000039530000,8.0
1663142400000,2022-09-14T08:00:00+00:00,0.000007270000,8.0
1663171200000,2022-09-14T16:00:00+00:00,0.000010040000,8.0
1663200000019,2022-09-15T00:00:00.019000+00:00,0.000003240000,8.0
1663228800012,2022-09-15T08:00:00.012000+00:00,0.000100000000,8.0
1663257600007,2022-09-15T16:00:00.007000+00:00,0.000008130000,8.0
1663286400000,2022-09-16T00:00:00+00:00,0.000080550000,8.0
1663315200000,2022-09-16T08:00:00+00:00,0.000043490000,8.0
1663344000000,2022-09-16T16:00:00+00:00,0.000029190000,8.0
1663372800000,2022-09-17T00:00:00+00:00,0.000030240000,8.0
1663401600012,2022-09-17T08:00:00.012000+00:00,0.000043360000,8.0
1663430400017,2022-09-17T16:00:00.017000+00:00,0.000014670000,8.0
1663459200000,2022-09-18T00:00:00+00:00,0.000064280000,8.0
1663488000004,2022-09-18T08:00:00.004000+00:00,0.000078200000,8.0
1663516800000,2022-09-18T16:00:00+00:00,0.000035640000,8.0
1663545600018,2022-09-19T00:00:00.018000+00:00,0.000035810000,8.0
1663574400006,2022-09-19T08:00:00.006000+00:00,-0.000092890000,8.0
1663603200010,2022-09-19T16:00:00.010000+00:00,0.000006000000,8.0
1663632000007,2022-09-20T00:00:00.007000+00:00,0.000078130000,8.0
1663660800001,2022-09-20T08:00:00.001000+00:00,0.000058550000,8.0
1663689600000,2022-09-20T16:00:00+00:00,0.000017210000,8.0
1663718400001,2022-09-21T00:00:00.001000+00:00,0.000051850000,8.0
1663747200005,2022-09-21T08:00:00.005000+00:00,0.000014780000,8.0
1663776000000,2022-09-21T16:00:00+00:00,0.000027320000,8.0
1663804800000,2022-09-22T00:00:00+00:00,-0.000117790000,8.0
1663833600000,2022-09-22T08:00:00+00:00,-0.000069110000,8.0
1663862400011,2022-09-22T16:00:00.011000+00:00,0.000077430000,8.0
1663891200023,2022-09-23T00:00:00.023000+00:00,0.000072610000,8.0
1663920000004,2022-09-23T08:00:00.004000+00:00,0.000029590000,8.0
1663948800005,2022-09-23T16:00:00.005000+00:00,-0.000050080000,8.0
1663977600000,2022-09-24T00:00:00+00:00,0.000029470000,8.0
1664006400005,2022-09-24T08:00:00.005000+00:00,0.000016760000,8.0
1664035200000,2022-09-24T16:00:00+00:00,0.000053450000,8.0
1664064000010,2022-09-25T00:00:00.010000+00:00,0.000009990000,8.0
1664092800000,2022-09-25T08:00:00+00:00,0.000036530000,8.0
1664121600003,2022-09-25T16:00:00.003000+00:00,0.000025930000,8.0
1664150400001,2022-09-26T00:00:00.001000+00:00,-0.000006600000,8.0
1664179200006,2022-09-26T08:00:00.006000+00:00,0.000036960000,8.0
1664208000000,2022-09-26T16:00:00+00:00,0.000044970000,8.0
1664236800026,2022-09-27T00:00:00.026000+00:00,0.000022440000,8.0
1664265600004,2022-09-27T08:00:00.004000+00:00,0.000100000000,8.0
1664294400006,2022-09-27T16:00:00.006000+00:00,0.000085380000,8.0
1664323200011,2022-09-28T00:00:00.011000+00:00,0.000011410000,8.0
1664352000000,2022-09-28T08:00:00+00:00,-0.000010710000,8.0
1664380800000,2022-09-28T16:00:00+00:00,0.000053320000,8.0
1664409600010,2022-09-29T00:00:00.010000+00:00,0.000056810000,8.0
1664438400000,2022-09-29T08:00:00+00:00,0.000076410000,8.0
1664467200000,2022-09-29T16:00:00+00:00,0.000066850000,8.0
1664496000006,2022-09-30T00:00:00.006000+00:00,0.000100000000,8.0
1664524800002,2022-09-30T08:00:00.002000+00:00,0.000100000000,8.0
1664553600007,2022-09-30T16:00:00.007000+00:00,0.000100000000,8.0
1664582400008,2022-10-01T00:00:00.008000+00:00,0.000031980000,8.0
1664611200011,2022-10-01T08:00:00.011000+00:00,0.000100000000,8.0
1664640000000,2022-10-01T16:00:00+00:00,0.000070050000,8.0
1664668800000,2022-10-02T00:00:00+00:00,0.000042620000,8.0
1664697600000,2022-10-02T08:00:00+00:00,0.000058160000,8.0
1664726400006,2022-10-02T16:00:00.006000+00:00,0.000053840000,8.0
1664755200000,2022-10-03T00:00:00+00:00,0.000039960000,8.0
1664784000014,2022-10-03T08:00:00.014000+00:00,0.000083160000,8.0
1664812800010,2022-10-03T16:00:00.010000+00:00,0.000100000000,8.0
1664841600006,2022-10-04T00:00:00.006000+00:00,0.000100000000,8.0
1664870400004,2022-10-04T08:00:00.004000+00:00,0.000100000000,8.0
1664899200013,2022-10-04T16:00:00.013000+00:00,0.000100000000,8.0
1664928000000,2022-10-05T00:00:00+00:00,0.000100000000,8.0
1664956800000,2022-10-05T08:00:00+00:00,0.000100000000,8.0
1664985600012,2022-10-05T16:00:00.012000+00:00,0.000100000000,8.0
1665014400008,2022-10-06T00:00:00.008000+00:00,0.000100000000,8.0
1665043200002,2022-10-06T08:00:00.002000+00:00,0.000100000000,8.0
1665072000006,2022-10-06T16:00:00.006000+00:00,0.000100000000,8.0
1665100800000,2022-10-07T00:00:00+00:00,0.000100000000,8.0
1665129600000,2022-10-07T08:00:00+00:00,0.000100000000,8.0
1665158400007,2022-10-07T16:00:00.007000+00:00,0.000075130000,8.0
1665187200010,2022-10-08T00:00:00.010000+00:00,0.000038500000,8.0
1665216000004,2022-10-08T08:00:00.004000+00:00,0.000073450000,8.0
1665244800018,2022-10-08T16:00:00.018000+00:00,0.000041490000,8.0
1665273600000,2022-10-09T00:00:00+00:00,0.000032460000,8.0
1665302400007,2022-10-09T08:00:00.007000+00:00,0.000017760000,8.0
1665331200011,2022-10-09T16:00:00.011000+00:00,0.000019510000,8.0
1665360000018,2022-10-10T00:00:00.018000+00:00,0.000062410000,8.0
1665388800000,2022-10-10T08:00:00+00:00,0.000060690000,8.0
1665417600026,2022-10-10T16:00:00.026000+00:00,0.000100000000,8.0
1665446400020,2022-10-11T00:00:00.020000+00:00,0.000100000000,8.0
1665475200027,2022-10-11T08:00:00.027000+00:00,0.000100000000,8.0
1665504000000,2022-10-11T16:00:00+00:00,0.000100000000,8.0
1665532800014,2022-10-12T00:00:00.014000+00:00,0.000100000000,8.0
1665561600000,2022-10-12T08:00:00+00:00,0.000100000000,8.0
1665590400000,2022-10-12T16:00:00+00:00,0.000100000000,8.0
1665619200013,2022-10-13T00:00:00.013000+00:00,0.000074660000,8.0
1665648000016,2022-10-13T08:00:00.016000+00:00,0.000100000000,8.0
1665676800009,2022-10-13T16:00:00.009000+00:00,0.000039360000,8.0
1665705600020,2022-10-14T00:00:00.020000+00:00,0.000032350000,8.0
1665734400000,2022-10-14T08:00:00+00:00,0.000100000000,8.0
1665763200009,2022-10-14T16:00:00.009000+00:00,0.000083950000,8.0
1665792000001,2022-10-15T00:00:00.001000+00:00,0.000043170000,8.0
1665820800005,2022-10-15T08:00:00.005000+00:00,0.000037720000,8.0
1665849600004,2022-10-15T16:00:00.004000+00:00,0.000045630000,8.0
1665878400012,2022-10-16T00:00:00.012000+00:00,0.000027350000,8.0
1665907200000,2022-10-16T08:00:00+00:00,0.000004610000,8.0
1665936000010,2022-10-16T16:00:00.010000+00:00,0.000033940000,8.0
1665964800012,2022-10-17T00:00:00.012000+00:00,0.000003310000,8.0
1665993600010,2022-10-17T08:00:00.010000+00:00,0.000048400000,8.0
1666022400017,2022-10-17T16:00:00.017000+00:00,0.000064580000,8.0
1666051200010,2022-10-18T00:00:00.010000+00:00,0.000100000000,8.0
1666080000008,2022-10-18T08:00:00.008000+00:00,0.000100000000,8.0
1666108800000,2022-10-18T16:00:00+00:00,0.000100000000,8.0
1666137600007,2022-10-19T00:00:00.007000+00:00,0.000075980000,8.0
1666166400022,2022-10-19T08:00:00.022000+00:00,0.000100000000,8.0
1666195200016,2022-10-19T16:00:00.016000+00:00,0.000100000000,8.0
1666224000000,2022-10-20T00:00:00+00:00,0.000100000000,8.0
1666252800013,2022-10-20T08:00:00.013000+00:00,0.000060210000,8.0
1666281600000,2022-10-20T16:00:00+00:00,0.000020950000,8.0
1666310400005,2022-10-21T00:00:00.005000+00:00,0.000047080000,8.0
1666339200018,2022-10-21T08:00:00.018000+00:00,0.000044830000,8.0
1666368000000,2022-10-21T16:00:00+00:00,-0.000008900000,8.0
1666396800000,2022-10-22T00:00:00+00:00,0.000037210000,8.0
1666425600015,2022-10-22T08:00:00.015000+00:00,0.000083600000,8.0
1666454400000,2022-10-22T16:00:00+00:00,-0.000003190000,8.0
1666483200025,2022-10-23T00:00:00.025000+00:00,0.000041520000,8.0
1666512000000,2022-10-23T08:00:00+00:00,0.000011710000,8.0
1666540800004,2022-10-23T16:00:00.004000+00:00,0.000051740000,8.0
1666569600009,2022-10-24T00:00:00.009000+00:00,0.000100000000,8.0
1666598400012,2022-10-24T08:00:00.012000+00:00,0.000100000000,8.0
1666627200002,2022-10-24T16:00:00.002000+00:00,0.000023280000,8.0
1666656000013,2022-10-25T00:00:00.013000+00:00,0.000043270000,8.0
1666684800013,2022-10-25T08:00:00.013000+00:00,0.000090190000,8.0
1666713600000,2022-10-25T16:00:00+00:00,-0.000001660000,8.0
1666742400006,2022-10-26T00:00:00.006000+00:00,0.000022430000,8.0
1666771200013,2022-10-26T08:00:00.013000+00:00,0.000056650000,8.0
1666800000000,2022-10-26T16:00:00+00:00,0.000061220000,8.0
1666828800009,2022-10-27T00:00:00.009000+00:00,0.000000130000,8.0
1666857600006,2022-10-27T08:00:00.006000+00:00,-0.000022760000,8.0
1666886400009,2022-10-27T16:00:00.009000+00:00,0.000013760000,8.0
1666915200000,2022-10-28T00:00:00+00:00,-0.000012280000,8.0
1666944000000,2022-10-28T08:00:00+00:00,0.000035410000,8.0
1666972800007,2022-10-28T16:00:00.007000+00:00,-0.000026290000,8.0
1667001600000,2022-10-29T00:00:00+00:00,0.000024840000,8.0
1667030400003,2022-10-29T08:00:00.003000+00:00,0.000047550000,8.0
1667059200010,2022-10-29T16:00:00.010000+00:00,0.000042050000,8.0
1667088000000,2022-10-30T00:00:00+00:00,-0.000025150000,8.0
1667116800013,2022-10-30T08:00:00.013000+00:00,0.000032120000,8.0
1667145600009,2022-10-30T16:00:00.009000+00:00,0.000051350000,8.0
1667174400012,2022-10-31T00:00:00.012000+00:00,0.000015040000,8.0
1667203200000,2022-10-31T08:00:00+00:00,0.000038420000,8.0
1667232000010,2022-10-31T16:00:00.010000+00:00,-0.000004340000,8.0
1667260800000,2022-11-01T00:00:00+00:00,0.000007220000,8.0
1667289600000,2022-11-01T08:00:00+00:00,-0.000010880000,8.0
1667318400000,2022-11-01T16:00:00+00:00,0.000013020000,8.0
1667347200000,2022-11-02T00:00:00+00:00,0.000047870000,8.0
1667376000000,2022-11-02T08:00:00+00:00,0.000012030000,8.0
1667404800019,2022-11-02T16:00:00.019000+00:00,0.000060460000,8.0
1667433600011,2022-11-03T00:00:00.011000+00:00,0.000026800000,8.0
1667462400016,2022-11-03T08:00:00.016000+00:00,0.000004400000,8.0
1667491200005,2022-11-03T16:00:00.005000+00:00,0.000069400000,8.0
1667520000000,2022-11-04T00:00:00+00:00,0.000044290000,8.0
1667548800004,2022-11-04T08:00:00.004000+00:00,0.000011480000,8.0
1667577600020,2022-11-04T16:00:00.020000+00:00,0.000068990000,8.0
1667606400009,2022-11-05T00:00:00.009000+00:00,0.000044090000,8.0
1667635200007,2022-11-05T08:00:00.007000+00:00,0.000045410000,8.0
1667664000018,2022-11-05T16:00:00.018000+00:00,0.000100000000,8.0
1667692800009,2022-11-06T00:00:00.009000+00:00,0.000064910000,8.0
1667721600000,2022-11-06T08:00:00+00:00,0.000097320000,8.0
1667750400010,2022-11-06T16:00:00.010000+00:00,0.000068660000,8.0
1667779200012,2022-11-07T00:00:00.012000+00:00,0.000078130000,8.0
1667808000014,2022-11-07T08:00:00.014000+00:00,0.000100000000,8.0
1667836800006,2022-11-07T16:00:00.006000+00:00,0.000100000000,8.0
1667865600000,2022-11-08T00:00:00+00:00,0.000065150000,8.0
1667894400001,2022-11-08T08:00:00.001000+00:00,-0.000007880000,8.0
1667923200005,2022-11-08T16:00:00.005000+00:00,0.000094460000,8.0
1667952000000,2022-11-09T00:00:00+00:00,-0.000138840000,8.0
1667980800013,2022-11-09T08:00:00.013000+00:00,0.000073050000,8.0
1668009600004,2022-11-09T16:00:00.004000+00:00,-0.000329760000,8.0
1668038400006,2022-11-10T00:00:00.006000+00:00,-0.001191720000,8.0
1668067200000,2022-11-10T08:00:00+00:00,-0.001119530000,8.0
1668096000015,2022-11-10T16:00:00.015000+00:00,-0.000238330000,8.0
1668124800000,2022-11-11T00:00:00+00:00,-0.000194520000,8.0
1668153600015,2022-11-11T08:00:00.015000+00:00,-0.000072770000,8.0
1668182400027,2022-11-11T16:00:00.027000+00:00,-0.000058020000,8.0
1668211200007,2022-11-12T00:00:00.007000+00:00,0.000053000000,8.0
1668240000016,2022-11-12T08:00:00.016000+00:00,-0.000024060000,8.0
1668268800000,2022-11-12T16:00:00+00:00,0.000065210000,8.0
1668297600004,2022-11-13T00:00:00.004000+00:00,0.000003330000,8.0
1668326400000,2022-11-13T08:00:00+00:00,-0.000073570000,8.0
1668355200017,2022-11-13T16:00:00.017000+00:00,0.000028160000,8.0
1668384000000,2022-11-14T00:00:00+00:00,-0.000038090000,8.0
1668412800000,2022-11-14T08:00:00+00:00,-0.000076450000,8.0
1668441600000,2022-11-14T16:00:00+00:00,-0.000011320000,8.0
1668470400014,2022-11-15T00:00:00.014000+00:00,-0.000109250000,8.0
1668499200009,2022-11-15T08:00:00.009000+00:00,-0.000176640000,8.0
1668528000010,2022-11-15T16:00:00.010000+00:00,0.000022750000,8.0
1668556800011,2022-11-16T00:00:00.011000+00:00,-0.000132160000,8.0
1668585600004,2022-11-16T08:00:00.004000+00:00,0.000011210000,8.0
1668614400008,2022-11-16T16:00:00.008000+00:00,-0.000066170000,8.0
1668643200000,2022-11-17T00:00:00+00:00,-0.000045420000,8.0
1668672000000,2022-11-17T08:00:00+00:00,-0.000051380000,8.0
1668700800006,2022-11-17T16:00:00.006000+00:00,-0.000027010000,8.0
1668729600004,2022-11-18T00:00:00.004000+00:00,-0.000028360000,8.0
1668758400016,2022-11-18T08:00:00.016000+00:00,0.000023980000,8.0
1668787200000,2022-11-18T16:00:00+00:00,0.000009550000,8.0
1668816000000,2022-11-19T00:00:00+00:00,0.000055560000,8.0
1668844800004,2022-11-19T08:00:00.004000+00:00,0.000078970000,8.0
1668873600024,2022-11-19T16:00:00.024000+00:00,-0.000011690000,8.0
1668902400015,2022-11-20T00:00:00.015000+00:00,-0.000007790000,8.0
1668931200004,2022-11-20T08:00:00.004000+00:00,0.000035520000,8.0
1668960000000,2022-11-20T16:00:00+00:00,-0.000009790000,8.0
1668988800006,2022-11-21T00:00:00.006000+00:00,0.000078980000,8.0
1669017600015,2022-11-21T08:00:00.015000+00:00,-0.000012180000,8.0
1669046400000,2022-11-21T16:00:00+00:00,0.000023020000,8.0
1669075200000,2022-11-22T00:00:00+00:00,-0.000074850000,8.0
1669104000000,2022-11-22T08:00:00+00:00,0.000020330000,8.0
1669132800000,2022-11-22T16:00:00+00:00,0.000078810000,8.0
1669161600000,2022-11-23T00:00:00+00:00,0.000094060000,8.0
1669190400011,2022-11-23T08:00:00.011000+00:00,0.000100000000,8.0
1669219200014,2022-11-23T16:00:00.014000+00:00,-0.000003900000,8.0
1669248000007,2022-11-24T00:00:00.007000+00:00,0.000054200000,8.0
1669276800014,2022-11-24T08:00:00.014000+00:00,0.000020120000,8.0
1669305600013,2022-11-24T16:00:00.013000+00:00,0.000062720000,8.0
1669334400004,2022-11-25T00:00:00.004000+00:00,0.000020580000,8.0
1669363200015,2022-11-25T08:00:00.015000+00:00,0.000004610000,8.0
1669392000000,2022-11-25T16:00:00+00:00,0.000013290000,8.0
1669420800011,2022-11-26T00:00:00.011000+00:00,0.000038590000,8.0
1669449600000,2022-11-26T08:00:00+00:00,-0.000024550000,8.0
1669478400000,2022-11-26T16:00:00+00:00,0.000035230000,8.0
1669507200012,2022-11-27T00:00:00.012000+00:00,0.000010630000,8.0
1669536000000,2022-11-27T08:00:00+00:00,-0.000030660000,8.0
1669564800003,2022-11-27T16:00:00.003000+00:00,0.000037840000,8.0
1669593600015,2022-11-28T00:00:00.015000+00:00,0.000023030000,8.0
1669622400004,2022-11-28T08:00:00.004000+00:00,0.000005360000,8.0
1669651200011,2022-11-28T16:00:00.011000+00:00,0.000000210000,8.0
1669680000000,2022-11-29T00:00:00+00:00,0.000047600000,8.0
1669708800015,2022-11-29T08:00:00.015000+00:00,-0.000003850000,8.0
1669737600000,2022-11-29T16:00:00+00:00,0.000041710000,8.0
1669766400007,2022-11-30T00:00:00.007000+00:00,0.000034040000,8.0
1669795200000,2022-11-30T08:00:00+00:00,0.000040380000,8.0
1669824000015,2022-11-30T16:00:00.015000+00:00,0.000095110000,8.0
1669852800001,2022-12-01T00:00:00.001000+00:00,0.000010290000,8.0
1669881600006,2022-12-01T08:00:00.006000+00:00,-0.000050010000,8.0
1669910400000,2022-12-01T16:00:00+00:00,0.000100000000,8.0
1669939200001,2022-12-02T00:00:00.001000+00:00,0.000082030000,8.0
1669968000016,2022-12-02T08:00:00.016000+00:00,0.000028250000,8.0
1669996800017,2022-12-02T16:00:00.017000+00:00,-0.000037530000,8.0
1670025600006,2022-12-03T00:00:00.006000+00:00,0.000033020000,8.0
1670054400000,2022-12-03T08:00:00+00:00,0.000051230000,8.0
1670083200011,2022-12-03T16:00:00.011000+00:00,0.000100000000,8.0
1670112000006,2022-12-04T00:00:00.006000+00:00,0.000061740000,8.0
1670140800000,2022-12-04T08:00:00+00:00,0.000064370000,8.0
1670169600006,2022-12-04T16:00:00.006000+00:00,0.000045810000,8.0
1670198400002,2022-12-05T00:00:00.002000+00:00,0.000000540000,8.0
1670227200011,2022-12-05T08:00:00.011000+00:00,-0.000042180000,8.0
1670256000008,2022-12-05T16:00:00.008000+00:00,0.000046030000,8.0
1670284800014,2022-12-06T00:00:00.014000+00:00,0.000022060000,8.0
1670313600027,2022-12-06T08:00:00.027000+00:00,0.000041180000,8.0
1670342400009,2022-12-06T16:00:00.009000+00:00,0.000023050000,8.0
1670371200000,2022-12-07T00:00:00+00:00,0.000078870000,8.0
1670400000000,2022-12-07T08:00:00+00:00,0.000006580000,8.0
1670428800000,2022-12-07T16:00:00+00:00,-0.000014920000,8.0
1670457600006,2022-12-08T00:00:00.006000+00:00,0.000011830000,8.0
1670486400000,2022-12-08T08:00:00+00:00,0.000021520000,8.0
1670515200014,2022-12-08T16:00:00.014000+00:00,0.000001670000,8.0
1670544000017,2022-12-09T00:00:00.017000+00:00,0.000011780000,8.0
1670572800005,2022-12-09T08:00:00.005000+00:00,0.000040070000,8.0
1670601600000,2022-12-09T16:00:00+00:00,0.000031980000,8.0
1670630400009,2022-12-10T00:00:00.009000+00:00,-0.000016690000,8.0
1670659200010,2022-12-10T08:00:00.010000+00:00,-0.000006870000,8.0
1670688000001,2022-12-10T16:00:00.001000+00:00,0.000017110000,8.0
1670716800011,2022-12-11T00:00:00.011000+00:00,0.000009290000,8.0
1670745600007,2022-12-11T08:00:00.007000+00:00,0.000008730000,8.0
1670774400011,2022-12-11T16:00:00.011000+00:00,0.000006920000,8.0
1670803200000,2022-12-12T00:00:00+00:00,0.000024060000,8.0
1670832000004,2022-12-12T08:00:00.004000+00:00,0.000026380000,8.0
1670860800000,2022-12-12T16:00:00+00:00,-0.000016700000,8.0
1670889600000,2022-12-13T00:00:00+00:00,0.000030030000,8.0
1670918400018,2022-12-13T08:00:00.018000+00:00,0.000019710000,8.0
1670947200011,2022-12-13T16:00:00.011000+00:00,0.000100000000,8.0
1670976000010,2022-12-14T00:00:00.010000+00:00,0.000100000000,8.0
1671004800015,2022-12-14T08:00:00.015000+00:00,0.000100000000,8.0
1671033600004,2022-12-14T16:00:00.004000+00:00,0.000100000000,8.0
1671062400000,2022-12-15T00:00:00+00:00,0.000100000000,8.0
1671091200023,2022-12-15T08:00:00.023000+00:00,0.000100000000,8.0
1671120000010,2022-12-15T16:00:00.010000+00:00,0.000051800000,8.0
1671148800016,2022-12-16T00:00:00.016000+00:00,0.000048420000,8.0
1671177600011,2022-12-16T08:00:00.011000+00:00,0.000057060000,8.0
1671206400001,2022-12-16T16:00:00.001000+00:00,-0.000019870000,8.0
1671235200001,2022-12-17T00:00:00.001000+00:00,0.000020130000,8.0
1671264000011,2022-12-17T08:00:00.011000+00:00,0.000078100000,8.0
1671292800011,2022-12-17T16:00:00.011000+00:00,0.000097070000,8.0
1671321600008,2022-12-18T00:00:00.008000+00:00,0.000062740000,8.0
1671350400001,2022-12-18T08:00:00.001000+00:00,0.000068280000,8.0
1671379200012,2022-12-18T16:00:00.012000+00:00,-0.000006470000,8.0
1671408000000,2022-12-19T00:00:00+00:00,0.000064680000,8.0
1671436800000,2022-12-19T08:00:00+00:00,0.000034930000,8.0
1671465600000,2022-12-19T16:00:00+00:00,0.000044960000,8.0
1671494400005,2022-12-20T00:00:00.005000+00:00,0.000056110000,8.0
1671523200016,2022-12-20T08:00:00.016000+00:00,-0.000000120000,8.0
1671552000000,2022-12-20T16:00:00+00:00,0.000034010000,8.0
1671580800007,2022-12-21T00:00:00.007000+00:00,0.000037780000,8.0
1671609600012,2022-12-21T08:00:00.012000+00:00,0.000077420000,8.0
1671638400017,2022-12-21T16:00:00.017000+00:00,0.000075820000,8.0
1671667200004,2022-12-22T00:00:00.004000+00:00,0.000029180000,8.0
1671696000000,2022-12-22T08:00:00+00:00,0.000081670000,8.0
1671724800001,2022-12-22T16:00:00.001000+00:00,0.000071980000,8.0
1671753600018,2022-12-23T00:00:00.018000+00:00,0.000100000000,8.0
1671782400000,2022-12-23T08:00:00+00:00,0.000100000000,8.0
1671811200000,2022-12-23T16:00:00+00:00,0.000089030000,8.0
1671840000001,2022-12-24T00:00:00.001000+00:00,0.000100000000,8.0
1671868800007,2022-12-24T08:00:00.007000+00:00,0.000047480000,8.0
1671897600008,2022-12-24T16:00:00.008000+00:00,0.000062220000,8.0
1671926400000,2022-12-25T00:00:00+00:00,0.000005210000,8.0
1671955200013,2022-12-25T08:00:00.013000+00:00,0.000018550000,8.0
1671984000000,2022-12-25T16:00:00+00:00,0.000030600000,8.0
1672012800001,2022-12-26T00:00:00.001000+00:00,0.000033190000,8.0
1672041600000,2022-12-26T08:00:00+00:00,-0.000050640000,8.0
1672070400005,2022-12-26T16:00:00.005000+00:00,0.000028710000,8.0
1672099200005,2022-12-27T00:00:00.005000+00:00,0.000086550000,8.0
1672128000010,2022-12-27T08:00:00.010000+00:00,0.000011020000,8.0
1672156800006,2022-12-27T16:00:00.006000+00:00,0.000019510000,8.0
1672185600010,2022-12-28T00:00:00.010000+00:00,0.000042520000,8.0
1672214400010,2022-12-28T08:00:00.010000+00:00,0.000097640000,8.0
1672243200010,2022-12-28T16:00:00.010000+00:00,0.000021110000,8.0
1672272000011,2022-12-29T00:00:00.011000+00:00,0.000099850000,8.0
1672300800000,2022-12-29T08:00:00+00:00,0.000085320000,8.0
1672329600008,2022-12-29T16:00:00.008000+00:00,0.000100000000,8.0
1672358400000,2022-12-30T00:00:00+00:00,0.000100000000,8.0
1672387200000,2022-12-30T08:00:00+00:00,0.000071320000,8.0
1672416000000,2022-12-30T16:00:00+00:00,0.000100000000,8.0
1672444800014,2022-12-31T00:00:00.014000+00:00,0.000100000000,8.0
1672473600000,2022-12-31T08:00:00+00:00,0.000100000000,8.0
1672502400000,2022-12-31T16:00:00+00:00,0.000100000000,8.0
1672531200000,2023-01-01T00:00:00+00:00,0.000100000000,8.0
1672560000008,2023-01-01T08:00:00.008000+00:00,0.000100000000,8.0
1672588800000,2023-01-01T16:00:00+00:00,0.000006910000,8.0
1672617600000,2023-01-02T00:00:00+00:00,-0.000014880000,8.0
1672646400008,2023-01-02T08:00:00.008000+00:00,-0.000043560000,8.0
1672675200015,2023-01-02T16:00:00.015000+00:00,0.000026700000,8.0
1672704000003,2023-01-03T00:00:00.003000+00:00,0.000100000000,8.0
1672732800018,2023-01-03T08:00:00.018000+00:00,0.000089770000,8.0
1672761600000,2023-01-03T16:00:00+00:00,0.000033220000,8.0
1672790400000,2023-01-04T00:00:00+00:00,0.000064890000,8.0
1672819200016,2023-01-04T08:00:00.016000+00:00,0.000033880000,8.0
1672848000011,2023-01-04T16:00:00.011000+00:00,0.000049310000,8.0
1672876800009,2023-01-05T00:00:00.009000+00:00,0.000054170000,8.0
1672905600011,2023-01-05T08:00:00.011000+00:00,0.000044360000,8.0
1672934400000,2023-01-05T16:00:00+00:00,0.000072640000,8.0
1672963200005,2023-01-06T00:00:00.005000+00:00,0.000055870000,8.0
1672992000001,2023-01-06T08:00:00.001000+00:00,0.000065910000,8.0
1673020800000,2023-01-06T16:00:00+00:00,0.000086580000,8.0
1673049600006,2023-01-07T00:00:00.006000+00:00,0.000025080000,8.0
1673078400017,2023-01-07T08:00:00.017000+00:00,0.000006710000,8.0
1673107200000,2023-01-07T16:00:00+00:00,0.000100000000,8.0
1673136000015,2023-01-08T00:00:00.015000+00:00,0.000056570000,8.0
1673164800000,2023-01-08T08:00:00+00:00,0.000100000000,8.0
1673193600010,2023-01-08T16:00:00.010000+00:00,0.000074520000,8.0
1673222400003,2023-01-09T00:00:00.003000+00:00,0.000057960000,8.0
1673251200000,2023-01-09T08:00:00+00:00,-0.000006660000,8.0
1673280000006,2023-01-09T16:00:00.006000+00:00,0.000009050000,8.0
1673308800003,2023-01-10T00:00:00.003000+00:00,0.000024170000,8.0
1673337600021,2023-01-10T08:00:00.021000+00:00,0.000096850000,8.0
1673366400000,2023-01-10T16:00:00+00:00,0.000031290000,8.0
1673395200011,2023-01-11T00:00:00.011000+00:00,0.000027610000,8.0
1673424000006,2023-01-11T08:00:00.006000+00:00,0.000024770000,8.0
1673452800004,2023-01-11T16:00:00.004000+00:00,-0.000002110000,8.0
1673481600000,2023-01-12T00:00:00+00:00,0.000075490000,8.0
1673510400000,2023-01-12T08:00:00+00:00,0.000100000000,8.0
1673539200000,2023-01-12T16:00:00+00:00,0.000100000000,8.0
1673568000004,2023-01-13T00:00:00.004000+00:00,0.000100000000,8.0
1673596800000,2023-01-13T08:00:00+00:00,0.000100000000,8.0
1673625600018,2023-01-13T16:00:00.018000+00:00,0.000071600000,8.0
1673654400000,2023-01-14T00:00:00+00:00,0.000087460000,8.0
1673683200001,2023-01-14T08:00:00.001000+00:00,0.000458470000,8.0
1673712000000,2023-01-14T16:00:00+00:00,0.000100000000,8.0
1673740800010,2023-01-15T00:00:00.010000+00:00,0.000137120000,8.0
1673769600002,2023-01-15T08:00:00.002000+00:00,0.000124340000,8.0
1673798400000,2023-01-15T16:00:00+00:00,0.000198920000,8.0
1673827200010,2023-01-16T00:00:00.010000+00:00,0.000100000000,8.0
1673856000007,2023-01-16T08:00:00.007000+00:00,0.000100000000,8.0
1673884800000,2023-01-16T16:00:00+00:00,0.000100000000,8.0
1673913600004,2023-01-17T00:00:00.004000+00:00,0.000100000000,8.0
1673942400005,2023-01-17T08:00:00.005000+00:00,0.000100000000,8.0
1673971200001,2023-01-17T16:00:00.001000+00:00,0.000100000000,8.0
1674000000008,2023-01-18T00:00:00.008000+00:00,0.000100000000,8.0
1674028800009,2023-01-18T08:00:00.009000+00:00,0.000100000000,8.0
1674057600017,2023-01-18T16:00:00.017000+00:00,0.000100000000,8.0
1674086400000,2023-01-19T00:00:00+00:00,0.000100000000,8.0
1674115200015,2023-01-19T08:00:00.015000+00:00,0.000100000000,8.0
1674144000012,2023-01-19T16:00:00.012000+00:00,0.000100000000,8.0
1674172800000,2023-01-20T00:00:00+00:00,0.000100000000,8.0
1674201600000,2023-01-20T08:00:00+00:00,0.000100000000,8.0
1674230400000,2023-01-20T16:00:00+00:00,0.000100000000,8.0
1674259200013,2023-01-21T00:00:00.013000+00:00,0.000100000000,8.0
1674288000001,2023-01-21T08:00:00.001000+00:00,0.000100000000,8.0
1674316800016,2023-01-21T16:00:00.016000+00:00,0.000100000000,8.0
1674345600000,2023-01-22T00:00:00+00:00,0.000100000000,8.0
1674374400000,2023-01-22T08:00:00+00:00,0.000100000000,8.0
1674403200023,2023-01-22T16:00:00.023000+00:00,0.000100000000,8.0
1674432000014,2023-01-23T00:00:00.014000+00:00,0.000100000000,8.0
1674460800014,2023-01-23T08:00:00.014000+00:00,0.000100000000,8.0
1674489600016,2023-01-23T16:00:00.016000+00:00,0.000100000000,8.0
1674518400008,2023-01-24T00:00:00.008000+00:00,0.000100000000,8.0
1674547200008,2023-01-24T08:00:00.008000+00:00,0.000100000000,8.0
1674576000000,2023-01-24T16:00:00+00:00,0.000100000000,8.0
1674604800012,2023-01-25T00:00:00.012000+00:00,0.000100000000,8.0
1674633600000,2023-01-25T08:00:00+00:00,0.000100000000,8.0
1674662400010,2023-01-25T16:00:00.010000+00:00,0.000100000000,8.0
1674691200010,2023-01-26T00:00:00.010000+00:00,0.000100000000,8.0
1674720000003,2023-01-26T08:00:00.003000+00:00,0.000100000000,8.0
1674748800020,2023-01-26T16:00:00.020000+00:00,0.000100000000,8.0
1674777600008,2023-01-27T00:00:00.008000+00:00,0.000100000000,8.0
1674806400000,2023-01-27T08:00:00+00:00,0.000095410000,8.0
1674835200000,2023-01-27T16:00:00+00:00,0.000100000000,8.0
1674864000009,2023-01-28T00:00:00.009000+00:00,0.000100000000,8.0
1674892800018,2023-01-28T08:00:00.018000+00:00,0.000100000000,8.0
1674921600005,2023-01-28T16:00:00.005000+00:00,0.000100000000,8.0
1674950400011,2023-01-29T00:00:00.011000+00:00,0.000100000000,8.0
1674979200000,2023-01-29T08:00:00+00:00,0.000100000000,8.0
1675008000008,2023-01-29T16:00:00.008000+00:00,0.000100000000,8.0
1675036800001,2023-01-30T00:00:00.001000+00:00,0.000100000000,8.0
1675065600000,2023-01-30T08:00:00+00:00,0.000100000000,8.0
1675094400000,2023-01-30T16:00:00+00:00,0.000100000000,8.0
1675123200005,2023-01-31T00:00:00.005000+00:00,0.000100000000,8.0
1675152000000,2023-01-31T08:00:00+00:00,0.000100000000,8.0
1675180800007,2023-01-31T16:00:00.007000+00:00,0.000100000000,8.0
1675209600013,2023-02-01T00:00:00.013000+00:00,0.000100000000,8.0
1675238400000,2023-02-01T08:00:00+00:00,0.000100000000,8.0
1675267200012,2023-02-01T16:00:00.012000+00:00,0.000100000000,8.0
1675296000004,2023-02-02T00:00:00.004000+00:00,0.000100000000,8.0
1675324800023,2023-02-02T08:00:00.023000+00:00,0.000100000000,8.0
1675353600003,2023-02-02T16:00:00.003000+00:00,0.000100000000,8.0
1675382400010,2023-02-03T00:00:00.010000+00:00,0.000100000000,8.0
1675411200000,2023-02-03T08:00:00+00:00,0.000100000000,8.0
1675440000000,2023-02-03T16:00:00+00:00,0.000100000000,8.0
1675468800010,2023-02-04T00:00:00.010000+00:00,0.000100000000,8.0
1675497600000,2023-02-04T08:00:00+00:00,0.000100000000,8.0
1675526400000,2023-02-04T16:00:00+00:00,0.000100000000,8.0
1675555200016,2023-02-05T00:00:00.016000+00:00,0.000100000000,8.0
1675584000009,2023-02-05T08:00:00.009000+00:00,0.000100000000,8.0
1675612800018,2023-02-05T16:00:00.018000+00:00,0.000100000000,8.0
1675641600001,2023-02-06T00:00:00.001000+00:00,0.000100000000,8.0
1675670400000,2023-02-06T08:00:00+00:00,0.000100000000,8.0
1675699200012,2023-02-06T16:00:00.012000+00:00,0.000100000000,8.0
1675728000004,2023-02-07T00:00:00.004000+00:00,0.000100000000,8.0
1675756800011,2023-02-07T08:00:00.011000+00:00,0.000100000000,8.0
1675785600018,2023-02-07T16:00:00.018000+00:00,0.000100000000,8.0
1675814400009,2023-02-08T00:00:00.009000+00:00,0.000100000000,8.0
1675843200010,2023-02-08T08:00:00.010000+00:00,0.000100000000,8.0
1675872000000,2023-02-08T16:00:00+00:00,0.000100000000,8.0
1675900800014,2023-02-09T00:00:00.014000+00:00,0.000100000000,8.0
1675929600006,2023-02-09T08:00:00.006000+00:00,0.000100000000,8.0
1675958400001,2023-02-09T16:00:00.001000+00:00,0.000100000000,8.0
1675987200012,2023-02-10T00:00:00.012000+00:00,0.000100000000,8.0
1676016000005,2023-02-10T08:00:00.005000+00:00,0.000100000000,8.0
1676044800020,2023-02-10T16:00:00.020000+00:00,0.000100000000,8.0
1676073600007,2023-02-11T00:00:00.007000+00:00,0.000076840000,8.0
1676102400002,2023-02-11T08:00:00.002000+00:00,0.000055720000,8.0
1676131200021,2023-02-11T16:00:00.021000+00:00,0.000052410000,8.0
1676160000004,2023-02-12T00:00:00.004000+00:00,0.000053430000,8.0
1676188800000,2023-02-12T08:00:00+00:00,0.000100000000,8.0
1676217600002,2023-02-12T16:00:00.002000+00:00,0.000022700000,8.0
1676246400006,2023-02-13T00:00:00.006000+00:00,0.000020740000,8.0
1676275200008,2023-02-13T08:00:00.008000+00:00,0.000063230000,8.0
1676304000002,2023-02-13T16:00:00.002000+00:00,0.000100000000,8.0
1676332800013,2023-02-14T00:00:00.013000+00:00,0.000100000000,8.0
1676361600014,2023-02-14T08:00:00.014000+00:00,0.000100000000,8.0
1676390400016,2023-02-14T16:00:00.016000+00:00,0.000088870000,8.0
1676419200011,2023-02-15T00:00:00.011000+00:00,0.000023770000,8.0
1676448000000,2023-02-15T08:00:00+00:00,0.000026300000,8.0
1676476800005,2023-02-15T16:00:00.005000+00:00,0.000090710000,8.0
1676505600019,2023-02-16T00:00:00.019000+00:00,0.000100000000,8.0
1676534400000,2023-02-16T08:00:00+00:00,0.000100000000,8.0
1676563200001,2023-02-16T16:00:00.001000+00:00,0.000231710000,8.0
1676592000003,2023-02-17T00:00:00.003000+00:00,0.000100000000,8.0
1676620800016,2023-02-17T08:00:00.016000+00:00,0.000100000000,8.0
1676649600000,2023-02-17T16:00:00+00:00,0.000100000000,8.0
1676678400011,2023-02-18T00:00:00.011000+00:00,0.000100000000,8.0
1676707200000,2023-02-18T08:00:00+00:00,0.000100000000,8.0
1676736000007,2023-02-18T16:00:00.007000+00:00,0.000100000000,8.0
1676764800019,2023-02-19T00:00:00.019000+00:00,0.000100000000,8.0
1676793600005,2023-02-19T08:00:00.005000+00:00,0.000100000000,8.0
1676822400003,2023-02-19T16:00:00.003000+00:00,0.000100000000,8.0
1676851200006,2023-02-20T00:00:00.006000+00:00,0.000100000000,8.0
1676880000008,2023-02-20T08:00:00.008000+00:00,0.000100000000,8.0
1676908800006,2023-02-20T16:00:00.006000+00:00,0.000100000000,8.0
1676937600001,2023-02-21T00:00:00.001000+00:00,0.000100000000,8.0
1676966400004,2023-02-21T08:00:00.004000+00:00,0.000100000000,8.0
1676995200011,2023-02-21T16:00:00.011000+00:00,0.000100000000,8.0
1677024000009,2023-02-22T00:00:00.009000+00:00,0.000100000000,8.0
1677052800010,2023-02-22T08:00:00.010000+00:00,0.000100000000,8.0
1677081600000,2023-02-22T16:00:00+00:00,0.000100000000,8.0
1677110400006,2023-02-23T00:00:00.006000+00:00,0.000100000000,8.0
1677139200005,2023-02-23T08:00:00.005000+00:00,0.000035060000,8.0
1677168000002,2023-02-23T16:00:00.002000+00:00,0.000036310000,8.0
1677196800015,2023-02-24T00:00:00.015000+00:00,0.000049780000,8.0
1677225600011,2023-02-24T08:00:00.011000+00:00,0.000049490000,8.0
1677254400014,2023-02-24T16:00:00.014000+00:00,0.000054400000,8.0
1677283200015,2023-02-25T00:00:00.015000+00:00,0.000011830000,8.0
1677312000015,2023-02-25T08:00:00.015000+00:00,0.000006100000,8.0
1677340800015,2023-02-25T16:00:00.015000+00:00,-0.000000480000,8.0
1677369600007,2023-02-26T00:00:00.007000+00:00,0.000073720000,8.0
1677398400012,2023-02-26T08:00:00.012000+00:00,0.000027600000,8.0
1677427200000,2023-02-26T16:00:00+00:00,0.000065810000,8.0
1677456000011,2023-02-27T00:00:00.011000+00:00,0.000081440000,8.0
1677484800003,2023-02-27T08:00:00.003000+00:00,0.000011960000,8.0
1677513600000,2023-02-27T16:00:00+00:00,0.000068260000,8.0
1677542400011,2023-02-28T00:00:00.011000+00:00,0.000034140000,8.0
1677571200018,2023-02-28T08:00:00.018000+00:00,0.000019850000,8.0
1677600000005,2023-02-28T16:00:00.005000+00:00,0.000059500000,8.0
1677628800016,2023-03-01T00:00:00.016000+00:00,0.000001850000,8.0
1677657600000,2023-03-01T08:00:00+00:00,0.000100000000,8.0
1677686400008,2023-03-01T16:00:00.008000+00:00,0.000100000000,8.0
1677715200009,2023-03-02T00:00:00.009000+00:00,0.000086120000,8.0
1677744000013,2023-03-02T08:00:00.013000+00:00,0.000087030000,8.0
1677772800000,2023-03-02T16:00:00+00:00,0.000083950000,8.0
1677801600000,2023-03-03T00:00:00+00:00,0.000100000000,8.0
1677830400013,2023-03-03T08:00:00.013000+00:00,-0.000042030000,8.0
1677859200000,2023-03-03T16:00:00+00:00,-0.000002260000,8.0
1677888000001,2023-03-04T00:00:00.001000+00:00,0.000005300000,8.0
1677916800008,2023-03-04T08:00:00.008000+00:00,0.000038120000,8.0
1677945600012,2023-03-04T16:00:00.012000+00:00,0.000021040000,8.0
1677974400000,2023-03-05T00:00:00+00:00,0.000018740000,8.0
1678003200000,2023-03-05T08:00:00+00:00,0.000005440000,8.0
1678032000015,2023-03-05T16:00:00.015000+00:00,0.000037060000,8.0
1678060800007,2023-03-06T00:00:00.007000+00:00,0.000040540000,8.0
1678089600017,2023-03-06T08:00:00.017000+00:00,0.000054600000,8.0
1678118400000,2023-03-06T16:00:00+00:00,0.000054140000,8.0
1678147200009,2023-03-07T00:00:00.009000+00:00,0.000011730000,8.0
1678176000016,2023-03-07T08:00:00.016000+00:00,0.000043750000,8.0
1678204800017,2023-03-07T16:00:00.017000+00:00,0.000026310000,8.0
1678233600000,2023-03-08T00:00:00+00:00,0.000029170000,8.0
1678262400014,2023-03-08T08:00:00.014000+00:00,0.000038160000,8.0
1678291200021,2023-03-08T16:00:00.021000+00:00,0.000100000000,8.0
1678320000010,2023-03-09T00:00:00.010000+00:00,0.000100000000,8.0
1678348800013,2023-03-09T08:00:00.013000+00:00,0.000100000000,8.0
1678377600002,2023-03-09T16:00:00.002000+00:00,0.000100000000,8.0
1678406400000,2023-03-10T00:00:00+00:00,-0.000088950000,8.0
1678435200000,2023-03-10T08:00:00+00:00,0.000005260000,8.0
1678464000005,2023-03-10T16:00:00.005000+00:00,-0.000016470000,8.0
1678492800011,2023-03-11T00:00:00.011000+00:00,0.000023640000,8.0
1678521600003,2023-03-11T08:00:00.003000+00:00,-0.000022960000,8.0
1678550400011,2023-03-11T16:00:00.011000+00:00,-0.000023410000,8.0
1678579200001,2023-03-12T00:00:00.001000+00:00,0.000003760000,8.0
1678608000000,2023-03-12T08:00:00+00:00,0.000090880000,8.0
1678636800005,2023-03-12T16:00:00.005000+00:00,-0.000040680000,8.0
1678665600010,2023-03-13T00:00:00.010000+00:00,0.000100000000,8.0
1678694400018,2023-03-13T08:00:00.018000+00:00,0.000060110000,8.0
1678723200003,2023-03-13T16:00:00.003000+00:00,0.000100000000,8.0
1678752000010,2023-03-14T00:00:00.010000+00:00,0.000150420000,8.0
1678780800009,2023-03-14T08:00:00.009000+00:00,0.000100000000,8.0
1678809600010,2023-03-14T16:00:00.010000+00:00,0.000298110000,8.0
1678838400011,2023-03-15T00:00:00.011000+00:00,0.000100000000,8.0
1678867200000,2023-03-15T08:00:00+00:00,0.000241270000,8.0
1678896000012,2023-03-15T16:00:00.012000+00:00,0.000221260000,8.0
1678924800004,2023-03-16T00:00:00.004000+00:00,0.000100000000,8.0
1678953600018,2023-03-16T08:00:00.018000+00:00,0.000100000000,8.0
1678982400005,2023-03-16T16:00:00.005000+00:00,0.000100000000,8.0
1679011200017,2023-03-17T00:00:00.017000+00:00,0.000033110000,8.0
1679040000010,2023-03-17T08:00:00.010000+00:00,0.000100000000,8.0
1679068800003,2023-03-17T16:00:00.003000+00:00,0.000100000000,8.0
1679097600012,2023-03-18T00:00:00.012000+00:00,0.000100000000,8.0
1679126400000,2023-03-18T08:00:00+00:00,0.000100000000,8.0
1679155200016,2023-03-18T16:00:00.016000+00:00,0.000100000000,8.0
1679184000013,2023-03-19T00:00:00.013000+00:00,0.000100000000,8.0
1679212800024,2023-03-19T08:00:00.024000+00:00,0.000100000000,8.0
1679241600000,2023-03-19T16:00:00+00:00,0.000100000000,8.0
1679270400005,2023-03-20T00:00:00.005000+00:00,0.000100000000,8.0
1679299200012,2023-03-20T08:00:00.012000+00:00,0.000090810000,8.0
1679328000015,2023-03-20T16:00:00.015000+00:00,0.000100000000,8.0
1679356800006,2023-03-21T00:00:00.006000+00:00,0.000081180000,8.0
1679385600004,2023-03-21T08:00:00.004000+00:00,0.000012540000,8.0
1679414400003,2023-03-21T16:00:00.003000+00:00,0.000002920000,8.0
1679443200000,2023-03-22T00:00:00+00:00,0.000002680000,8.0
1679472000003,2023-03-22T08:00:00.003000+00:00,0.000000060000,8.0
1679500800000,2023-03-22T16:00:00+00:00,0.000053340000,8.0
1679529600016,2023-03-23T00:00:00.016000+00:00,0.000002480000,8.0
1679558400001,2023-03-23T08:00:00.001000+00:00,-0.000010900000,8.0
1679587200013,2023-03-23T16:00:00.013000+00:00,0.000100000000,8.0
1679616000013,2023-03-24T00:00:00.013000+00:00,0.000100000000,8.0
1679644800012,2023-03-24T08:00:00.012000+00:00,0.000100000000,8.0
1679673600027,2023-03-24T16:00:00.027000+00:00,0.000100000000,8.0
1679702400015,2023-03-25T00:00:00.015000+00:00,-0.000003100000,8.0
1679731200011,2023-03-25T08:00:00.011000+00:00,0.000004250000,8.0
1679760000011,2023-03-25T16:00:00.011000+00:00,0.000002920000,8.0
1679788800000,2023-03-26T00:00:00+00:00,0.000000610000,8.0
1679817600015,2023-03-26T08:00:00.015000+00:00,-0.000033260000,8.0
1679846400000,2023-03-26T16:00:00+00:00,0.000036340000,8.0
1679875200019,2023-03-27T00:00:00.019000+00:00,0.000029050000,8.0
1679904000009,2023-03-27T08:00:00.009000+00:00,0.000024090000,8.0
1679932800000,2023-03-27T16:00:00+00:00,-0.000003960000,8.0
1679961600007,2023-03-28T00:00:00.007000+00:00,-0.000014280000,8.0
1679990400000,2023-03-28T08:00:00+00:00,0.000011230000,8.0
1680019200013,2023-03-28T16:00:00.013000+00:00,0.000075310000,8.0
1680048000010,2023-03-29T00:00:00.010000+00:00,0.000060750000,8.0
1680076800006,2023-03-29T08:00:00.006000+00:00,0.000070980000,8.0
1680105600014,2023-03-29T16:00:00.014000+00:00,0.000100000000,8.0
1680134400000,2023-03-30T00:00:00+00:00,0.000069870000,8.0
1680163200000,2023-03-30T08:00:00+00:00,0.000056380000,8.0
1680192000006,2023-03-30T16:00:00.006000+00:00,0.000011230000,8.0
1680220800003,2023-03-31T00:00:00.003000+00:00,-0.000027120000,8.0
1680249600006,2023-03-31T08:00:00.006000+00:00,0.000063580000,8.0
1680278400011,2023-03-31T16:00:00.011000+00:00,0.000100000000,8.0
1680307200000,2023-04-01T00:00:00+00:00,0.000100000000,8.0
1680336000000,2023-04-01T08:00:00+00:00,0.000100000000,8.0
1680364800018,2023-04-01T16:00:00.018000+00:00,0.000088400000,8.0
1680393600013,2023-04-02T00:00:00.013000+00:00,0.000045270000,8.0
1680422400014,2023-04-02T08:00:00.014000+00:00,0.000068930000,8.0
1680451200001,2023-04-02T16:00:00.001000+00:00,0.000045140000,8.0
1680480000000,2023-04-03T00:00:00+00:00,0.000017590000,8.0
1680508800013,2023-04-03T08:00:00.013000+00:00,-0.000012400000,8.0
1680537600011,2023-04-03T16:00:00.011000+00:00,0.000056880000,8.0
1680566400002,2023-04-04T00:00:00.002000+00:00,-0.000060090000,8.0
1680595200017,2023-04-04T08:00:00.017000+00:00,-0.000013570000,8.0
1680624000008,2023-04-04T16:00:00.008000+00:00,-0.000012760000,8.0
1680652800000,2023-04-05T00:00:00+00:00,0.000027600000,8.0
1680681600016,2023-04-05T08:00:00.016000+00:00,0.000085170000,8.0
1680710400004,2023-04-05T16:00:00.004000+00:00,0.000052650000,8.0
1680739200000,2023-04-06T00:00:00+00:00,0.000014420000,8.0
1680768000011,2023-04-06T08:00:00.011000+00:00,0.000035980000,8.0
1680796800000,2023-04-06T16:00:00+00:00,-0.000029750000,8.0
1680825600006,2023-04-07T00:00:00.006000+00:00,0.000010040000,8.0
1680854400005,2023-04-07T08:00:00.005000+00:00,-0.000014730000,8.0
1680883200000,2023-04-07T16:00:00+00:00,0.000010550000,8.0
1680912000000,2023-04-08T00:00:00+00:00,0.000002680000,8.0
1680940800014,2023-04-08T08:00:00.014000+00:00,0.000004660000,8.0
1680969600018,2023-04-08T16:00:00.018000+00:00,0.000031920000,8.0
1680998400013,2023-04-09T00:00:00.013000+00:00,0.000009500000,8.0
1681027200024,2023-04-09T08:00:00.024000+00:00,-0.000009040000,8.0
1681056000010,2023-04-09T16:00:00.010000+00:00,-0.000008530000,8.0
1681084800000,2023-04-10T00:00:00+00:00,0.000100000000,8.0
1681113600010,2023-04-10T08:00:00.010000+00:00,0.000100000000,8.0
1681142400006,2023-04-10T16:00:00.006000+00:00,0.000061670000,8.0
1681171200008,2023-04-11T00:00:00.008000+00:00,0.000100000000,8.0
1681200000007,2023-04-11T08:00:00.007000+00:00,0.000100000000,8.0
1681228800016,2023-04-11T16:00:00.016000+00:00,0.000100000000,8.0
1681257600006,2023-04-12T00:00:00.006000+00:00,0.000095820000,8.0
1681286400008,2023-04-12T08:00:00.008000+00:00,0.000081950000,8.0
1681315200014,2023-04-12T16:00:00.014000+00:00,0.000017470000,8.0
1681344000027,2023-04-13T00:00:00.027000+00:00,0.000066650000,8.0
1681372800010,2023-04-13T08:00:00.010000+00:00,0.000044270000,8.0
1681401600000,2023-04-13T16:00:00+00:00,0.000100000000,8.0
1681430400001,2023-04-14T00:00:00.001000+00:00,-0.000001130000,8.0
1681459200008,2023-04-14T08:00:00.008000+00:00,0.000100000000,8.0
1681488000007,2023-04-14T16:00:00.007000+00:00,0.000034200000,8.0
1681516800007,2023-04-15T00:00:00.007000+00:00,-0.000049750000,8.0
1681545600007,2023-04-15T08:00:00.007000+00:00,0.000084550000,8.0
1681574400011,2023-04-15T16:00:00.011000+00:00,0.000100000000,8.0
1681603200014,2023-04-16T00:00:00.014000+00:00,0.000071440000,8.0
1681632000007,2023-04-16T08:00:00.007000+00:00,0.000100000000,8.0
1681660800002,2023-04-16T16:00:00.002000+00:00,0.000100000000,8.0
1681689600017,2023-04-17T00:00:00.017000+00:00,0.000100000000,8.0
1681718400006,2023-04-17T08:00:00.006000+00:00,0.000073760000,8.0
1681747200000,2023-04-17T16:00:00+00:00,0.000100000000,8.0
1681776000013,2023-04-18T00:00:00.013000+00:00,0.000046830000,8.0
1681804800017,2023-04-18T08:00:00.017000+00:00,-0.000005100000,8.0
1681833600000,2023-04-18T16:00:00+00:00,0.000067720000,8.0
1681862400022,2023-04-19T00:00:00.022000+00:00,0.000100000000,8.0
1681891200014,2023-04-19T08:00:00.014000+00:00,0.000062310000,8.0
1681920000000,2023-04-19T16:00:00+00:00,-0.000000810000,8.0
1681948800010,2023-04-20T00:00:00.010000+00:00,0.000085790000,8.0
1681977600012,2023-04-20T08:00:00.012000+00:00,0.000036680000,8.0
1682006400012,2023-04-20T16:00:00.012000+00:00,0.000058980000,8.0
1682035200009,2023-04-21T00:00:00.009000+00:00,0.000062970000,8.0
1682064000009,2023-04-21T08:00:00.009000+00:00,0.000100000000,8.0
1682092800003,2023-04-21T16:00:00.003000+00:00,0.000100000000,8.0
1682121600000,2023-04-22T00:00:00+00:00,0.000100000000,8.0
1682150400000,2023-04-22T08:00:00+00:00,0.000068580000,8.0
1682179200016,2023-04-22T16:00:00.016000+00:00,0.000020900000,8.0
1682208000009,2023-04-23T00:00:00.009000+00:00,0.000037680000,8.0
1682236800020,2023-04-23T08:00:00.020000+00:00,0.000013760000,8.0
1682265600007,2023-04-23T16:00:00.007000+00:00,0.000023690000,8.0
1682294400000,2023-04-24T00:00:00+00:00,0.000046790000,8.0
1682323200008,2023-04-24T08:00:00.008000+00:00,0.000036940000,8.0
1682352000006,2023-04-24T16:00:00.006000+00:00,0.000026300000,8.0
1682380800014,2023-04-25T00:00:00.014000+00:00,0.000050660000,8.0
1682409600009,2023-04-25T08:00:00.009000+00:00,0.000066060000,8.0
1682438400015,2023-04-25T16:00:00.015000+00:00,0.000085410000,8.0
1682467200015,2023-04-26T00:00:00.015000+00:00,0.000043460000,8.0
1682496000013,2023-04-26T08:00:00.013000+00:00,0.000016860000,8.0
1682524800001,2023-04-26T16:00:00.001000+00:00,0.000100000000,8.0
1682553600014,2023-04-27T00:00:00.014000+00:00,0.000025180000,8.0
1682582400008,2023-04-27T08:00:00.008000+00:00,0.000057690000,8.0
1682611200005,2023-04-27T16:00:00.005000+00:00,0.000032650000,8.0
1682640000011,2023-04-28T00:00:00.011000+00:00,0.000100000000,8.0
1682668800007,2023-04-28T08:00:00.007000+00:00,0.000100000000,8.0
1682697600006,2023-04-28T16:00:00.006000+00:00,0.000044760000,8.0
1682726400004,2023-04-29T00:00:00.004000+00:00,0.000000370000,8.0
1682755200016,2023-04-29T08:00:00.016000+00:00,0.000067510000,8.0
1682784000001,2023-04-29T16:00:00.001000+00:00,0.000078260000,8.0
1682812800008,2023-04-30T00:00:00.008000+00:00,0.000031320000,8.0
1682841600000,2023-04-30T08:00:00+00:00,0.000035010000,8.0
1682870400010,2023-04-30T16:00:00.010000+00:00,0.000060780000,8.0
1682899200004,2023-05-01T00:00:00.004000+00:00,0.000024350000,8.0
1682928000008,2023-05-01T08:00:00.008000+00:00,-0.000063700000,8.0
1682956800014,2023-05-01T16:00:00.014000+00:00,0.000005660000,8.0
1682985600015,2023-05-02T00:00:00.015000+00:00,0.000009680000,8.0
1683014400018,2023-05-02T08:00:00.018000+00:00,0.000061350000,8.0
1683043200000,2023-05-02T16:00:00+00:00,0.000012040000,8.0
1683072000009,2023-05-03T00:00:00.009000+00:00,0.000085680000,8.0
1683100800003,2023-05-03T08:00:00.003000+00:00,0.000054350000,8.0
1683129600011,2023-05-03T16:00:00.011000+00:00,0.000057010000,8.0
1683158400000,2023-05-04T00:00:00+00:00,0.000100000000,8.0
1683187200000,2023-05-04T08:00:00+00:00,0.000099920000,8.0
1683216000011,2023-05-04T16:00:00.011000+00:00,0.000043140000,8.0
1683244800002,2023-05-05T00:00:00.002000+00:00,0.000037310000,8.0
1683273600000,2023-05-05T08:00:00+00:00,0.000099090000,8.0
1683302400000,2023-05-05T16:00:00+00:00,0.000085480000,8.0
1683331200009,2023-05-06T00:00:00.009000+00:00,0.000100000000,8.0
1683360000000,2023-05-06T08:00:00+00:00,0.000100000000,8.0
1683388800000,2023-05-06T16:00:00+00:00,0.000100000000,8.0
1683417600000,2023-05-07T00:00:00+00:00,0.000043210000,8.0
1683446400000,2023-05-07T08:00:00+00:00,0.000040470000,8.0
1683475200006,2023-05-07T16:00:00.006000+00:00,0.000060460000,8.0
1683504000000,2023-05-08T00:00:00+00:00,0.000007200000,8.0
1683532800007,2023-05-08T08:00:00.007000+00:00,0.000004070000,8.0
1683561600015,2023-05-08T16:00:00.015000+00:00,0.000039020000,8.0
1683590400015,2023-05-09T00:00:00.015000+00:00,0.000051100000,8.0
1683619200000,2023-05-09T08:00:00+00:00,0.000068410000,8.0
1683648000000,2023-05-09T16:00:00+00:00,0.000003780000,8.0
1683676800007,2023-05-10T00:00:00.007000+00:00,0.000037520000,8.0
1683705600003,2023-05-10T08:00:00.003000+00:00,0.000047850000,8.0
1683734400000,2023-05-10T16:00:00+00:00,0.000037920000,8.0
1683763200011,2023-05-11T00:00:00.011000+00:00,0.000015960000,8.0
1683792000000,2023-05-11T08:00:00+00:00,0.000069260000,8.0
1683820800005,2023-05-11T16:00:00.005000+00:00,0.000052070000,8.0
1683849600020,2023-05-12T00:00:00.020000+00:00,0.000036330000,8.0
1683878400001,2023-05-12T08:00:00.001000+00:00,0.000039640000,8.0
1683907200010,2023-05-12T16:00:00.010000+00:00,0.000027620000,8.0
1683936000000,2023-05-13T00:00:00+00:00,-0.000000100000,8.0
1683964800000,2023-05-13T08:00:00+00:00,0.000053850000,8.0
1683993600026,2023-05-13T16:00:00.026000+00:00,0.000044940000,8.0
1684022400029,2023-05-14T00:00:00.029000+00:00,0.000017150000,8.0
1684051200010,2023-05-14T08:00:00.010000+00:00,0.000030390000,8.0
1684080000008,2023-05-14T16:00:00.008000+00:00,0.000035370000,8.0
1684108800006,2023-05-15T00:00:00.006000+00:00,0.000044070000,8.0
1684137600005,2023-05-15T08:00:00.005000+00:00,-0.000015760000,8.0
1684166400008,2023-05-15T16:00:00.008000+00:00,-0.000001900000,8.0
1684195200021,2023-05-16T00:00:00.021000+00:00,0.000086600000,8.0
1684224000000,2023-05-16T08:00:00+00:00,0.000031650000,8.0
1684252800000,2023-05-16T16:00:00+00:00,0.000058000000,8.0
1684281600010,2023-05-17T00:00:00.010000+00:00,0.000083920000,8.0
1684310400000,2023-05-17T08:00:00+00:00,0.000070290000,8.0
1684339200001,2023-05-17T16:00:00.001000+00:00,0.000044610000,8.0
1684368000000,2023-05-18T00:00:00+00:00,0.000100000000,8.0
1684396800026,2023-05-18T08:00:00.026000+00:00,0.000100000000,8.0
1684425600019,2023-05-18T16:00:00.019000+00:00,0.000083420000,8.0
1684454400000,2023-05-19T00:00:00+00:00,0.000027160000,8.0
1684483200002,2023-05-19T08:00:00.002000+00:00,0.000044740000,8.0
1684512000000,2023-05-19T16:00:00+00:00,0.000038150000,8.0
1684540800005,2023-05-20T00:00:00.005000+00:00,0.000053130000,8.0
1684569600014,2023-05-20T08:00:00.014000+00:00,0.000024550000,8.0
1684598400020,2023-05-20T16:00:00.020000+00:00,-0.000008490000,8.0
1684627200014,2023-05-21T00:00:00.014000+00:00,0.000047760000,8.0
1684656000001,2023-05-21T08:00:00.001000+00:00,0.000072620000,8.0
1684684800015,2023-05-21T16:00:00.015000+00:00,0.000050710000,8.0
1684713600028,2023-05-22T00:00:00.028000+00:00,0.000030190000,8.0
1684742400000,2023-05-22T08:00:00+00:00,0.000002100000,8.0
1684771200012,2023-05-22T16:00:00.012000+00:00,0.000047700000,8.0
1684800000006,2023-05-23T00:00:00.006000+00:00,0.000100000000,8.0
1684828800014,2023-05-23T08:00:00.014000+00:00,0.000100000000,8.0
1684857600008,2023-05-23T16:00:00.008000+00:00,0.000100000000,8.0
1684886400000,2023-05-24T00:00:00+00:00,0.000100000000,8.0
1684915200025,2023-05-24T08:00:00.025000+00:00,0.000020670000,8.0
1684944000008,2023-05-24T16:00:00.008000+00:00,0.000043620000,8.0
1684972800000,2023-05-25T00:00:00+00:00,0.000058200000,8.0
1685001600025,2023-05-25T08:00:00.025000+00:00,0.000100000000,8.0
1685030400016,2023-05-25T16:00:00.016000+00:00,0.000100000000,8.0
1685059200000,2023-05-26T00:00:00+00:00,0.000100000000,8.0
1685088000024,2023-05-26T08:00:00.024000+00:00,0.000095830000,8.0
1685116800012,2023-05-26T16:00:00.012000+00:00,0.000049530000,8.0
1685145600012,2023-05-27T00:00:00.012000+00:00,0.000071460000,8.0
1685174400018,2023-05-27T08:00:00.018000+00:00,0.000085640000,8.0
1685203200008,2023-05-27T16:00:00.008000+00:00,0.000073620000,8.0
1685232000017,2023-05-28T00:00:00.017000+00:00,0.000098800000,8.0
1685260800015,2023-05-28T08:00:00.015000+00:00,0.000100000000,8.0
1685289600000,2023-05-28T16:00:00+00:00,0.000100000000,8.0
1685318400000,2023-05-29T00:00:00+00:00,0.000100000000,8.0
1685347200020,2023-05-29T08:00:00.020000+00:00,0.000100000000,8.0
1685376000011,2023-05-29T16:00:00.011000+00:00,0.000100000000,8.0
1685404800003,2023-05-30T00:00:00.003000+00:00,0.000061870000,8.0
1685433600000,2023-05-30T08:00:00+00:00,0.000090360000,8.0
1685462400003,2023-05-30T16:00:00.003000+00:00,0.000038610000,8.0
1685491200013,2023-05-31T00:00:00.013000+00:00,0.000023440000,8.0
1685520000000,2023-05-31T08:00:00+00:00,0.000028640000,8.0
1685548800000,2023-05-31T16:00:00+00:00,0.000098650000,8.0
1685577600008,2023-06-01T00:00:00.008000+00:00,0.000020960000,8.0
1685606400012,2023-06-01T08:00:00.012000+00:00,0.000096410000,8.0
1685635200000,2023-06-01T16:00:00+00:00,0.000100000000,8.0
1685664000000,2023-06-02T00:00:00+00:00,0.000047700000,8.0
1685692800006,2023-06-02T08:00:00.006000+00:00,0.000092660000,8.0
1685721600012,2023-06-02T16:00:00.012000+00:00,0.000099460000,8.0
1685750400000,2023-06-03T00:00:00+00:00,0.000074200000,8.0
1685779200011,2023-06-03T08:00:00.011000+00:00,0.000100000000,8.0
1685808000003,2023-06-03T16:00:00.003000+00:00,0.000055660000,8.0
1685836800000,2023-06-04T00:00:00+00:00,0.000048500000,8.0
1685865600000,2023-06-04T08:00:00+00:00,0.000100000000,8.0
1685894400000,2023-06-04T16:00:00+00:00,0.000100000000,8.0
1685923200005,2023-06-05T00:00:00.005000+00:00,0.000100000000,8.0
1685952000000,2023-06-05T08:00:00+00:00,0.000095380000,8.0
1685980800000,2023-06-05T16:00:00+00:00,0.000078560000,8.0
1686009600000,2023-06-06T00:00:00+00:00,-0.000071570000,8.0
1686038400009,2023-06-06T08:00:00.009000+00:00,-0.000030470000,8.0
1686067200013,2023-06-06T16:00:00.013000+00:00,0.000042880000,8.0
1686096000000,2023-06-07T00:00:00+00:00,0.000100000000,8.0
1686124800016,2023-06-07T08:00:00.016000+00:00,0.000100000000,8.0
1686153600000,2023-06-07T16:00:00+00:00,0.000040050000,8.0
1686182400006,2023-06-08T00:00:00.006000+00:00,0.000055040000,8.0
1686211200000,2023-06-08T08:00:00+00:00,0.000030900000,8.0
1686240000000,2023-06-08T16:00:00+00:00,0.000040110000,8.0
1686268800000,2023-06-09T00:00:00+00:00,0.000065880000,8.0
1686297600000,2023-06-09T08:00:00+00:00,0.000079160000,8.0
1686326400000,2023-06-09T16:00:00+00:00,0.000044040000,8.0
1686355200000,2023-06-10T00:00:00+00:00,0.000087020000,8.0
1686384000000,2023-06-10T08:00:00+00:00,0.000024170000,8.0
1686412800000,2023-06-10T16:00:00+00:00,0.000038540000,8.0
1686441600001,2023-06-11T00:00:00.001000+00:00,0.000044500000,8.0
1686470400000,2023-06-11T08:00:00+00:00,0.000031970000,8.0
1686499200000,2023-06-11T16:00:00+00:00,0.000059250000,8.0
1686528000000,2023-06-12T00:00:00+00:00,0.000086600000,8.0
1686556800000,2023-06-12T08:00:00+00:00,0.000030650000,8.0
1686585600001,2023-06-12T16:00:00.001000+00:00,0.000036240000,8.0
1686614400000,2023-06-13T00:00:00+00:00,0.000100000000,8.0
1686643200000,2023-06-13T08:00:00+00:00,0.000061800000,8.0
1686672000000,2023-06-13T16:00:00+00:00,0.000065030000,8.0
1686700800000,2023-06-14T00:00:00+00:00,0.000024380000,8.0
1686729600000,2023-06-14T08:00:00+00:00,0.000027160000,8.0
1686758400000,2023-06-14T16:00:00+00:00,0.000036610000,8.0
1686787200000,2023-06-15T00:00:00+00:00,-0.000032650000,8.0
1686816000000,2023-06-15T08:00:00+00:00,0.000061930000,8.0
1686844800000,2023-06-15T16:00:00+00:00,0.000066870000,8.0
1686873600000,2023-06-16T00:00:00+00:00,0.000039710000,8.0
1686902400000,2023-06-16T08:00:00+00:00,0.000007810000,8.0
1686931200000,2023-06-16T16:00:00+00:00,0.000002360000,8.0
1686960000000,2023-06-17T00:00:00+00:00,0.000098680000,8.0
1686988800000,2023-06-17T08:00:00+00:00,0.000100000000,8.0
1687017600000,2023-06-17T16:00:00+00:00,0.000075430000,8.0
1687046400000,2023-06-18T00:00:00+00:00,0.000037060000,8.0
1687075200000,2023-06-18T08:00:00+00:00,0.000082330000,8.0
1687104000000,2023-06-18T16:00:00+00:00,0.000067050000,8.0
1687132800000,2023-06-19T00:00:00+00:00,0.000070400000,8.0
1687161600000,2023-06-19T08:00:00+00:00,0.000063970000,8.0
1687190400000,2023-06-19T16:00:00+00:00,0.000036900000,8.0
1687219200001,2023-06-20T00:00:00.001000+00:00,0.000043500000,8.0
1687248000000,2023-06-20T08:00:00+00:00,-0.000004480000,8.0
1687276800000,2023-06-20T16:00:00+00:00,-0.000025970000,8.0
1687305600000,2023-06-21T00:00:00+00:00,0.000062950000,8.0
1687334400000,2023-06-21T08:00:00+00:00,0.000100000000,8.0
1687363200000,2023-06-21T16:00:00+00:00,0.000025510000,8.0
1687392000000,2023-06-22T00:00:00+00:00,0.000100000000,8.0
1687420800001,2023-06-22T08:00:00.001000+00:00,0.000100000000,8.0
1687449600000,2023-06-22T16:00:00+00:00,0.000092360000,8.0
1687478400000,2023-06-23T00:00:00+00:00,0.000100000000,8.0
1687507200000,2023-06-23T08:00:00+00:00,0.000100000000,8.0
1687536000000,2023-06-23T16:00:00+00:00,0.000100000000,8.0
1687564800000,2023-06-24T00:00:00+00:00,0.000100000000,8.0
1687593600000,2023-06-24T08:00:00+00:00,0.000100000000,8.0
1687622400000,2023-06-24T16:00:00+00:00,0.000100000000,8.0
1687651200000,2023-06-25T00:00:00+00:00,0.000100000000,8.0
1687680000000,2023-06-25T08:00:00+00:00,0.000100000000,8.0
1687708800000,2023-06-25T16:00:00+00:00,0.000100000000,8.0
1687737600000,2023-06-26T00:00:00+00:00,0.000100000000,8.0
1687766400000,2023-06-26T08:00:00+00:00,0.000100000000,8.0
1687795200000,2023-06-26T16:00:00+00:00,0.000100000000,8.0
1687824000000,2023-06-27T00:00:00+00:00,0.000100000000,8.0
1687852800000,2023-06-27T08:00:00+00:00,0.000100000000,8.0
1687881600000,2023-06-27T16:00:00+00:00,0.000100000000,8.0
1687910400000,2023-06-28T00:00:00+00:00,0.000100000000,8.0
1687939200000,2023-06-28T08:00:00+00:00,0.000093020000,8.0
1687968000000,2023-06-28T16:00:00+00:00,0.000045980000,8.0
1687996800000,2023-06-29T00:00:00+00:00,0.000065740000,8.0
1688025600000,2023-06-29T08:00:00+00:00,0.000093000000,8.0
1688054400000,2023-06-29T16:00:00+00:00,0.000100000000,8.0
1688083200000,2023-06-30T00:00:00+00:00,0.000100000000,8.0
1688112000000,2023-06-30T08:00:00+00:00,0.000100000000,8.0
1688140800001,2023-06-30T16:00:00.001000+00:00,0.000100000000,8.0
1688169600000,2023-07-01T00:00:00+00:00,0.000100000000,8.0
1688198400000,2023-07-01T08:00:00+00:00,0.000100000000,8.0
1688227200000,2023-07-01T16:00:00+00:00,0.000100000000,8.0
1688256000000,2023-07-02T00:00:00+00:00,0.000100000000,8.0
1688284800000,2023-07-02T08:00:00+00:00,0.000100000000,8.0
1688313600001,2023-07-02T16:00:00.001000+00:00,0.000100000000,8.0
1688342400000,2023-07-03T00:00:00+00:00,0.000100000000,8.0
1688371200000,2023-07-03T08:00:00+00:00,0.000100000000,8.0
1688400000000,2023-07-03T16:00:00+00:00,0.000100000000,8.0
1688428800001,2023-07-04T00:00:00.001000+00:00,0.000100000000,8.0
1688457600000,2023-07-04T08:00:00+00:00,0.000100000000,8.0
1688486400000,2023-07-04T16:00:00+00:00,0.000100000000,8.0
1688515200000,2023-07-05T00:00:00+00:00,0.000100000000,8.0
1688544000000,2023-07-05T08:00:00+00:00,0.000100000000,8.0
1688572800000,2023-07-05T16:00:00+00:00,0.000100000000,8.0
1688601600000,2023-07-06T00:00:00+00:00,0.000100000000,8.0
1688630400000,2023-07-06T08:00:00+00:00,0.000077200000,8.0
1688659200000,2023-07-06T16:00:00+00:00,0.000014920000,8.0
1688688000000,2023-07-07T00:00:00+00:00,0.000006980000,8.0
1688716800000,2023-07-07T08:00:00+00:00,0.000042210000,8.0
1688745600000,2023-07-07T16:00:00+00:00,-0.000006580000,8.0
1688774400000,2023-07-08T00:00:00+00:00,0.000037570000,8.0
1688803200000,2023-07-08T08:00:00+00:00,0.000026310000,8.0
1688832000000,2023-07-08T16:00:00+00:00,0.000016860000,8.0
1688860800000,2023-07-09T00:00:00+00:00,0.000057070000,8.0
1688889600000,2023-07-09T08:00:00+00:00,0.000068210000,8.0
1688918400000,2023-07-09T16:00:00+00:00,0.000061530000,8.0
1688947200000,2023-07-10T00:00:00+00:00,-0.000021820000,8.0
1688976000000,2023-07-10T08:00:00+00:00,0.000048500000,8.0
1689004800000,2023-07-10T16:00:00+00:00,0.000029950000,8.0
1689033600000,2023-07-11T00:00:00+00:00,0.000080100000,8.0
1689062400000,2023-07-11T08:00:00+00:00,0.000082650000,8.0
1689091200000,2023-07-11T16:00:00+00:00,0.000039540000,8.0
1689120000000,2023-07-12T00:00:00+00:00,0.000070410000,8.0
1689148800000,2023-07-12T08:00:00+00:00,0.000064790000,8.0
1689177600000,2023-07-12T16:00:00+00:00,0.000046500000,8.0
1689206400000,2023-07-13T00:00:00+00:00,-0.000011350000,8.0
1689235200000,2023-07-13T08:00:00+00:00,0.000061200000,8.0
1689264000000,2023-07-13T16:00:00+00:00,0.000005290000,8.0
1689292800000,2023-07-14T00:00:00+00:00,0.000100000000,8.0
1689321600000,2023-07-14T08:00:00+00:00,0.000100000000,8.0
1689350400000,2023-07-14T16:00:00+00:00,0.000100000000,8.0
1689379200000,2023-07-15T00:00:00+00:00,-0.000073130000,8.0
1689408000000,2023-07-15T08:00:00+00:00,0.000030070000,8.0
1689436800000,2023-07-15T16:00:00+00:00,0.000029840000,8.0
1689465600001,2023-07-16T00:00:00.001000+00:00,0.000019930000,8.0
1689494400000,2023-07-16T08:00:00+00:00,0.000077720000,8.0
1689523200000,2023-07-16T16:00:00+00:00,0.000045830000,8.0
1689552000000,2023-07-17T00:00:00+00:00,0.000027850000,8.0
1689580800000,2023-07-17T08:00:00+00:00,0.000062780000,8.0
1689609600000,2023-07-17T16:00:00+00:00,0.000062610000,8.0
1689638400000,2023-07-18T00:00:00+00:00,0.000039830000,8.0
1689667200000,2023-07-18T08:00:00+00:00,0.000067980000,8.0
1689696000000,2023-07-18T16:00:00+00:00,0.000074770000,8.0
1689724800000,2023-07-19T00:00:00+00:00,0.000100000000,8.0
1689753600000,2023-07-19T08:00:00+00:00,0.000052240000,8.0
1689782400001,2023-07-19T16:00:00.001000+00:00,0.000076900000,8.0
1689811200000,2023-07-20T00:00:00+00:00,0.000026520000,8.0
1689840000000,2023-07-20T08:00:00+00:00,0.000096410000,8.0
1689868800000,2023-07-20T16:00:00+00:00,0.000055630000,8.0
1689897600001,2023-07-21T00:00:00.001000+00:00,0.000028770000,8.0
1689926400000,2023-07-21T08:00:00+00:00,0.000007770000,8.0
1689955200000,2023-07-21T16:00:00+00:00,0.000037170000,8.0
1689984000000,2023-07-22T00:00:00+00:00,0.000021950000,8.0
1690012800000,2023-07-22T08:00:00+00:00,0.000009440000,8.0
1690041600000,2023-07-22T16:00:00+00:00,0.000001770000,8.0
1690070400000,2023-07-23T00:00:00+00:00,0.000029080000,8.0
1690099200000,2023-07-23T08:00:00+00:00,0.000100000000,8.0
1690128000000,2023-07-23T16:00:00+00:00,0.000093720000,8.0
1690156800000,2023-07-24T00:00:00+00:00,0.000100000000,8.0
1690185600000,2023-07-24T08:00:00+00:00,0.000043380000,8.0
1690214400000,2023-07-24T16:00:00+00:00,0.000100000000,8.0
1690243200000,2023-07-25T00:00:00+00:00,0.000077020000,8.0
1690272000000,2023-07-25T08:00:00+00:00,0.000069130000,8.0
1690300800000,2023-07-25T16:00:00+00:00,0.000094650000,8.0
1690329600000,2023-07-26T00:00:00+00:00,0.000094510000,8.0
1690358400001,2023-07-26T08:00:00.001000+00:00,0.000100000000,8.0
1690387200000,2023-07-26T16:00:00+00:00,0.000057680000,8.0
1690416000000,2023-07-27T00:00:00+00:00,0.000031360000,8.0
1690444800000,2023-07-27T08:00:00+00:00,0.000038300000,8.0
1690473600001,2023-07-27T16:00:00.001000+00:00,0.000028760000,8.0
1690502400000,2023-07-28T00:00:00+00:00,0.000043730000,8.0
1690531200000,2023-07-28T08:00:00+00:00,0.000066750000,8.0
1690560000000,2023-07-28T16:00:00+00:00,0.000100000000,8.0
1690588800000,2023-07-29T00:00:00+00:00,0.000100000000,8.0
1690617600000,2023-07-29T08:00:00+00:00,0.000045670000,8.0
1690646400001,2023-07-29T16:00:00.001000+00:00,0.000075300000,8.0
1690675200000,2023-07-30T00:00:00+00:00,0.000081510000,8.0
1690704000000,2023-07-30T08:00:00+00:00,0.000055600000,8.0
1690732800000,2023-07-30T16:00:00+00:00,0.000043570000,8.0
1690761600000,2023-07-31T00:00:00+00:00,0.000023690000,8.0
1690790400000,2023-07-31T08:00:00+00:00,0.000073620000,8.0
1690819200001,2023-07-31T16:00:00.001000+00:00,0.000082390000,8.0
1690848000000,2023-08-01T00:00:00+00:00,0.000063000000,8.0
1690876800000,2023-08-01T08:00:00+00:00,0.000067680000,8.0
1690905600000,2023-08-01T16:00:00+00:00,0.000100000000,8.0
1690934400000,2023-08-02T00:00:00+00:00,0.000100000000,8.0
1690963200000,2023-08-02T08:00:00+00:00,0.000100000000,8.0
1690992000000,2023-08-02T16:00:00+00:00,0.000100000000,8.0
1691020800000,2023-08-03T00:00:00+00:00,0.000100000000,8.0
1691049600000,2023-08-03T08:00:00+00:00,0.000100000000,8.0
1691078400001,2023-08-03T16:00:00.001000+00:00,0.000100000000,8.0
1691107200000,2023-08-04T00:00:00+00:00,0.000081160000,8.0
1691136000000,2023-08-04T08:00:00+00:00,0.000100000000,8.0
1691164800000,2023-08-04T16:00:00+00:00,0.000100000000,8.0
1691193600000,2023-08-05T00:00:00+00:00,0.000041810000,8.0
1691222400000,2023-08-05T08:00:00+00:00,0.000100000000,8.0
1691251200001,2023-08-05T16:00:00.001000+00:00,0.000100000000,8.0
1691280000000,2023-08-06T00:00:00+00:00,0.000100000000,8.0
1691308800001,2023-08-06T08:00:00.001000+00:00,0.000100000000,8.0
1691337600005,2023-08-06T16:00:00.005000+00:00,0.000100000000,8.0
1691366400000,2023-08-07T00:00:00+00:00,0.000100000000,8.0
1691395200000,2023-08-07T08:00:00+00:00,0.000076690000,8.0
1691424000000,2023-08-07T16:00:00+00:00,0.000100000000,8.0
1691452800000,2023-08-08T00:00:00+00:00,0.000100000000,8.0
1691481600000,2023-08-08T08:00:00+00:00,0.000091360000,8.0
1691510400000,2023-08-08T16:00:00+00:00,0.000059440000,8.0
1691539200000,2023-08-09T00:00:00+00:00,0.000081100000,8.0
1691568000000,2023-08-09T08:00:00+00:00,0.000095270000,8.0
1691596800000,2023-08-09T16:00:00+00:00,0.000088770000,8.0
1691625600001,2023-08-10T00:00:00.001000+00:00,0.000100000000,8.0
1691654400000,2023-08-10T08:00:00+00:00,0.000100000000,8.0
1691683200000,2023-08-10T16:00:00+00:00,0.000082770000,8.0
1691712000000,2023-08-11T00:00:00+00:00,0.000100000000,8.0
1691740800000,2023-08-11T08:00:00+00:00,0.000100000000,8.0
1691769600000,2023-08-11T16:00:00+00:00,0.000071230000,8.0
1691798400000,2023-08-12T00:00:00+00:00,0.000100000000,8.0
1691827200000,2023-08-12T08:00:00+00:00,0.000100000000,8.0
1691856000000,2023-08-12T16:00:00+00:00,0.000093050000,8.0
1691884800000,2023-08-13T00:00:00+00:00,0.000100000000,8.0
1691913600000,2023-08-13T08:00:00+00:00,0.000046370000,8.0
1691942400000,2023-08-13T16:00:00+00:00,0.000100000000,8.0
1691971200001,2023-08-14T00:00:00.001000+00:00,0.000100000000,8.0
1692000000000,2023-08-14T08:00:00+00:00,0.000100000000,8.0
1692028800000,2023-08-14T16:00:00+00:00,0.000100000000,8.0
1692057600001,2023-08-15T00:00:00.001000+00:00,0.000100000000,8.0
1692086400000,2023-08-15T08:00:00+00:00,0.000100000000,8.0
1692115200000,2023-08-15T16:00:00+00:00,0.000100000000,8.0
1692144000000,2023-08-16T00:00:00+00:00,0.000100000000,8.0
1692172800001,2023-08-16T08:00:00.001000+00:00,0.000100000000,8.0
1692201600000,2023-08-16T16:00:00+00:00,0.000100000000,8.0
1692230400000,2023-08-17T00:00:00+00:00,0.000100000000,8.0
1692259200000,2023-08-17T08:00:00+00:00,0.000100000000,8.0
1692288000000,2023-08-17T16:00:00+00:00,0.000100000000,8.0
1692316800000,2023-08-18T00:00:00+00:00,0.000100000000,8.0
1692345600000,2023-08-18T08:00:00+00:00,-0.000000460000,8.0
1692374400000,2023-08-18T16:00:00+00:00,0.000051660000,8.0
1692403200000,2023-08-19T00:00:00+00:00,-0.000002740000,8.0
1692432000000,2023-08-19T08:00:00+00:00,-0.000003220000,8.0
1692460800000,2023-08-19T16:00:00+00:00,-0.000052860000,8.0
1692489600000,2023-08-20T00:00:00+00:00,-0.000030690000,8.0
1692518400000,2023-08-20T08:00:00+00:00,-0.000043640000,8.0
1692547200000,2023-08-20T16:00:00+00:00,-0.000001930000,8.0
1692576000000,2023-08-21T00:00:00+00:00,-0.000027970000,8.0
1692604800000,2023-08-21T08:00:00+00:00,0.000008160000,8.0
1692633600000,2023-08-21T16:00:00+00:00,-0.000016190000,8.0
1692662400000,2023-08-22T00:00:00+00:00,-0.000003080000,8.0
1692691200000,2023-08-22T08:00:00+00:00,-0.000019280000,8.0
1692720000000,2023-08-22T16:00:00+00:00,0.000030480000,8.0
1692748800000,2023-08-23T00:00:00+00:00,0.000007390000,8.0
1692777600000,2023-08-23T08:00:00+00:00,-0.000010200000,8.0
1692806400000,2023-08-23T16:00:00+00:00,0.000032470000,8.0
1692835200000,2023-08-24T00:00:00+00:00,-0.000028220000,8.0
1692864000000,2023-08-24T08:00:00+00:00,0.000025060000,8.0
1692892800000,2023-08-24T16:00:00+00:00,0.000049000000,8.0
1692921600000,2023-08-25T00:00:00+00:00,-0.000006590000,8.0
1692950400000,2023-08-25T08:00:00+00:00,0.000028020000,8.0
1692979200000,2023-08-25T16:00:00+00:00,0.000052180000,8.0
1693008000000,2023-08-26T00:00:00+00:00,0.000038200000,8.0
1693036800000,2023-08-26T08:00:00+00:00,0.000053340000,8.0
1693065600000,2023-08-26T16:00:00+00:00,0.000020960000,8.0
1693094400000,2023-08-27T00:00:00+00:00,0.000000990000,8.0
1693123200000,2023-08-27T08:00:00+00:00,0.000039760000,8.0
1693152000000,2023-08-27T16:00:00+00:00,0.000012320000,8.0
1693180800000,2023-08-28T00:00:00+00:00,-0.000003950000,8.0
1693209600001,2023-08-28T08:00:00.001000+00:00,0.000044240000,8.0
1693238400001,2023-08-28T16:00:00.001000+00:00,0.000045240000,8.0
1693267200000,2023-08-29T00:00:00+00:00,0.000008240000,8.0
1693296000000,2023-08-29T08:00:00+00:00,0.000037690000,8.0
1693324800000,2023-08-29T16:00:00+00:00,-0.000109340000,8.0
1693353600000,2023-08-30T00:00:00+00:00,0.000048680000,8.0
1693382400000,2023-08-30T08:00:00+00:00,0.000057310000,8.0
1693411200000,2023-08-30T16:00:00+00:00,0.000039440000,8.0
1693440000000,2023-08-31T00:00:00+00:00,0.000029090000,8.0
1693468800000,2023-08-31T08:00:00+00:00,0.000068590000,8.0
1693497600000,2023-08-31T16:00:00+00:00,0.000081050000,8.0
1693526400000,2023-09-01T00:00:00+00:00,0.000025830000,8.0
1693555200000,2023-09-01T08:00:00+00:00,0.000059680000,8.0
1693584000001,2023-09-01T16:00:00.001000+00:00,0.000062540000,8.0
1693612800000,2023-09-02T00:00:00+00:00,0.000049980000,8.0
1693641600000,2023-09-02T08:00:00+00:00,0.000019370000,8.0
1693670400000,2023-09-02T16:00:00+00:00,-0.000020180000,8.0
1693699200000,2023-09-03T00:00:00+00:00,0.000048390000,8.0
1693728000000,2023-09-03T08:00:00+00:00,0.000002350000,8.0
1693756800000,2023-09-03T16:00:00+00:00,0.000028900000,8.0
1693785600000,2023-09-04T00:00:00+00:00,0.000026900000,8.0
1693814400000,2023-09-04T08:00:00+00:00,0.000014690000,8.0
1693843200000,2023-09-04T16:00:00+00:00,-0.000010590000,8.0
1693872000000,2023-09-05T00:00:00+00:00,0.000000530000,8.0
1693900800000,2023-09-05T08:00:00+00:00,0.000019750000,8.0
1693929600000,2023-09-05T16:00:00+00:00,0.000033660000,8.0
1693958400000,2023-09-06T00:00:00+00:00,0.000017370000,8.0
1693987200000,2023-09-06T08:00:00+00:00,-0.000027630000,8.0
1694016000001,2023-09-06T16:00:00.001000+00:00,0.000021350000,8.0
1694044800000,2023-09-07T00:00:00+00:00,0.000038300000,8.0
1694073600000,2023-09-07T08:00:00+00:00,0.000038830000,8.0
1694102400000,2023-09-07T16:00:00+00:00,0.000069240000,8.0
1694131200000,2023-09-08T00:00:00+00:00,-0.000015250000,8.0
1694160000000,2023-09-08T08:00:00+00:00,0.000005120000,8.0
1694188800000,2023-09-08T16:00:00+00:00,-0.000016910000,8.0
1694217600000,2023-09-09T00:00:00+00:00,-0.000050570000,8.0
1694246400000,2023-09-09T08:00:00+00:00,-0.000003770000,8.0
1694275200000,2023-09-09T16:00:00+00:00,0.000014230000,8.0
1694304000000,2023-09-10T00:00:00+00:00,-0.000000730000,8.0
1694332800000,2023-09-10T08:00:00+00:00,0.000032940000,8.0
1694361600000,2023-09-10T16:00:00+00:00,0.000026090000,8.0
1694390400000,2023-09-11T00:00:00+00:00,-0.000003000000,8.0
1694419200000,2023-09-11T08:00:00+00:00,0.000018230000,8.0
1694448000001,2023-09-11T16:00:00.001000+00:00,0.000018380000,8.0
1694476800000,2023-09-12T00:00:00+00:00,0.000027300000,8.0
1694505600000,2023-09-12T08:00:00+00:00,0.000054250000,8.0
1694534400000,2023-09-12T16:00:00+00:00,-0.000035020000,8.0
1694563200000,2023-09-13T00:00:00+00:00,0.000023420000,8.0
1694592000000,2023-09-13T08:00:00+00:00,0.000012600000,8.0
1694620800000,2023-09-13T16:00:00+00:00,0.000030990000,8.0
1694649600000,2023-09-14T00:00:00+00:00,0.000004610000,8.0
1694678400001,2023-09-14T08:00:00.001000+00:00,0.000034280000,8.0
1694707200000,2023-09-14T16:00:00+00:00,-0.000047480000,8.0
1694736000000,2023-09-15T00:00:00+00:00,-0.000026410000,8.0
1694764800000,2023-09-15T08:00:00+00:00,-0.000007610000,8.0
1694793600000,2023-09-15T16:00:00+00:00,0.000075610000,8.0
1694822400000,2023-09-16T00:00:00+00:00,-0.000013810000,8.0
1694851200000,2023-09-16T08:00:00+00:00,-0.000043200000,8.0
1694880000000,2023-09-16T16:00:00+00:00,-0.000031610000,8.0
1694908800000,2023-09-17T00:00:00+00:00,0.000008970000,8.0
1694937600000,2023-09-17T08:00:00+00:00,0.000011420000,8.0
1694966400000,2023-09-17T16:00:00+00:00,0.000006490000,8.0
1694995200000,2023-09-18T00:00:00+00:00,-0.000005080000,8.0
1695024000000,2023-09-18T08:00:00+00:00,0.000005790000,8.0
1695052800000,2023-09-18T16:00:00+00:00,-0.000067740000,8.0
1695081600000,2023-09-19T00:00:00+00:00,0.000024680000,8.0
1695110400001,2023-09-19T08:00:00.001000+00:00,-0.000019720000,8.0
1695139200000,2023-09-19T16:00:00+00:00,-0.000017560000,8.0
1695168000000,2023-09-20T00:00:00+00:00,-0.000026140000,8.0
1695196800000,2023-09-20T08:00:00+00:00,-0.000037770000,8.0
1695225600000,2023-09-20T16:00:00+00:00,-0.000009910000,8.0
1695254400001,2023-09-21T00:00:00.001000+00:00,-0.000000290000,8.0
1695283200000,2023-09-21T08:00:00+00:00,0.000043030000,8.0
1695312000000,2023-09-21T16:00:00+00:00,0.000074290000,8.0
1695340800000,2023-09-22T00:00:00+00:00,-0.000000620000,8.0
1695369600000,2023-09-22T08:00:00+00:00,0.000010340000,8.0
1695398400000,2023-09-22T16:00:00+00:00,0.000021360000,8.0
1695427200000,2023-09-23T00:00:00+00:00,0.000066760000,8.0
1695456000000,2023-09-23T08:00:00+00:00,0.000015560000,8.0
1695484800000,2023-09-23T16:00:00+00:00,0.000002090000,8.0
1695513600000,2023-09-24T00:00:00+00:00,-0.000013920000,8.0
1695542400000,2023-09-24T08:00:00+00:00,0.000047210000,8.0
1695571200000,2023-09-24T16:00:00+00:00,0.000028870000,8.0
1695600000000,2023-09-25T00:00:00+00:00,-0.000012600000,8.0
1695628800000,2023-09-25T08:00:00+00:00,0.000085650000,8.0
1695657600000,2023-09-25T16:00:00+00:00,0.000047920000,8.0
1695686400000,2023-09-26T00:00:00+00:00,-0.000039100000,8.0
1695715200000,2023-09-26T08:00:00+00:00,-0.000012150000,8.0
1695744000000,2023-09-26T16:00:00+00:00,0.000056260000,8.0
1695772800000,2023-09-27T00:00:00+00:00,0.000099440000,8.0
1695801600001,2023-09-27T08:00:00.001000+00:00,0.000033780000,8.0
1695830400000,2023-09-27T16:00:00+00:00,0.000020740000,8.0
1695859200000,2023-09-28T00:00:00+00:00,0.000006740000,8.0
1695888000000,2023-09-28T08:00:00+00:00,-0.000015810000,8.0
1695916800000,2023-09-28T16:00:00+00:00,-0.000047320000,8.0
1695945600000,2023-09-29T00:00:00+00:00,-0.000038940000,8.0
1695974400000,2023-09-29T08:00:00+00:00,-0.000025670000,8.0
1696003200000,2023-09-29T16:00:00+00:00,0.000004760000,8.0
1696032000000,2023-09-30T00:00:00+00:00,0.000006430000,8.0
1696060800000,2023-09-30T08:00:00+00:00,0.000018640000,8.0
1696089600000,2023-09-30T16:00:00+00:00,0.000015250000,8.0
1696118400000,2023-10-01T00:00:00+00:00,0.000002950000,8.0
1696147200000,2023-10-01T08:00:00+00:00,-0.000006190000,8.0
1696176000000,2023-10-01T16:00:00+00:00,-0.000022630000,8.0
1696204800000,2023-10-02T00:00:00+00:00,0.000058310000,8.0
1696233600000,2023-10-02T08:00:00+00:00,0.000007280000,8.0
1696262400000,2023-10-02T16:00:00+00:00,-0.000014770000,8.0
1696291200000,2023-10-03T00:00:00+00:00,0.000041720000,8.0
1696320000000,2023-10-03T08:00:00+00:00,0.000016670000,8.0
1696348800000,2023-10-03T16:00:00+00:00,0.000025000000,8.0
1696377600000,2023-10-04T00:00:00+00:00,0.000060310000,8.0
1696406400000,2023-10-04T08:00:00+00:00,0.000062000000,8.0
1696435200000,2023-10-04T16:00:00+00:00,-0.000028570000,8.0
1696464000000,2023-10-05T00:00:00+00:00,-0.000038070000,8.0
1696492800000,2023-10-05T08:00:00+00:00,-0.000042680000,8.0
1696521600001,2023-10-05T16:00:00.001000+00:00,-0.000023020000,8.0
1696550400000,2023-10-06T00:00:00+00:00,-0.000011060000,8.0
1696579200000,2023-10-06T08:00:00+00:00,0.000014360000,8.0
1696608000000,2023-10-06T16:00:00+00:00,-0.000031490000,8.0
1696636800000,2023-10-07T00:00:00+00:00,0.000021240000,8.0
1696665600000,2023-10-07T08:00:00+00:00,0.000028490000,8.0
1696694400000,2023-10-07T16:00:00+00:00,0.000020830000,8.0
1696723200000,2023-10-08T00:00:00+00:00,0.000003140000,8.0
1696752000001,2023-10-08T08:00:00.001000+00:00,0.000009740000,8.0
1696780800000,2023-10-08T16:00:00+00:00,0.000051630000,8.0
1696809600000,2023-10-09T00:00:00+00:00,0.000039920000,8.0
1696838400000,2023-10-09T08:00:00+00:00,0.000035150000,8.0
1696867200000,2023-10-09T16:00:00+00:00,0.000078380000,8.0
1696896000000,2023-10-10T00:00:00+00:00,0.000063490000,8.0
1696924800000,2023-10-10T08:00:00+00:00,0.000018940000,8.0
1696953600000,2023-10-10T16:00:00+00:00,0.000045480000,8.0
1696982400000,2023-10-11T00:00:00+00:00,0.000059180000,8.0
1697011200000,2023-10-11T08:00:00+00:00,0.000083300000,8.0
1697040000000,2023-10-11T16:00:00+00:00,0.000063190000,8.0
1697068800000,2023-10-12T00:00:00+00:00,0.000100000000,8.0
1697097600000,2023-10-12T08:00:00+00:00,0.000026610000,8.0
1697126400000,2023-10-12T16:00:00+00:00,0.000073040000,8.0
1697155200000,2023-10-13T00:00:00+00:00,0.000022940000,8.0
1697184000000,2023-10-13T08:00:00+00:00,0.000020390000,8.0
1697212800000,2023-10-13T16:00:00+00:00,0.000023260000,8.0
1697241600000,2023-10-14T00:00:00+00:00,0.000001050000,8.0
1697270400000,2023-10-14T08:00:00+00:00,0.000022110000,8.0
1697299200000,2023-10-14T16:00:00+00:00,0.000024560000,8.0
1697328000000,2023-10-15T00:00:00+00:00,-0.000015090000,8.0
1697356800000,2023-10-15T08:00:00+00:00,0.000042920000,8.0
1697385600000,2023-10-15T16:00:00+00:00,0.000022240000,8.0
1697414400000,2023-10-16T00:00:00+00:00,0.000005110000,8.0
1697443200000,2023-10-16T08:00:00+00:00,0.000000280000,8.0
1697472000000,2023-10-16T16:00:00+00:00,0.000096440000,8.0
1697500800000,2023-10-17T00:00:00+00:00,0.000002040000,8.0
1697529600000,2023-10-17T08:00:00+00:00,0.000014930000,8.0
1697558400000,2023-10-17T16:00:00+00:00,-0.000023110000,8.0
1697587200000,2023-10-18T00:00:00+00:00,-0.000033430000,8.0
1697616000000,2023-10-18T08:00:00+00:00,-0.000012160000,8.0
1697644800000,2023-10-18T16:00:00+00:00,0.000016440000,8.0
1697673600000,2023-10-19T00:00:00+00:00,-0.000010280000,8.0
1697702400001,2023-10-19T08:00:00.001000+00:00,-0.000006240000,8.0
1697731200000,2023-10-19T16:00:00+00:00,-0.000110060000,8.0
1697760000000,2023-10-20T00:00:00+00:00,-0.000092720000,8.0
1697788800005,2023-10-20T08:00:00.005000+00:00,0.000019380000,8.0
1697817600000,2023-10-20T16:00:00+00:00,0.000026870000,8.0
1697846400000,2023-10-21T00:00:00+00:00,-0.000015850000,8.0
1697875200000,2023-10-21T08:00:00+00:00,0.000043740000,8.0
1697904000000,2023-10-21T16:00:00+00:00,0.000058270000,8.0
1697932800000,2023-10-22T00:00:00+00:00,0.000025670000,8.0
1697961600000,2023-10-22T08:00:00+00:00,0.000025790000,8.0
1697990400000,2023-10-22T16:00:00+00:00,0.000031150000,8.0
1698019200000,2023-10-23T00:00:00+00:00,0.000082500000,8.0
1698048000001,2023-10-23T08:00:00.001000+00:00,0.000095900000,8.0
1698076800001,2023-10-23T16:00:00.001000+00:00,0.000006480000,8.0
1698105600000,2023-10-24T00:00:00+00:00,0.000100000000,8.0
1698134400000,2023-10-24T08:00:00+00:00,0.000100000000,8.0
1698163200000,2023-10-24T16:00:00+00:00,0.000100000000,8.0
1698192000000,2023-10-25T00:00:00+00:00,0.000100000000,8.0
1698220800000,2023-10-25T08:00:00+00:00,0.000100000000,8.0
1698249600001,2023-10-25T16:00:00.001000+00:00,0.000100000000,8.0
1698278400001,2023-10-26T00:00:00.001000+00:00,0.000100000000,8.0
1698307200000,2023-10-26T08:00:00+00:00,0.000100000000,8.0
1698336000000,2023-10-26T16:00:00+00:00,0.000100000000,8.0
1698364800000,2023-10-27T00:00:00+00:00,0.000100000000,8.0
1698393600000,2023-10-27T08:00:00+00:00,0.000100000000,8.0
1698422400000,2023-10-27T16:00:00+00:00,0.000100000000,8.0
1698451200000,2023-10-28T00:00:00+00:00,0.000100000000,8.0
1698480000001,2023-10-28T08:00:00.001000+00:00,0.000100000000,8.0
1698508800000,2023-10-28T16:00:00+00:00,0.000100000000,8.0
1698537600000,2023-10-29T00:00:00+00:00,0.000100000000,8.0
1698566400000,2023-10-29T08:00:00+00:00,0.000100000000,8.0
1698595200000,2023-10-29T16:00:00+00:00,0.000100000000,8.0
1698624000000,2023-10-30T00:00:00+00:00,0.000100000000,8.0
1698652800000,2023-10-30T08:00:00+00:00,0.000100000000,8.0
1698681600000,2023-10-30T16:00:00+00:00,0.000100000000,8.0
1698710400001,2023-10-31T00:00:00.001000+00:00,0.000100000000,8.0
1698739200000,2023-10-31T08:00:00+00:00,0.000100000000,8.0
1698768000000,2023-10-31T16:00:00+00:00,0.000100000000,8.0
1698796800000,2023-11-01T00:00:00+00:00,0.000100000000,8.0
1698825600000,2023-11-01T08:00:00+00:00,0.000100000000,8.0
1698854400000,2023-11-01T16:00:00+00:00,0.000100000000,8.0
1698883200001,2023-11-02T00:00:00.001000+00:00,0.000100000000,8.0
1698912000000,2023-11-02T08:00:00+00:00,0.000100000000,8.0
1698940800000,2023-11-02T16:00:00+00:00,0.000100000000,8.0
1698969600000,2023-11-03T00:00:00+00:00,0.000100000000,8.0
1698998400000,2023-11-03T08:00:00+00:00,0.000100000000,8.0
1699027200000,2023-11-03T16:00:00+00:00,0.000100000000,8.0
1699056000000,2023-11-04T00:00:00+00:00,0.000100000000,8.0
1699084800000,2023-11-04T08:00:00+00:00,0.000100000000,8.0
1699113600000,2023-11-04T16:00:00+00:00,0.000100000000,8.0
1699142400000,2023-11-05T00:00:00+00:00,0.000100000000,8.0
1699171200000,2023-11-05T08:00:00+00:00,0.000100000000,8.0
1699200000000,2023-11-05T16:00:00+00:00,0.000100000000,8.0
1699228800000,2023-11-06T00:00:00+00:00,0.000100000000,8.0
1699257600001,2023-11-06T08:00:00.001000+00:00,0.000100000000,8.0
1699286400000,2023-11-06T16:00:00+00:00,0.000100000000,8.0
1699315200001,2023-11-07T00:00:00.001000+00:00,0.000100000000,8.0
1699344000000,2023-11-07T08:00:00+00:00,0.000100000000,8.0
1699372800000,2023-11-07T16:00:00+00:00,0.000100000000,8.0
1699401600000,2023-11-08T00:00:00+00:00,0.000100000000,8.0
1699430400000,2023-11-08T08:00:00+00:00,0.000100000000,8.0
1699459200000,2023-11-08T16:00:00+00:00,0.000100000000,8.0
1699488000000,2023-11-09T00:00:00+00:00,0.000100000000,8.0
1699516800000,2023-11-09T08:00:00+00:00,0.000100000000,8.0
1699545600000,2023-11-09T16:00:00+00:00,0.000200270000,8.0
1699574400000,2023-11-10T00:00:00+00:00,0.000100000000,8.0
1699603200000,2023-11-10T08:00:00+00:00,0.000116820000,8.0
1699632000000,2023-11-10T16:00:00+00:00,0.000100000000,8.0
1699660800000,2023-11-11T00:00:00+00:00,0.000100000000,8.0
1699689600000,2023-11-11T08:00:00+00:00,0.000166070000,8.0
1699718400000,2023-11-11T16:00:00+00:00,0.000146480000,8.0
1699747200000,2023-11-12T00:00:00+00:00,0.000154300000,8.0
1699776000000,2023-11-12T08:00:00+00:00,0.000234870000,8.0
1699804800001,2023-11-12T16:00:00.001000+00:00,0.000272210000,8.0
1699833600000,2023-11-13T00:00:00+00:00,0.000324670000,8.0
1699862400000,2023-11-13T08:00:00+00:00,0.000108930000,8.0
1699891200000,2023-11-13T16:00:00+00:00,0.000204920000,8.0
1699920000000,2023-11-14T00:00:00+00:00,0.000173820000,8.0
1699948800000,2023-11-14T08:00:00+00:00,0.000163690000,8.0
1699977600001,2023-11-14T16:00:00.001000+00:00,0.000144770000,8.0
1700006400000,2023-11-15T00:00:00+00:00,0.000100000000,8.0
1700035200000,2023-11-15T08:00:00+00:00,0.000100000000,8.0
1700064000000,2023-11-15T16:00:00+00:00,0.000100000000,8.0
1700092800000,2023-11-16T00:00:00+00:00,0.000100000000,8.0
1700121600000,2023-11-16T08:00:00+00:00,0.000151990000,8.0
1700150400001,2023-11-16T16:00:00.001000+00:00,0.000120140000,8.0
1700179200000,2023-11-17T00:00:00+00:00,0.000100000000,8.0
1700208000001,2023-11-17T08:00:00.001000+00:00,0.000100000000,8.0
1700236800001,2023-11-17T16:00:00.001000+00:00,0.000100000000,8.0
1700265600000,2023-11-18T00:00:00+00:00,0.000100000000,8.0
1700294400000,2023-11-18T08:00:00+00:00,0.000100000000,8.0
1700323200000,2023-11-18T16:00:00+00:00,0.000100000000,8.0
1700352000000,2023-11-19T00:00:00+00:00,0.000100000000,8.0
1700380800000,2023-11-19T08:00:00+00:00,0.000100000000,8.0
1700409600000,2023-11-19T16:00:00+00:00,0.000100000000,8.0
1700438400000,2023-11-20T00:00:00+00:00,0.000100000000,8.0
1700467200000,2023-11-20T08:00:00+00:00,0.000100000000,8.0
1700496000000,2023-11-20T16:00:00+00:00,0.000100000000,8.0
1700524800000,2023-11-21T00:00:00+00:00,0.000100000000,8.0
1700553600000,2023-11-21T08:00:00+00:00,0.000100000000,8.0
1700582400000,2023-11-21T16:00:00+00:00,0.000100000000,8.0
1700611200000,2023-11-22T00:00:00+00:00,0.000100000000,8.0
1700640000000,2023-11-22T08:00:00+00:00,0.000100000000,8.0
1700668800000,2023-11-22T16:00:00+00:00,0.000100000000,8.0
1700697600000,2023-11-23T00:00:00+00:00,0.000100000000,8.0
1700726400000,2023-11-23T08:00:00+00:00,0.000100000000,8.0
1700755200001,2023-11-23T16:00:00.001000+00:00,0.000100000000,8.0
1700784000000,2023-11-24T00:00:00+00:00,0.000100000000,8.0
1700812800000,2023-11-24T08:00:00+00:00,0.000100000000,8.0
1700841600000,2023-11-24T16:00:00+00:00,0.000100000000,8.0
1700870400000,2023-11-25T00:00:00+00:00,0.000100000000,8.0
1700899200000,2023-11-25T08:00:00+00:00,0.000100000000,8.0
1700928000000,2023-11-25T16:00:00+00:00,0.000100000000,8.0
1700956800000,2023-11-26T00:00:00+00:00,0.000100000000,8.0
1700985600000,2023-11-26T08:00:00+00:00,0.000100000000,8.0
1701014400000,2023-11-26T16:00:00+00:00,0.000100000000,8.0
1701043200000,2023-11-27T00:00:00+00:00,0.000100000000,8.0
1701072000001,2023-11-27T08:00:00.001000+00:00,0.000100000000,8.0
1701100800000,2023-11-27T16:00:00+00:00,0.000100000000,8.0
1701129600000,2023-11-28T00:00:00+00:00,0.000100000000,8.0
1701158400000,2023-11-28T08:00:00+00:00,0.000100000000,8.0
1701187200000,2023-11-28T16:00:00+00:00,0.000100000000,8.0
1701216000001,2023-11-29T00:00:00.001000+00:00,0.000100000000,8.0
1701244800000,2023-11-29T08:00:00+00:00,0.000100000000,8.0
1701273600000,2023-11-29T16:00:00+00:00,0.000100000000,8.0
1701302400000,2023-11-30T00:00:00+00:00,0.000100000000,8.0
1701331200000,2023-11-30T08:00:00+00:00,0.000100000000,8.0
1701360000000,2023-11-30T16:00:00+00:00,0.000100000000,8.0
1701388800000,2023-12-01T00:00:00+00:00,0.000100000000,8.0
1701417600000,2023-12-01T08:00:00+00:00,0.000100000000,8.0
1701446400000,2023-12-01T16:00:00+00:00,0.000100000000,8.0
1701475200000,2023-12-02T00:00:00+00:00,0.000099500000,8.0
1701504000000,2023-12-02T08:00:00+00:00,0.000069730000,8.0
1701532800000,2023-12-02T16:00:00+00:00,0.000085410000,8.0
1701561600000,2023-12-03T00:00:00+00:00,0.000100000000,8.0
1701590400000,2023-12-03T08:00:00+00:00,0.000100000000,8.0
1701619200000,2023-12-03T16:00:00+00:00,0.000100000000,8.0
1701648000000,2023-12-04T00:00:00+00:00,0.000100000000,8.0
1701676800000,2023-12-04T08:00:00+00:00,0.000100000000,8.0
1701705600000,2023-12-04T16:00:00+00:00,0.000100000000,8.0
1701734400000,2023-12-05T00:00:00+00:00,0.000100000000,8.0
1701763200000,2023-12-05T08:00:00+00:00,0.000100000000,8.0
1701792000000,2023-12-05T16:00:00+00:00,0.000100000000,8.0
1701820800000,2023-12-06T00:00:00+00:00,0.000100000000,8.0
1701849600000,2023-12-06T08:00:00+00:00,0.000100000000,8.0
1701878400000,2023-12-06T16:00:00+00:00,0.000100000000,8.0
1701907200000,2023-12-07T00:00:00+00:00,0.000100000000,8.0
1701936000000,2023-12-07T08:00:00+00:00,0.000100000000,8.0
1701964800000,2023-12-07T16:00:00+00:00,0.000100000000,8.0
1701993600000,2023-12-08T00:00:00+00:00,0.000100000000,8.0
1702022400000,2023-12-08T08:00:00+00:00,0.000232880000,8.0
1702051200000,2023-12-08T16:00:00+00:00,0.000202420000,8.0
1702080000000,2023-12-09T00:00:00+00:00,0.000115040000,8.0
1702108800000,2023-12-09T08:00:00+00:00,0.000301590000,8.0
1702137600000,2023-12-09T16:00:00+00:00,0.000171920000,8.0
1702166400000,2023-12-10T00:00:00+00:00,0.000207240000,8.0
1702195200000,2023-12-10T08:00:00+00:00,0.000203830000,8.0
1702224000000,2023-12-10T16:00:00+00:00,0.000239230000,8.0
1702252800000,2023-12-11T00:00:00+00:00,0.000147300000,8.0
1702281600000,2023-12-11T08:00:00+00:00,0.000100000000,8.0
1702310400000,2023-12-11T16:00:00+00:00,0.000100000000,8.0
1702339200000,2023-12-12T00:00:00+00:00,0.000100000000,8.0
1702368000000,2023-12-12T08:00:00+00:00,0.000100000000,8.0
1702396800000,2023-12-12T16:00:00+00:00,0.000100000000,8.0
1702425600000,2023-12-13T00:00:00+00:00,0.000119090000,8.0
1702454400000,2023-12-13T08:00:00+00:00,0.000101620000,8.0
1702483200001,2023-12-13T16:00:00.001000+00:00,0.000126010000,8.0
1702512000000,2023-12-14T00:00:00+00:00,0.000100000000,8.0
1702540800000,2023-12-14T08:00:00+00:00,0.000100000000,8.0
1702569600000,2023-12-14T16:00:00+00:00,0.000100000000,8.0
1702598400000,2023-12-15T00:00:00+00:00,0.000100000000,8.0
1702627200000,2023-12-15T08:00:00+00:00,0.000100000000,8.0
1702656000000,2023-12-15T16:00:00+00:00,0.000100000000,8.0
1702684800000,2023-12-16T00:00:00+00:00,0.000100000000,8.0
1702713600000,2023-12-16T08:00:00+00:00,0.000100000000,8.0
1702742400001,2023-12-16T16:00:00.001000+00:00,0.000100000000,8.0
1702771200000,2023-12-17T00:00:00+00:00,0.000100000000,8.0
1702800000000,2023-12-17T08:00:00+00:00,0.000100000000,8.0
1702828800000,2023-12-17T16:00:00+00:00,0.000100000000,8.0
1702857600000,2023-12-18T00:00:00+00:00,0.000133550000,8.0
1702886400001,2023-12-18T08:00:00.001000+00:00,0.000100000000,8.0
1702915200000,2023-12-18T16:00:00+00:00,0.000156110000,8.0
1702944000000,2023-12-19T00:00:00+00:00,0.000100000000,8.0
1702972800000,2023-12-19T08:00:00+00:00,0.000100000000,8.0
1703001600000,2023-12-19T16:00:00+00:00,0.000100000000,8.0
1703030400000,2023-12-20T00:00:00+00:00,0.000105060000,8.0
1703059200000,2023-12-20T08:00:00+00:00,0.000100000000,8.0
1703088000000,2023-12-20T16:00:00+00:00,0.000236370000,8.0
1703116800000,2023-12-21T00:00:00+00:00,0.000271430000,8.0
1703145600000,2023-12-21T08:00:00+00:00,0.000292160000,8.0
1703174400000,2023-12-21T16:00:00+00:00,0.000289480000,8.0
1703203200000,2023-12-22T00:00:00+00:00,0.000308060000,8.0
1703232000000,2023-12-22T08:00:00+00:00,0.000296100000,8.0
1703260800000,2023-12-22T16:00:00+00:00,0.000180110000,8.0
1703289600000,2023-12-23T00:00:00+00:00,0.000162850000,8.0
1703318400001,2023-12-23T08:00:00.001000+00:00,0.000100000000,8.0
1703347200000,2023-12-23T16:00:00+00:00,0.000150660000,8.0
1703376000000,2023-12-24T00:00:00+00:00,0.000100000000,8.0
1703404800000,2023-12-24T08:00:00+00:00,0.000207900000,8.0
1703433600000,2023-12-24T16:00:00+00:00,0.000197290000,8.0
1703462400000,2023-12-25T00:00:00+00:00,0.000100000000,8.0
1703491200000,2023-12-25T08:00:00+00:00,0.000100000000,8.0
1703520000000,2023-12-25T16:00:00+00:00,0.000379080000,8.0
1703548800000,2023-12-26T00:00:00+00:00,0.000433910000,8.0
1703577600000,2023-12-26T08:00:00+00:00,0.000237570000,8.0
1703606400000,2023-12-26T16:00:00+00:00,0.000295590000,8.0
1703635200000,2023-12-27T00:00:00+00:00,0.000276210000,8.0
1703664000000,2023-12-27T08:00:00+00:00,0.000379420000,8.0
1703692800000,2023-12-27T16:00:00+00:00,0.000323040000,8.0
1703721600000,2023-12-28T00:00:00+00:00,0.000130210000,8.0
1703750400000,2023-12-28T08:00:00+00:00,0.000378790000,8.0
1703779200000,2023-12-28T16:00:00+00:00,0.000501520000,8.0
1703808000001,2023-12-29T00:00:00.001000+00:00,0.000551700000,8.0
1703836800000,2023-12-29T08:00:00+00:00,0.000499120000,8.0
1703865600000,2023-12-29T16:00:00+00:00,0.000470820000,8.0
1703894400001,2023-12-30T00:00:00.001000+00:00,0.000330330000,8.0
1703923200000,2023-12-30T08:00:00+00:00,0.000435800000,8.0
1703952000000,2023-12-30T16:00:00+00:00,0.000378420000,8.0
1703980800000,2023-12-31T00:00:00+00:00,0.000278550000,8.0
1704009600001,2023-12-31T08:00:00.001000+00:00,0.000345730000,8.0
1704038400000,2023-12-31T16:00:00+00:00,0.000335970000,8.0
1704067200000,2024-01-01T00:00:00+00:00,0.000374090000,8.0
1704096000000,2024-01-01T08:00:00+00:00,0.000272130000,8.0
1704124800000,2024-01-01T16:00:00+00:00,0.000336010000,8.0
1704153600000,2024-01-02T00:00:00+00:00,0.000658460000,8.0
1704182400000,2024-01-02T08:00:00+00:00,0.000351790000,8.0
1704211200000,2024-01-02T16:00:00+00:00,0.000537300000,8.0
1704240000000,2024-01-03T00:00:00+00:00,0.000211590000,8.0
1704268800000,2024-01-03T08:00:00+00:00,0.000171230000,8.0
1704297600000,2024-01-03T16:00:00+00:00,0.000100000000,8.0
1704326400000,2024-01-04T00:00:00+00:00,0.000100000000,8.0
1704355200000,2024-01-04T08:00:00+00:00,0.000100000000,8.0
1704384000000,2024-01-04T16:00:00+00:00,0.000100000000,8.0
1704412800001,2024-01-05T00:00:00.001000+00:00,0.000100000000,8.0
1704441600000,2024-01-05T08:00:00+00:00,0.000100000000,8.0
1704470400000,2024-01-05T16:00:00+00:00,0.000100000000,8.0
1704499200000,2024-01-06T00:00:00+00:00,0.000100000000,8.0
1704528000000,2024-01-06T08:00:00+00:00,0.000100000000,8.0
1704556800000,2024-01-06T16:00:00+00:00,0.000100000000,8.0
1704585600000,2024-01-07T00:00:00+00:00,0.000100000000,8.0
1704614400001,2024-01-07T08:00:00.001000+00:00,0.000100000000,8.0
1704643200001,2024-01-07T16:00:00.001000+00:00,0.000100000000,8.0
1704672000000,2024-01-08T00:00:00+00:00,0.000100000000,8.0
1704700800000,2024-01-08T08:00:00+00:00,0.000100000000,8.0
1704729600000,2024-01-08T16:00:00+00:00,0.000100000000,8.0
1704758400001,2024-01-09T00:00:00.001000+00:00,0.000100000000,8.0
1704787200000,2024-01-09T08:00:00+00:00,0.000100000000,8.0
1704816000000,2024-01-09T16:00:00+00:00,0.000100000000,8.0
1704844800000,2024-01-10T00:00:00+00:00,0.000100000000,8.0
1704873600000,2024-01-10T08:00:00+00:00,0.000100000000,8.0
1704902400000,2024-01-10T16:00:00+00:00,0.000100000000,8.0
1704931200000,2024-01-11T00:00:00+00:00,0.000100000000,8.0
1704960000000,2024-01-11T08:00:00+00:00,0.000100000000,8.0
1704988800000,2024-01-11T16:00:00+00:00,0.000100000000,8.0
1705017600001,2024-01-12T00:00:00.001000+00:00,0.000100000000,8.0
1705046400000,2024-01-12T08:00:00+00:00,0.000100000000,8.0
1705075200000,2024-01-12T16:00:00+00:00,0.000100000000,8.0
1705104000000,2024-01-13T00:00:00+00:00,0.000100000000,8.0
1705132800000,2024-01-13T08:00:00+00:00,0.000100000000,8.0
1705161600001,2024-01-13T16:00:00.001000+00:00,0.000100000000,8.0
1705190400000,2024-01-14T00:00:00+00:00,0.000100000000,8.0
1705219200000,2024-01-14T08:00:00+00:00,0.000100000000,8.0
1705248000001,2024-01-14T16:00:00.001000+00:00,0.000100000000,8.0
1705276800000,2024-01-15T00:00:00+00:00,0.000100000000,8.0
1705305600000,2024-01-15T08:00:00+00:00,0.000100000000,8.0
1705334400000,2024-01-15T16:00:00+00:00,0.000100000000,8.0
1705363200000,2024-01-16T00:00:00+00:00,0.000100000000,8.0
1705392000000,2024-01-16T08:00:00+00:00,0.000100000000,8.0
1705420800001,2024-01-16T16:00:00.001000+00:00,0.000100000000,8.0
1705449600000,2024-01-17T00:00:00+00:00,0.000100000000,8.0
1705478400000,2024-01-17T08:00:00+00:00,0.000100000000,8.0
1705507200000,2024-01-17T16:00:00+00:00,0.000100000000,8.0
1705536000001,2024-01-18T00:00:00.001000+00:00,0.000100000000,8.0
1705564800000,2024-01-18T08:00:00+00:00,0.000100000000,8.0
1705593600000,2024-01-18T16:00:00+00:00,0.000100000000,8.0
1705622400000,2024-01-19T00:00:00+00:00,0.000100000000,8.0
1705651200000,2024-01-19T08:00:00+00:00,0.000100000000,8.0
1705680000002,2024-01-19T16:00:00.002000+00:00,0.000100000000,8.0
1705708800000,2024-01-20T00:00:00+00:00,0.000100000000,8.0
1705737600003,2024-01-20T08:00:00.003000+00:00,0.000100000000,8.0
1705766400000,2024-01-20T16:00:00+00:00,0.000100000000,8.0
1705795200000,2024-01-21T00:00:00+00:00,0.000100000000,8.0
1705824000000,2024-01-21T08:00:00+00:00,0.000100000000,8.0
1705852800000,2024-01-21T16:00:00+00:00,0.000100000000,8.0
1705881600000,2024-01-22T00:00:00+00:00,0.000100000000,8.0
1705910400000,2024-01-22T08:00:00+00:00,0.000100000000,8.0
1705939200000,2024-01-22T16:00:00+00:00,0.000100000000,8.0
1705968000000,2024-01-23T00:00:00+00:00,0.000100000000,8.0
1705996800000,2024-01-23T08:00:00+00:00,0.000100000000,8.0
1706025600000,2024-01-23T16:00:00+00:00,0.000100000000,8.0
1706054400000,2024-01-24T00:00:00+00:00,0.000100000000,8.0
1706083200000,2024-01-24T08:00:00+00:00,0.000100000000,8.0
1706112000000,2024-01-24T16:00:00+00:00,0.000100000000,8.0
1706140800000,2024-01-25T00:00:00+00:00,0.000100000000,8.0
1706169600001,2024-01-25T08:00:00.001000+00:00,0.000100000000,8.0
1706198400000,2024-01-25T16:00:00+00:00,0.000100000000,8.0
1706227200001,2024-01-26T00:00:00.001000+00:00,0.000100000000,8.0
1706256000000,2024-01-26T08:00:00+00:00,0.000100000000,8.0
1706284800000,2024-01-26T16:00:00+00:00,0.000100000000,8.0
1706313600000,2024-01-27T00:00:00+00:00,0.000089660000,8.0
1706342400000,2024-01-27T08:00:00+00:00,0.000100000000,8.0
1706371200000,2024-01-27T16:00:00+00:00,0.000083000000,8.0
1706400000000,2024-01-28T00:00:00+00:00,0.000100000000,8.0
1706428800000,2024-01-28T08:00:00+00:00,0.000047250000,8.0
1706457600000,2024-01-28T16:00:00+00:00,0.000100000000,8.0
1706486400000,2024-01-29T00:00:00+00:00,0.000100000000,8.0
1706515200001,2024-01-29T08:00:00.001000+00:00,0.000091420000,8.0
1706544000000,2024-01-29T16:00:00+00:00,0.000100000000,8.0
1706572800000,2024-01-30T00:00:00+00:00,0.000100000000,8.0
1706601600000,2024-01-30T08:00:00+00:00,0.000094920000,8.0
1706630400001,2024-01-30T16:00:00.001000+00:00,0.000051490000,8.0
1706659200000,2024-01-31T00:00:00+00:00,0.000021540000,8.0
1706688000000,2024-01-31T08:00:00+00:00,0.000100000000,8.0
1706716800000,2024-01-31T16:00:00+00:00,0.000100000000,8.0
1706745600000,2024-02-01T00:00:00+00:00,0.000100000000,8.0
1706774400000,2024-02-01T08:00:00+00:00,0.000100000000,8.0
1706803200002,2024-02-01T16:00:00.002000+00:00,0.000100000000,8.0
1706832000000,2024-02-02T00:00:00+00:00,0.000100000000,8.0
1706860800000,2024-02-02T08:00:00+00:00,0.000100000000,8.0
1706889600000,2024-02-02T16:00:00+00:00,0.000100000000,8.0
1706918400000,2024-02-03T00:00:00+00:00,0.000076270000,8.0
1706947200000,2024-02-03T08:00:00+00:00,0.000090420000,8.0
1706976000001,2024-02-03T16:00:00.001000+00:00,0.000080280000,8.0
1707004800000,2024-02-04T00:00:00+00:00,0.000083070000,8.0
1707033600004,2024-02-04T08:00:00.004000+00:00,0.000088460000,8.0
1707062400000,2024-02-04T16:00:00+00:00,0.000100000000,8.0
1707091200000,2024-02-05T00:00:00+00:00,0.000100000000,8.0
1707120000000,2024-02-05T08:00:00+00:00,0.000100000000,8.0
1707148800000,2024-02-05T16:00:00+00:00,0.000100000000,8.0
1707177600000,2024-02-06T00:00:00+00:00,0.000100000000,8.0
1707206400001,2024-02-06T08:00:00.001000+00:00,0.000067230000,8.0
1707235200000,2024-02-06T16:00:00+00:00,0.000100000000,8.0
1707264000000,2024-02-07T00:00:00+00:00,0.000075270000,8.0
1707292800000,2024-02-07T08:00:00+00:00,0.000053730000,8.0
1707321600000,2024-02-07T16:00:00+00:00,0.000083060000,8.0
1707350400000,2024-02-08T00:00:00+00:00,0.000100000000,8.0
1707379200000,2024-02-08T08:00:00+00:00,0.000065350000,8.0
1707408000000,2024-02-08T16:00:00+00:00,0.000025900000,8.0
1707436800000,2024-02-09T00:00:00+00:00,0.000031600000,8.0
1707465600000,2024-02-09T08:00:00+00:00,0.000100000000,8.0
1707494400001,2024-02-09T16:00:00.001000+00:00,0.000098010000,8.0
1707523200001,2024-02-10T00:00:00.001000+00:00,0.000080410000,8.0
1707552000000,2024-02-10T08:00:00+00:00,0.000100000000,8.0
1707580800000,2024-02-10T16:00:00+00:00,0.000100000000,8.0
1707609600000,2024-02-11T00:00:00+00:00,0.000100000000,8.0
1707638400001,2024-02-11T08:00:00.001000+00:00,0.000100000000,8.0
1707667200000,2024-02-11T16:00:00+00:00,0.000100000000,8.0
1707696000000,2024-02-12T00:00:00+00:00,0.000100000000,8.0
1707724800000,2024-02-12T08:00:00+00:00,0.000100000000,8.0
1707753600000,2024-02-12T16:00:00+00:00,0.000100000000,8.0
1707782400000,2024-02-13T00:00:00+00:00,0.000100000000,8.0
1707811200000,2024-02-13T08:00:00+00:00,0.000100000000,8.0
1707840000000,2024-02-13T16:00:00+00:00,0.000100000000,8.0
1707868800000,2024-02-14T00:00:00+00:00,0.000100000000,8.0
1707897600000,2024-02-14T08:00:00+00:00,0.000100000000,8.0
1707926400000,2024-02-14T16:00:00+00:00,0.000122830000,8.0
1707955200000,2024-02-15T00:00:00+00:00,0.000100000000,8.0
1707984000000,2024-02-15T08:00:00+00:00,0.000100000000,8.0
1708012800000,2024-02-15T16:00:00+00:00,0.000100000000,8.0
1708041600000,2024-02-16T00:00:00+00:00,0.000100000000,8.0
1708070400000,2024-02-16T08:00:00+00:00,0.000100000000,8.0
1708099200000,2024-02-16T16:00:00+00:00,0.000100000000,8.0
1708128000000,2024-02-17T00:00:00+00:00,0.000100000000,8.0
1708156800000,2024-02-17T08:00:00+00:00,0.000100000000,8.0
1708185600000,2024-02-17T16:00:00+00:00,0.000160410000,8.0
1708214400000,2024-02-18T00:00:00+00:00,0.000172400000,8.0
1708243200000,2024-02-18T08:00:00+00:00,0.000153050000,8.0
1708272000000,2024-02-18T16:00:00+00:00,0.000170950000,8.0
1708300800000,2024-02-19T00:00:00+00:00,0.000230640000,8.0
1708329600000,2024-02-19T08:00:00+00:00,0.000195940000,8.0
1708358400000,2024-02-19T16:00:00+00:00,0.000133270000,8.0
1708387200000,2024-02-20T00:00:00+00:00,0.000104610000,8.0
1708416000000,2024-02-20T08:00:00+00:00,0.000109120000,8.0
1708444800000,2024-02-20T16:00:00+00:00,0.000202590000,8.0
1708473600000,2024-02-21T00:00:00+00:00,0.000100000000,8.0
1708502400000,2024-02-21T08:00:00+00:00,0.000112420000,8.0
1708531200000,2024-02-21T16:00:00+00:00,0.000100000000,8.0
1708560000001,2024-02-22T00:00:00.001000+00:00,0.000100000000,8.0
1708588800001,2024-02-22T08:00:00.001000+00:00,0.000134800000,8.0
1708617600000,2024-02-22T16:00:00+00:00,0.000125570000,8.0
1708646400000,2024-02-23T00:00:00+00:00,0.000100000000,8.0
1708675200000,2024-02-23T08:00:00+00:00,0.000100000000,8.0
1708704000000,2024-02-23T16:00:00+00:00,0.000129910000,8.0
1708732800000,2024-02-24T00:00:00+00:00,0.000100000000,8.0
1708761600001,2024-02-24T08:00:00.001000+00:00,0.000100000000,8.0
1708790400000,2024-02-24T16:00:00+00:00,0.000100000000,8.0
1708819200001,2024-02-25T00:00:00.001000+00:00,0.000114380000,8.0
1708848000000,2024-02-25T08:00:00+00:00,0.000150120000,8.0
1708876800000,2024-02-25T16:00:00+00:00,0.000150620000,8.0
1708905600000,2024-02-26T00:00:00+00:00,0.000267610000,8.0
1708934400000,2024-02-26T08:00:00+00:00,0.000215670000,8.0
1708963200000,2024-02-26T16:00:00+00:00,0.000272270000,8.0
1708992000000,2024-02-27T00:00:00+00:00,0.000322620000,8.0
1709020800000,2024-02-27T08:00:00+00:00,0.000735210000,8.0
1709049600000,2024-02-27T16:00:00+00:00,0.000229650000,8.0
1709078400000,2024-02-28T00:00:00+00:00,0.000267290000,8.0
1709107200000,2024-02-28T08:00:00+00:00,0.000236820000,8.0
1709136000000,2024-02-28T16:00:00+00:00,0.000535380000,8.0
1709164800000,2024-02-29T00:00:00+00:00,0.000690910000,8.0
1709193600000,2024-02-29T08:00:00+00:00,0.000763370000,8.0
1709222400000,2024-02-29T16:00:00+00:00,0.000570310000,8.0
1709251200000,2024-03-01T00:00:00+00:00,0.000533220000,8.0
1709280000000,2024-03-01T08:00:00+00:00,0.000648240000,8.0
1709308800000,2024-03-01T16:00:00+00:00,0.000460100000,8.0
1709337600000,2024-03-02T00:00:00+00:00,0.000334260000,8.0
1709366400001,2024-03-02T08:00:00.001000+00:00,0.000571740000,8.0
1709395200000,2024-03-02T16:00:00+00:00,0.000563960000,8.0
1709424000000,2024-03-03T00:00:00+00:00,0.000462670000,8.0
1709452800000,2024-03-03T08:00:00+00:00,0.000429890000,8.0
1709481600000,2024-03-03T16:00:00+00:00,0.000445980000,8.0
1709510400000,2024-03-04T00:00:00+00:00,0.000550710000,8.0
1709539200000,2024-03-04T08:00:00+00:00,0.000468330000,8.0
1709568000000,2024-03-04T16:00:00+00:00,0.000636200000,8.0
1709596800000,2024-03-05T00:00:00+00:00,0.000489600000,8.0
1709625600000,2024-03-05T08:00:00+00:00,0.000829690000,8.0
1709654400000,2024-03-05T16:00:00+00:00,0.000881480000,8.0
1709683200000,2024-03-06T00:00:00+00:00,0.000362800000,8.0
1709712000001,2024-03-06T08:00:00.001000+00:00,0.000338760000,8.0
1709740800000,2024-03-06T16:00:00+00:00,0.000493540000,8.0
1709769600000,2024-03-07T00:00:00+00:00,0.000303110000,8.0
1709798400000,2024-03-07T08:00:00+00:00,0.000409840000,8.0
1709827200000,2024-03-07T16:00:00+00:00,0.000542170000,8.0
1709856000000,2024-03-08T00:00:00+00:00,0.000348190000,8.0
1709884800000,2024-03-08T08:00:00+00:00,0.000434970000,8.0
1709913600000,2024-03-08T16:00:00+00:00,0.000629130000,8.0
1709942400000,2024-03-09T00:00:00+00:00,0.000191340000,8.0
1709971200001,2024-03-09T08:00:00.001000+00:00,0.000312810000,8.0
1710000000000,2024-03-09T16:00:00+00:00,0.000264070000,8.0
1710028800000,2024-03-10T00:00:00+00:00,0.000310100000,8.0
1710057600000,2024-03-10T08:00:00+00:00,0.000634510000,8.0
1710086400000,2024-03-10T16:00:00+00:00,0.000544790000,8.0
1710115200000,2024-03-11T00:00:00+00:00,0.000354890000,8.0
1710144000000,2024-03-11T08:00:00+00:00,0.000784280000,8.0
1710172800000,2024-03-11T16:00:00+00:00,0.000663960000,8.0
1710201600000,2024-03-12T00:00:00+00:00,0.000444700000,8.0
1710230400000,2024-03-12T08:00:00+00:00,0.000453000000,8.0
1710259200000,2024-03-12T16:00:00+00:00,0.000479350000,8.0
1710288000000,2024-03-13T00:00:00+00:00,0.000332240000,8.0
1710316800001,2024-03-13T08:00:00.001000+00:00,0.000644200000,8.0
1710345600000,2024-03-13T16:00:00+00:00,0.000454020000,8.0
1710374400001,2024-03-14T00:00:00.001000+00:00,0.000243930000,8.0
1710403200000,2024-03-14T08:00:00+00:00,0.000387530000,8.0
1710432000000,2024-03-14T16:00:00+00:00,0.000382580000,8.0
1710460800000,2024-03-15T00:00:00+00:00,0.000385150000,8.0
1710489600000,2024-03-15T08:00:00+00:00,0.000143280000,8.0
1710518400000,2024-03-15T16:00:00+00:00,0.000153060000,8.0
1710547200000,2024-03-16T00:00:00+00:00,0.000100000000,8.0
1710576000000,2024-03-16T08:00:00+00:00,0.000232020000,8.0
1710604800000,2024-03-16T16:00:00+00:00,0.000208130000,8.0
1710633600000,2024-03-17T00:00:00+00:00,0.000130890000,8.0
1710662400000,2024-03-17T08:00:00+00:00,0.000177730000,8.0
1710691200000,2024-03-17T16:00:00+00:00,0.000248270000,8.0
1710720000000,2024-03-18T00:00:00+00:00,0.000201810000,8.0
1710748800000,2024-03-18T08:00:00+00:00,0.000305970000,8.0
1710777600001,2024-03-18T16:00:00.001000+00:00,0.000271950000,8.0
1710806400000,2024-03-19T00:00:00+00:00,0.000269230000,8.0
1710835200000,2024-03-19T08:00:00+00:00,0.000290650000,8.0
1710864000001,2024-03-19T16:00:00.001000+00:00,0.000240180000,8.0
1710892800000,2024-03-20T00:00:00+00:00,0.000158470000,8.0
1710921600004,2024-03-20T08:00:00.004000+00:00,0.000183880000,8.0
1710950400000,2024-03-20T16:00:00+00:00,0.000100000000,8.0
1710979200000,2024-03-21T00:00:00+00:00,0.000104030000,8.0
1711008000000,2024-03-21T08:00:00+00:00,0.000193040000,8.0
1711036800000,2024-03-21T16:00:00+00:00,0.000195100000,8.0
1711065600000,2024-03-22T00:00:00+00:00,0.000162710000,8.0
1711094400000,2024-03-22T08:00:00+00:00,0.000100000000,8.0
1711123200000,2024-03-22T16:00:00+00:00,0.000119930000,8.0
1711152000000,2024-03-23T00:00:00+00:00,0.000100000000,8.0
1711180800000,2024-03-23T08:00:00+00:00,0.000100000000,8.0
1711209600000,2024-03-23T16:00:00+00:00,0.000108060000,8.0
1711238400000,2024-03-24T00:00:00+00:00,0.000103510000,8.0
1711267200000,2024-03-24T08:00:00+00:00,0.000146160000,8.0
1711296000000,2024-03-24T16:00:00+00:00,0.000158840000,8.0
1711324800000,2024-03-25T00:00:00+00:00,0.000255490000,8.0
1711353600001,2024-03-25T08:00:00.001000+00:00,0.000163240000,8.0
1711382400000,2024-03-25T16:00:00+00:00,0.000288150000,8.0
1711411200000,2024-03-26T00:00:00+00:00,0.000219630000,8.0
1711440000000,2024-03-26T08:00:00+00:00,0.000183480000,8.0
1711468800000,2024-03-26T16:00:00+00:00,0.000267640000,8.0
1711497600000,2024-03-27T00:00:00+00:00,0.000287570000,8.0
1711526400001,2024-03-27T08:00:00.001000+00:00,0.000295510000,8.0
1711555200000,2024-03-27T16:00:00+00:00,0.000436310000,8.0
1711584000000,2024-03-28T00:00:00+00:00,0.000241950000,8.0
1711612800000,2024-03-28T08:00:00+00:00,0.000298990000,8.0
1711641600000,2024-03-28T16:00:00+00:00,0.000294300000,8.0
1711670400000,2024-03-29T00:00:00+00:00,0.000182500000,8.0
1711699200000,2024-03-29T08:00:00+00:00,0.000254560000,8.0
1711728000000,2024-03-29T16:00:00+00:00,0.000301700000,8.0
1711756800000,2024-03-30T00:00:00+00:00,0.000196240000,8.0
1711785600000,2024-03-30T08:00:00+00:00,0.000322670000,8.0
1711814400000,2024-03-30T16:00:00+00:00,0.000343600000,8.0
1711843200000,2024-03-31T00:00:00+00:00,0.000323510000,8.0
1711872000000,2024-03-31T08:00:00+00:00,0.000398890000,8.0
1711900800001,2024-03-31T16:00:00.001000+00:00,0.000403010000,8.0
1711929600000,2024-04-01T00:00:00+00:00,0.000701610000,8.0
1711958400000,2024-04-01T08:00:00+00:00,0.000334910000,8.0
1711987200000,2024-04-01T16:00:00+00:00,0.000274690000,8.0
1712016000007,2024-04-02T00:00:00.007000+00:00,0.000109260000,8.0
1712044800015,2024-04-02T08:00:00.015000+00:00,0.000100000000,8.0
1712073600000,2024-04-02T16:00:00+00:00,0.000164560000,8.0
1712102400000,2024-04-03T00:00:00+00:00,0.000100000000,8.0
1712131200000,2024-04-03T08:00:00+00:00,0.000100000000,8.0
1712160000000,2024-04-03T16:00:00+00:00,0.000100000000,8.0
1712188800000,2024-04-04T00:00:00+00:00,0.000100000000,8.0
1712217600000,2024-04-04T08:00:00+00:00,0.000100000000,8.0
1712246400000,2024-04-04T16:00:00+00:00,0.000100000000,8.0
1712275200000,2024-04-05T00:00:00+00:00,0.000100000000,8.0
1712304000000,2024-04-05T08:00:00+00:00,0.000100000000,8.0
1712332800000,2024-04-05T16:00:00+00:00,0.000100000000,8.0
1712361600000,2024-04-06T00:00:00+00:00,0.000100000000,8.0
1712390400000,2024-04-06T08:00:00+00:00,0.000100000000,8.0
1712419200000,2024-04-06T16:00:00+00:00,0.000100000000,8.0
1712448000000,2024-04-07T00:00:00+00:00,0.000100000000,8.0
1712476800000,2024-04-07T08:00:00+00:00,0.000100000000,8.0
1712505600000,2024-04-07T16:00:00+00:00,0.000100000000,8.0
1712534400001,2024-04-08T00:00:00.001000+00:00,0.000100000000,8.0
1712563200000,2024-04-08T08:00:00+00:00,0.000100000000,8.0
1712592000006,2024-04-08T16:00:00.006000+00:00,0.000351890000,8.0
1712620800000,2024-04-09T00:00:00+00:00,0.000209150000,8.0
1712649600001,2024-04-09T08:00:00.001000+00:00,0.000206030000,8.0
1712678400001,2024-04-09T16:00:00.001000+00:00,0.000190610000,8.0
1712707200000,2024-04-10T00:00:00+00:00,0.000119290000,8.0
1712736000001,2024-04-10T08:00:00.001000+00:00,0.000124570000,8.0
1712764800000,2024-04-10T16:00:00+00:00,0.000100000000,8.0
1712793600000,2024-04-11T00:00:00+00:00,0.000139790000,8.0
1712822400000,2024-04-11T08:00:00+00:00,0.000201530000,8.0
1712851200000,2024-04-11T16:00:00+00:00,0.000197630000,8.0
1712880000000,2024-04-12T00:00:00+00:00,0.000112580000,8.0
1712908800001,2024-04-12T08:00:00.001000+00:00,0.000256300000,8.0
1712937600000,2024-04-12T16:00:00+00:00,0.000122140000,8.0
1712966400000,2024-04-13T00:00:00+00:00,0.000100000000,8.0
1712995200000,2024-04-13T08:00:00+00:00,0.000100000000,8.0
1713024000001,2024-04-13T16:00:00.001000+00:00,0.000100000000,8.0
1713052800000,2024-04-14T00:00:00+00:00,0.000100000000,8.0
1713081600000,2024-04-14T08:00:00+00:00,0.000100000000,8.0
1713110400000,2024-04-14T16:00:00+00:00,0.000100000000,8.0
1713139200000,2024-04-15T00:00:00+00:00,0.000100000000,8.0
1713168000001,2024-04-15T08:00:00.001000+00:00,0.000017590000,8.0
1713196800000,2024-04-15T16:00:00+00:00,0.000100000000,8.0
1713225600001,2024-04-16T00:00:00.001000+00:00,0.000059530000,8.0
1713254400000,2024-04-16T08:00:00+00:00,0.000095250000,8.0
1713283200000,2024-04-16T16:00:00+00:00,0.000035130000,8.0
1713312000000,2024-04-17T00:00:00+00:00,0.000063750000,8.0
1713340800000,2024-04-17T08:00:00+00:00,0.000035740000,8.0
1713369600000,2024-04-17T16:00:00+00:00,0.000065340000,8.0
1713398400000,2024-04-18T00:00:00+00:00,0.000069370000,8.0
1713427200000,2024-04-18T08:00:00+00:00,0.000059820000,8.0
1713456000000,2024-04-18T16:00:00+00:00,-0.000033340000,8.0
1713484800001,2024-04-19T00:00:00.001000+00:00,-0.000031200000,8.0
1713513600000,2024-04-19T08:00:00+00:00,0.000066410000,8.0
1713542400000,2024-04-19T16:00:00+00:00,0.000058800000,8.0
1713571200000,2024-04-20T00:00:00+00:00,0.000100000000,8.0
1713600000000,2024-04-20T08:00:00+00:00,-0.000007660000,8.0
1713628800000,2024-04-20T16:00:00+00:00,0.000042040000,8.0
1713657600000,2024-04-21T00:00:00+00:00,0.000031860000,8.0
1713686400000,2024-04-21T08:00:00+00:00,-0.000020930000,8.0
1713715200000,2024-04-21T16:00:00+00:00,0.000082710000,8.0
1713744000000,2024-04-22T00:00:00+00:00,0.000044090000,8.0
1713772800000,2024-04-22T08:00:00+00:00,0.000024970000,8.0
1713801600000,2024-04-22T16:00:00+00:00,0.000008980000,8.0
1713830400000,2024-04-23T00:00:00+00:00,-0.000012360000,8.0
1713859200000,2024-04-23T08:00:00+00:00,0.000052400000,8.0
1713888000001,2024-04-23T16:00:00.001000+00:00,-0.000010830000,8.0
1713916800000,2024-04-24T00:00:00+00:00,0.000014130000,8.0
1713945600000,2024-04-24T08:00:00+00:00,0.000053020000,8.0
1713974400000,2024-04-24T16:00:00+00:00,0.000070470000,8.0
1714003200000,2024-04-25T00:00:00+00:00,0.000070200000,8.0
1714032000000,2024-04-25T08:00:00+00:00,0.000040690000,8.0
1714060800010,2024-04-25T16:00:00.010000+00:00,0.000011400000,8.0
1714089600001,2024-04-26T00:00:00.001000+00:00,0.000017090000,8.0
1714118400000,2024-04-26T08:00:00+00:00,0.000006850000,8.0
1714147200000,2024-04-26T16:00:00+00:00,0.000055620000,8.0
1714176000000,2024-04-27T00:00:00+00:00,0.000100000000,8.0
1714204800001,2024-04-27T08:00:00.001000+00:00,0.000074700000,8.0
1714233600000,2024-04-27T16:00:00+00:00,0.000028340000,8.0
1714262400000,2024-04-28T00:00:00+00:00,0.000010060000,8.0
1714291200000,2024-04-28T08:00:00+00:00,-0.000020810000,8.0
1714320000000,2024-04-28T16:00:00+00:00,0.000027820000,8.0
1714348800000,2024-04-29T00:00:00+00:00,0.000024720000,8.0
1714377600000,2024-04-29T08:00:00+00:00,0.000055440000,8.0
1714406400000,2024-04-29T16:00:00+00:00,0.000068280000,8.0
1714435200000,2024-04-30T00:00:00+00:00,0.000097400000,8.0
1714464000000,2024-04-30T08:00:00+00:00,0.000091540000,8.0
1714492800000,2024-04-30T16:00:00+00:00,0.000100000000,8.0
1714521600000,2024-05-01T00:00:00+00:00,0.000100000000,8.0
1714550400000,2024-05-01T08:00:00+00:00,0.000089460000,8.0
1714579200000,2024-05-01T16:00:00+00:00,0.000099020000,8.0
1714608000000,2024-05-02T00:00:00+00:00,0.000066340000,8.0
1714636800000,2024-05-02T08:00:00+00:00,0.000061690000,8.0
1714665600002,2024-05-02T16:00:00.002000+00:00,-0.000001230000,8.0
1714694400000,2024-05-03T00:00:00+00:00,-0.000015490000,8.0
1714723200000,2024-05-03T08:00:00+00:00,-0.000037640000,8.0
1714752000000,2024-05-03T16:00:00+00:00,0.000080910000,8.0
1714780800000,2024-05-04T00:00:00+00:00,0.000027030000,8.0
1714809600000,2024-05-04T08:00:00+00:00,0.000074550000,8.0
1714838400000,2024-05-04T16:00:00+00:00,0.000062650000,8.0
1714867200000,2024-05-05T00:00:00+00:00,0.000069060000,8.0
1714896000000,2024-05-05T08:00:00+00:00,0.000006470000,8.0
1714924800000,2024-05-05T16:00:00+00:00,0.000038930000,8.0
1714953600000,2024-05-06T00:00:00+00:00,0.000006020000,8.0
1714982400000,2024-05-06T08:00:00+00:00,-0.000010310000,8.0
1715011200000,2024-05-06T16:00:00+00:00,0.000077460000,8.0
1715040000000,2024-05-07T00:00:00+00:00,0.000060640000,8.0
1715068800000,2024-05-07T08:00:00+00:00,0.000015810000,8.0
1715097600000,2024-05-07T16:00:00+00:00,0.000090280000,8.0
1715126400000,2024-05-08T00:00:00+00:00,0.000048910000,8.0
1715155200000,2024-05-08T08:00:00+00:00,0.000055530000,8.0
1715184000000,2024-05-08T16:00:00+00:00,0.000092920000,8.0
1715212800000,2024-05-09T00:00:00+00:00,0.000056480000,8.0
1715241600000,2024-05-09T08:00:00+00:00,0.000033150000,8.0
1715270400000,2024-05-09T16:00:00+00:00,0.000072530000,8.0
1715299200000,2024-05-10T00:00:00+00:00,0.000010260000,8.0
1715328000000,2024-05-10T08:00:00+00:00,0.000059340000,8.0
1715356800000,2024-05-10T16:00:00+00:00,0.000076530000,8.0
1715385600000,2024-05-11T00:00:00+00:00,0.000088810000,8.0
1715414400000,2024-05-11T08:00:00+00:00,0.000037710000,8.0
1715443200000,2024-05-11T16:00:00+00:00,0.000050670000,8.0
1715472000000,2024-05-12T00:00:00+00:00,0.000026040000,8.0
1715500800000,2024-05-12T08:00:00+00:00,0.000028300000,8.0
1715529600000,2024-05-12T16:00:00+00:00,0.000100000000,8.0
1715558400001,2024-05-13T00:00:00.001000+00:00,0.000100000000,8.0
1715587200001,2024-05-13T08:00:00.001000+00:00,0.000084690000,8.0
1715616000000,2024-05-13T16:00:00+00:00,0.000091510000,8.0
1715644800000,2024-05-14T00:00:00+00:00,0.000098660000,8.0
1715673600000,2024-05-14T08:00:00+00:00,0.000100000000,8.0
1715702400000,2024-05-14T16:00:00+00:00,0.000043920000,8.0
1715731200000,2024-05-15T00:00:00+00:00,0.000100000000,8.0
1715760000000,2024-05-15T08:00:00+00:00,-0.000003850000,8.0
1715788800000,2024-05-15T16:00:00+00:00,0.000023730000,8.0
1715817600004,2024-05-16T00:00:00.004000+00:00,0.000021030000,8.0
1715846400000,2024-05-16T08:00:00+00:00,0.000051480000,8.0
1715875200000,2024-05-16T16:00:00+00:00,0.000035430000,8.0
1715904000000,2024-05-17T00:00:00+00:00,0.000046470000,8.0
1715932800000,2024-05-17T08:00:00+00:00,0.000008150000,8.0
1715961600000,2024-05-17T16:00:00+00:00,-0.000002980000,8.0
1715990400000,2024-05-18T00:00:00+00:00,0.000006280000,8.0
1716019200000,2024-05-18T08:00:00+00:00,0.000080120000,8.0
1716048000000,2024-05-18T16:00:00+00:00,-0.000007920000,8.0
1716076800000,2024-05-19T00:00:00+00:00,0.000033390000,8.0
1716105600000,2024-05-19T08:00:00+00:00,0.000052100000,8.0
1716134400000,2024-05-19T16:00:00+00:00,0.000047790000,8.0
1716163200000,2024-05-20T00:00:00+00:00,0.000056070000,8.0
1716192000000,2024-05-20T08:00:00+00:00,0.000024790000,8.0
1716220800003,2024-05-20T16:00:00.003000+00:00,0.000025520000,8.0
1716249600000,2024-05-21T00:00:00+00:00,0.000100000000,8.0
1716278400001,2024-05-21T08:00:00.001000+00:00,0.000105170000,8.0
1716307200000,2024-05-21T16:00:00+00:00,0.000100000000,8.0
1716336000000,2024-05-22T00:00:00+00:00,0.000100000000,8.0
1716364800000,2024-05-22T08:00:00+00:00,0.000157590000,8.0
1716393600000,2024-05-22T16:00:00+00:00,0.000100000000,8.0
1716422400000,2024-05-23T00:00:00+00:00,0.000100000000,8.0
1716451200000,2024-05-23T08:00:00+00:00,0.000100000000,8.0
1716480000000,2024-05-23T16:00:00+00:00,0.000100000000,8.0
1716508800000,2024-05-24T00:00:00+00:00,0.000100000000,8.0
1716537600000,2024-05-24T08:00:00+00:00,0.000100000000,8.0
1716566400000,2024-05-24T16:00:00+00:00,0.000100000000,8.0
1716595200000,2024-05-25T00:00:00+00:00,0.000100000000,8.0
1716624000000,2024-05-25T08:00:00+00:00,0.000100000000,8.0
1716652800000,2024-05-25T16:00:00+00:00,0.000100000000,8.0
1716681600000,2024-05-26T00:00:00+00:00,0.000100000000,8.0
1716710400000,2024-05-26T08:00:00+00:00,0.000100000000,8.0
1716739200000,2024-05-26T16:00:00+00:00,0.000100000000,8.0
1716768000000,2024-05-27T00:00:00+00:00,0.000100000000,8.0
1716796800000,2024-05-27T08:00:00+00:00,0.000100000000,8.0
1716825600000,2024-05-27T16:00:00+00:00,0.000100000000,8.0
1716854400000,2024-05-28T00:00:00+00:00,0.000100000000,8.0
1716883200000,2024-05-28T08:00:00+00:00,0.000100000000,8.0
1716912000000,2024-05-28T16:00:00+00:00,0.000100000000,8.0
1716940800001,2024-05-29T00:00:00.001000+00:00,0.000100000000,8.0
1716969600000,2024-05-29T08:00:00+00:00,0.000100000000,8.0
1716998400000,2024-05-29T16:00:00+00:00,0.000125580000,8.0
1717027200000,2024-05-30T00:00:00+00:00,0.000100000000,8.0
1717056000000,2024-05-30T08:00:00+00:00,0.000100000000,8.0
1717084800000,2024-05-30T16:00:00+00:00,0.000100000000,8.0
1717113600000,2024-05-31T00:00:00+00:00,0.000145990000,8.0
1717142400000,2024-05-31T08:00:00+00:00,0.000122680000,8.0
1717171200000,2024-05-31T16:00:00+00:00,0.000100000000,8.0
1717200000000,2024-06-01T00:00:00+00:00,0.000100000000,8.0
1717228800000,2024-06-01T08:00:00+00:00,0.000100000000,8.0
1717257600001,2024-06-01T16:00:00.001000+00:00,0.000102500000,8.0
1717286400000,2024-06-02T00:00:00+00:00,0.000100000000,8.0
1717315200000,2024-06-02T08:00:00+00:00,0.000100000000,8.0
1717344000000,2024-06-02T16:00:00+00:00,0.000100000000,8.0
1717372800000,2024-06-03T00:00:00+00:00,0.000100000000,8.0
1717401600000,2024-06-03T08:00:00+00:00,0.000141350000,8.0
1717430400000,2024-06-03T16:00:00+00:00,0.000100000000,8.0
1717459200000,2024-06-04T00:00:00+00:00,0.000120080000,8.0
1717488000000,2024-06-04T08:00:00+00:00,0.000100000000,8.0
1717516800000,2024-06-04T16:00:00+00:00,0.000100000000,8.0
1717545600000,2024-06-05T00:00:00+00:00,0.000100000000,8.0
1717574400000,2024-06-05T08:00:00+00:00,0.000163870000,8.0
1717603200000,2024-06-05T16:00:00+00:00,0.000132260000,8.0
1717632000000,2024-06-06T00:00:00+00:00,0.000100000000,8.0
1717660800008,2024-06-06T08:00:00.008000+00:00,0.000104380000,8.0
1717689600000,2024-06-06T16:00:00+00:00,0.000117700000,8.0
1717718400000,2024-06-07T00:00:00+00:00,0.000100000000,8.0
1717747200000,2024-06-07T08:00:00+00:00,0.000100000000,8.0
1717776000000,2024-06-07T16:00:00+00:00,0.000101660000,8.0
1717804800000,2024-06-08T00:00:00+00:00,0.000100000000,8.0
1717833600000,2024-06-08T08:00:00+00:00,0.000100000000,8.0
1717862400000,2024-06-08T16:00:00+00:00,0.000100000000,8.0
1717891200000,2024-06-09T00:00:00+00:00,0.000100000000,8.0
1717920000000,2024-06-09T08:00:00+00:00,0.000100000000,8.0
1717948800001,2024-06-09T16:00:00.001000+00:00,0.000100000000,8.0
1717977600000,2024-06-10T00:00:00+00:00,0.000100000000,8.0
1718006400000,2024-06-10T08:00:00+00:00,0.000100000000,8.0
1718035200001,2024-06-10T16:00:00.001000+00:00,0.000100000000,8.0
1718064000001,2024-06-11T00:00:00.001000+00:00,0.000100000000,8.0
1718092800000,2024-06-11T08:00:00+00:00,0.000100000000,8.0
1718121600000,2024-06-11T16:00:00+00:00,0.000100000000,8.0
1718150400000,2024-06-12T00:00:00+00:00,0.000100000000,8.0
1718179200000,2024-06-12T08:00:00+00:00,0.000100000000,8.0
1718208000000,2024-06-12T16:00:00+00:00,0.000100000000,8.0
1718236800000,2024-06-13T00:00:00+00:00,0.000100000000,8.0
1718265600001,2024-06-13T08:00:00.001000+00:00,0.000100000000,8.0
1718294400000,2024-06-13T16:00:00+00:00,0.000100000000,8.0
1718323200000,2024-06-14T00:00:00+00:00,0.000100000000,8.0
1718352000000,2024-06-14T08:00:00+00:00,0.000100000000,8.0
1718380800000,2024-06-14T16:00:00+00:00,0.000100000000,8.0
1718409600000,2024-06-15T00:00:00+00:00,0.000100000000,8.0
1718438400000,2024-06-15T08:00:00+00:00,0.000100000000,8.0
1718467200000,2024-06-15T16:00:00+00:00,0.000100000000,8.0
1718496000001,2024-06-16T00:00:00.001000+00:00,0.000100000000,8.0
1718524800000,2024-06-16T08:00:00+00:00,0.000100000000,8.0
1718553600000,2024-06-16T16:00:00+00:00,0.000100000000,8.0
1718582400000,2024-06-17T00:00:00+00:00,0.000100000000,8.0
1718611200000,2024-06-17T08:00:00+00:00,0.000100000000,8.0
1718640000000,2024-06-17T16:00:00+00:00,0.000100000000,8.0
1718668800000,2024-06-18T00:00:00+00:00,0.000100000000,8.0
1718697600000,2024-06-18T08:00:00+00:00,0.000082360000,8.0
1718726400000,2024-06-18T16:00:00+00:00,0.000100000000,8.0
1718755200001,2024-06-19T00:00:00.001000+00:00,0.000100000000,8.0
1718784000001,2024-06-19T08:00:00.001000+00:00,0.000041270000,8.0
1718812800000,2024-06-19T16:00:00+00:00,0.000029670000,8.0
1718841600000,2024-06-20T00:00:00+00:00,0.000039340000,8.0
1718870400000,2024-06-20T08:00:00+00:00,0.000059530000,8.0
1718899200000,2024-06-20T16:00:00+00:00,0.000068790000,8.0
1718928000000,2024-06-21T00:00:00+00:00,0.000033440000,8.0
1718956800000,2024-06-21T08:00:00+00:00,0.000073280000,8.0
1718985600000,2024-06-21T16:00:00+00:00,0.000100000000,8.0
1719014400000,2024-06-22T00:00:00+00:00,0.000100000000,8.0
1719043200000,2024-06-22T08:00:00+00:00,0.000041460000,8.0
1719072000000,2024-06-22T16:00:00+00:00,0.000100000000,8.0
1719100800000,2024-06-23T00:00:00+00:00,0.000100000000,8.0
1719129600000,2024-06-23T08:00:00+00:00,0.000023070000,8.0
1719158400000,2024-06-23T16:00:00+00:00,0.000046760000,8.0
1719187200002,2024-06-24T00:00:00.002000+00:00,0.000095340000,8.0
1719216000000,2024-06-24T08:00:00+00:00,0.000100000000,8.0
1719244800000,2024-06-24T16:00:00+00:00,0.000074880000,8.0
1719273600000,2024-06-25T00:00:00+00:00,0.000074470000,8.0
1719302400000,2024-06-25T08:00:00+00:00,0.000059490000,8.0
1719331200000,2024-06-25T16:00:00+00:00,0.000077520000,8.0
1719360000002,2024-06-26T00:00:00.002000+00:00,0.000100000000,8.0
1719388800000,2024-06-26T08:00:00+00:00,0.000100000000,8.0
1719417600000,2024-06-26T16:00:00+00:00,0.000100000000,8.0
1719446400000,2024-06-27T00:00:00+00:00,0.000100000000,8.0
1719475200001,2024-06-27T08:00:00.001000+00:00,0.000100000000,8.0
1719504000000,2024-06-27T16:00:00+00:00,0.000100000000,8.0
1719532800000,2024-06-28T00:00:00+00:00,0.000100000000,8.0
1719561600000,2024-06-28T08:00:00+00:00,0.000100000000,8.0
1719590400000,2024-06-28T16:00:00+00:00,0.000100000000,8.0
1719619200001,2024-06-29T00:00:00.001000+00:00,0.000100000000,8.0
1719648000000,2024-06-29T08:00:00+00:00,0.000100000000,8.0
1719676800000,2024-06-29T16:00:00+00:00,0.000100000000,8.0
1719705600000,2024-06-30T00:00:00+00:00,0.000100000000,8.0
1719734400000,2024-06-30T08:00:00+00:00,0.000100000000,8.0
1719763200000,2024-06-30T16:00:00+00:00,0.000100000000,8.0
1719792000000,2024-07-01T00:00:00+00:00,0.000100000000,8.0
1719820800000,2024-07-01T08:00:00+00:00,0.000100000000,8.0
1719849600001,2024-07-01T16:00:00.001000+00:00,0.000100000000,8.0
1719878400000,2024-07-02T00:00:00+00:00,0.000100000000,8.0
1719907200000,2024-07-02T08:00:00+00:00,0.000100000000,8.0
1719936000000,2024-07-02T16:00:00+00:00,0.000100000000,8.0
1719964800000,2024-07-03T00:00:00+00:00,0.000100000000,8.0
1719993600001,2024-07-03T08:00:00.001000+00:00,0.000100000000,8.0
1720022400000,2024-07-03T16:00:00+00:00,0.000100000000,8.0
1720051200000,2024-07-04T00:00:00+00:00,0.000100000000,8.0
1720080000000,2024-07-04T08:00:00+00:00,0.000100000000,8.0
1720108800000,2024-07-04T16:00:00+00:00,0.000100000000,8.0
1720137600000,2024-07-05T00:00:00+00:00,0.000100000000,8.0
1720166400000,2024-07-05T08:00:00+00:00,0.000100000000,8.0
1720195200000,2024-07-05T16:00:00+00:00,0.000017620000,8.0
1720224000000,2024-07-06T00:00:00+00:00,0.000057290000,8.0
1720252800000,2024-07-06T08:00:00+00:00,0.000075120000,8.0
1720281600000,2024-07-06T16:00:00+00:00,0.000032500000,8.0
1720310400001,2024-07-07T00:00:00.001000+00:00,0.000081640000,8.0
1720339200000,2024-07-07T08:00:00+00:00,0.000100000000,8.0
1720368000000,2024-07-07T16:00:00+00:00,0.000100000000,8.0
1720396800000,2024-07-08T00:00:00+00:00,0.000079050000,8.0
1720425600000,2024-07-08T08:00:00+00:00,0.000082220000,8.0
1720454400000,2024-07-08T16:00:00+00:00,0.000100000000,8.0
1720483200000,2024-07-09T00:00:00+00:00,0.000100000000,8.0
1720512000001,2024-07-09T08:00:00.001000+00:00,0.000008610000,8.0
1720540800000,2024-07-09T16:00:00+00:00,0.000100000000,8.0
1720569600000,2024-07-10T00:00:00+00:00,0.000100000000,8.0
1720598400000,2024-07-10T08:00:00+00:00,0.000092250000,8.0
1720627200000,2024-07-10T16:00:00+00:00,0.000054850000,8.0
1720656000002,2024-07-11T00:00:00.002000+00:00,0.000100000000,8.0
1720684800002,2024-07-11T08:00:00.002000+00:00,0.000100000000,8.0
1720713600004,2024-07-11T16:00:00.004000+00:00,0.000100000000,8.0
1720742400000,2024-07-12T00:00:00+00:00,0.000063780000,8.0
1720771200000,2024-07-12T08:00:00+00:00,0.000030260000,8.0
1720800000000,2024-07-12T16:00:00+00:00,0.000040370000,8.0
1720828800000,2024-07-13T00:00:00+00:00,0.000083190000,8.0
1720857600000,2024-07-13T08:00:00+00:00,0.000068650000,8.0
1720886400000,2024-07-13T16:00:00+00:00,0.000100000000,8.0
1720915200000,2024-07-14T00:00:00+00:00,0.000087370000,8.0
1720944000000,2024-07-14T08:00:00+00:00,0.000037100000,8.0
1720972800000,2024-07-14T16:00:00+00:00,0.000083420000,8.0
1721001600000,2024-07-15T00:00:00+00:00,0.000045900000,8.0
1721030400000,2024-07-15T08:00:00+00:00,0.000032020000,8.0
1721059200000,2024-07-15T16:00:00+00:00,-0.000005140000,8.0
1721088000000,2024-07-16T00:00:00+00:00,-0.000050620000,8.0
1721116800000,2024-07-16T08:00:00+00:00,0.000088140000,8.0
1721145600000,2024-07-16T16:00:00+00:00,0.000027170000,8.0
1721174400000,2024-07-17T00:00:00+00:00,-0.000034190000,8.0
1721203200001,2024-07-17T08:00:00.001000+00:00,0.000017750000,8.0
1721232000000,2024-07-17T16:00:00+00:00,0.000021430000,8.0
1721260800000,2024-07-18T00:00:00+00:00,0.000006890000,8.0
1721289600000,2024-07-18T08:00:00+00:00,0.000015460000,8.0
1721318400000,2024-07-18T16:00:00+00:00,0.000031270000,8.0
1721347200000,2024-07-19T00:00:00+00:00,0.000040290000,8.0
1721376000000,2024-07-19T08:00:00+00:00,0.000048550000,8.0
1721404800000,2024-07-19T16:00:00+00:00,0.000046060000,8.0
1721433600001,2024-07-20T00:00:00.001000+00:00,-0.000030770000,8.0
1721462400000,2024-07-20T08:00:00+00:00,0.000019440000,8.0
1721491200000,2024-07-20T16:00:00+00:00,0.000016220000,8.0
1721520000000,2024-07-21T00:00:00+00:00,-0.000053130000,8.0
1721548800000,2024-07-21T08:00:00+00:00,0.000021940000,8.0
1721577600000,2024-07-21T16:00:00+00:00,0.000006460000,8.0
1721606400000,2024-07-22T00:00:00+00:00,0.000091360000,8.0
1721635200000,2024-07-22T08:00:00+00:00,0.000059530000,8.0
1721664000000,2024-07-22T16:00:00+00:00,0.000027690000,8.0
1721692800000,2024-07-23T00:00:00+00:00,0.000047090000,8.0
1721721600000,2024-07-23T08:00:00+00:00,0.000043100000,8.0
1721750400000,2024-07-23T16:00:00+00:00,0.000046420000,8.0
1721779200000,2024-07-24T00:00:00+00:00,0.000100000000,8.0
1721808000000,2024-07-24T08:00:00+00:00,0.000100000000,8.0
1721836800000,2024-07-24T16:00:00+00:00,0.000100000000,8.0
1721865600000,2024-07-25T00:00:00+00:00,0.000100000000,8.0
1721894400000,2024-07-25T08:00:00+00:00,0.000100000000,8.0
1721923200000,2024-07-25T16:00:00+00:00,0.000100000000,8.0
1721952000000,2024-07-26T00:00:00+00:00,0.000100000000,8.0
1721980800000,2024-07-26T08:00:00+00:00,0.000100000000,8.0
1722009600000,2024-07-26T16:00:00+00:00,0.000033400000,8.0
1722038400000,2024-07-27T00:00:00+00:00,0.000065470000,8.0
1722067200000,2024-07-27T08:00:00+00:00,0.000080220000,8.0
1722096000000,2024-07-27T16:00:00+00:00,0.000091090000,8.0
1722124800000,2024-07-28T00:00:00+00:00,0.000081800000,8.0
1722153600000,2024-07-28T08:00:00+00:00,0.000091770000,8.0
1722182400001,2024-07-28T16:00:00.001000+00:00,0.000028040000,8.0
1722211200001,2024-07-29T00:00:00.001000+00:00,0.000083610000,8.0
1722240000000,2024-07-29T08:00:00+00:00,0.000056230000,8.0
1722268800001,2024-07-29T16:00:00.001000+00:00,0.000100000000,8.0
1722297600000,2024-07-30T00:00:00+00:00,0.000033960000,8.0
1722326400001,2024-07-30T08:00:00.001000+00:00,0.000035620000,8.0
1722355200000,2024-07-30T16:00:00+00:00,0.000076910000,8.0
1722384000000,2024-07-31T00:00:00+00:00,0.000030630000,8.0
1722412800000,2024-07-31T08:00:00+00:00,0.000071780000,8.0
1722441600000,2024-07-31T16:00:00+00:00,0.000038260000,8.0
1722470400000,2024-08-01T00:00:00+00:00,0.000082080000,8.0
1722499200000,2024-08-01T08:00:00+00:00,0.000100000000,8.0
1722528000000,2024-08-01T16:00:00+00:00,0.000100000000,8.0
1722556800000,2024-08-02T00:00:00+00:00,0.000100000000,8.0
1722585600001,2024-08-02T08:00:00.001000+00:00,0.000100000000,8.0
1722614400000,2024-08-02T16:00:00+00:00,0.000100000000,8.0
1722643200000,2024-08-03T00:00:00+00:00,0.000100000000,8.0
1722672000000,2024-08-03T08:00:00+00:00,0.000097880000,8.0
1722700800001,2024-08-03T16:00:00.001000+00:00,0.000042470000,8.0
1722729600000,2024-08-04T00:00:00+00:00,0.000100000000,8.0
1722758400000,2024-08-04T08:00:00+00:00,0.000053430000,8.0
1722787200000,2024-08-04T16:00:00+00:00,0.000100000000,8.0
1722816000000,2024-08-05T00:00:00+00:00,0.000100000000,8.0
1722844800000,2024-08-05T08:00:00+00:00,0.000044290000,8.0
1722873600000,2024-08-05T16:00:00+00:00,0.000059670000,8.0
1722902400000,2024-08-06T00:00:00+00:00,0.000035660000,8.0
1722931200000,2024-08-06T08:00:00+00:00,-0.000028450000,8.0
1722960000000,2024-08-06T16:00:00+00:00,0.000044850000,8.0
1722988800000,2024-08-07T00:00:00+00:00,-0.000007300000,8.0
1723017600001,2024-08-07T08:00:00.001000+00:00,-0.000068590000,8.0
1723046400000,2024-08-07T16:00:00+00:00,0.000032410000,8.0
1723075200001,2024-08-08T00:00:00.001000+00:00,0.000026370000,8.0
1723104000000,2024-08-08T08:00:00+00:00,0.000030860000,8.0
1723132800000,2024-08-08T16:00:00+00:00,0.000011470000,8.0
1723161600000,2024-08-09T00:00:00+00:00,0.000049940000,8.0
1723190400000,2024-08-09T08:00:00+00:00,0.000021840000,8.0
1723219200000,2024-08-09T16:00:00+00:00,0.000048460000,8.0
1723248000000,2024-08-10T00:00:00+00:00,-0.000039420000,8.0
1723276800000,2024-08-10T08:00:00+00:00,-0.000013790000,8.0
1723305600000,2024-08-10T16:00:00+00:00,-0.000019490000,8.0
1723334400000,2024-08-11T00:00:00+00:00,0.000040490000,8.0
1723363200000,2024-08-11T08:00:00+00:00,-0.000018390000,8.0
1723392000001,2024-08-11T16:00:00.001000+00:00,0.000011850000,8.0
1723420800000,2024-08-12T00:00:00+00:00,0.000011130000,8.0
1723449600000,2024-08-12T08:00:00+00:00,0.000087830000,8.0
1723478400000,2024-08-12T16:00:00+00:00,-0.000022380000,8.0
1723507200000,2024-08-13T00:00:00+00:00,0.000061400000,8.0
1723536000000,2024-08-13T08:00:00+00:00,0.000005210000,8.0
1723564800000,2024-08-13T16:00:00+00:00,-0.000039020000,8.0
1723593600000,2024-08-14T00:00:00+00:00,0.000011520000,8.0
1723622400000,2024-08-14T08:00:00+00:00,-0.000013300000,8.0
1723651200000,2024-08-14T16:00:00+00:00,-0.000078110000,8.0
1723680000000,2024-08-15T00:00:00+00:00,-0.000084880000,8.0
1723708800000,2024-08-15T08:00:00+00:00,0.000063390000,8.0
1723737600000,2024-08-15T16:00:00+00:00,-0.000061810000,8.0
1723766400000,2024-08-16T00:00:00+00:00,-0.000112350000,8.0
1723795200000,2024-08-16T08:00:00+00:00,-0.000073870000,8.0
1723824000000,2024-08-16T16:00:00+00:00,-0.000005570000,8.0
1723852800000,2024-08-17T00:00:00+00:00,0.000019120000,8.0
1723881600000,2024-08-17T08:00:00+00:00,0.000041770000,8.0
1723910400000,2024-08-17T16:00:00+00:00,-0.000001520000,8.0
1723939200000,2024-08-18T00:00:00+00:00,0.000039660000,8.0
1723968000000,2024-08-18T08:00:00+00:00,-0.000013230000,8.0
1723996800000,2024-08-18T16:00:00+00:00,-0.000031490000,8.0
1724025600000,2024-08-19T00:00:00+00:00,-0.000036160000,8.0
1724054400000,2024-08-19T08:00:00+00:00,-0.000067500000,8.0
1724083200002,2024-08-19T16:00:00.002000+00:00,-0.000019570000,8.0
1724112000000,2024-08-20T00:00:00+00:00,-0.000026560000,8.0
1724140800000,2024-08-20T08:00:00+00:00,0.000013490000,8.0
1724169600001,2024-08-20T16:00:00.001000+00:00,0.000014190000,8.0
1724198400001,2024-08-21T00:00:00.001000+00:00,-0.000067560000,8.0
1724227200000,2024-08-21T08:00:00+00:00,-0.000005910000,8.0
1724256000001,2024-08-21T16:00:00.001000+00:00,0.000003960000,8.0
1724284800000,2024-08-22T00:00:00+00:00,-0.000022290000,8.0
1724313600000,2024-08-22T08:00:00+00:00,0.000013380000,8.0
1724342400008,2024-08-22T16:00:00.008000+00:00,-0.000072610000,8.0
1724371200000,2024-08-23T00:00:00+00:00,-0.000033290000,8.0
1724400000000,2024-08-23T08:00:00+00:00,0.000023910000,8.0
1724428800000,2024-08-23T16:00:00+00:00,-0.000043170000,8.0
1724457600000,2024-08-24T00:00:00+00:00,-0.000007720000,8.0
1724486400005,2024-08-24T08:00:00.005000+00:00,-0.000007230000,8.0
1724515200000,2024-08-24T16:00:00+00:00,0.000063950000,8.0
1724544000000,2024-08-25T00:00:00+00:00,-0.000048060000,8.0
1724572800000,2024-08-25T08:00:00+00:00,-0.000015310000,8.0
1724601600000,2024-08-25T16:00:00+00:00,0.000031080000,8.0
1724630400000,2024-08-26T00:00:00+00:00,0.000024390000,8.0
1724659200001,2024-08-26T08:00:00.001000+00:00,0.000034480000,8.0
1724688000000,2024-08-26T16:00:00+00:00,0.000037890000,8.0
1724716800001,2024-08-27T00:00:00.001000+00:00,0.000027950000,8.0
1724745600000,2024-08-27T08:00:00+00:00,0.000017510000,8.0
1724774400000,2024-08-27T16:00:00+00:00,0.000077530000,8.0
1724803200000,2024-08-28T00:00:00+00:00,-0.000068030000,8.0
1724832000000,2024-08-28T08:00:00+00:00,0.000024330000,8.0
1724860800001,2024-08-28T16:00:00.001000+00:00,0.000011430000,8.0
1724889600000,2024-08-29T00:00:00+00:00,-0.000009760000,8.0
1724918400001,2024-08-29T08:00:00.001000+00:00,-0.000016440000,8.0
1724947200000,2024-08-29T16:00:00+00:00,0.000005590000,8.0
1724976000000,2024-08-30T00:00:00+00:00,0.000009360000,8.0
1725004800000,2024-08-30T08:00:00+00:00,0.000035780000,8.0
1725033600000,2024-08-30T16:00:00+00:00,0.000029270000,8.0
1725062400000,2024-08-31T00:00:00+00:00,-0.000017490000,8.0
1725091200000,2024-08-31T08:00:00+00:00,0.000035780000,8.0
1725120000000,2024-08-31T16:00:00+00:00,0.000038000000,8.0
1725148800000,2024-09-01T00:00:00+00:00,0.000041130000,8.0
1725177600001,2024-09-01T08:00:00.001000+00:00,-0.000034320000,8.0
1725206400000,2024-09-01T16:00:00+00:00,-0.000003820000,8.0
1725235200001,2024-09-02T00:00:00.001000+00:00,-0.000033860000,8.0
1725264000001,2024-09-02T08:00:00.001000+00:00,0.000002480000,8.0
1725292800000,2024-09-02T16:00:00+00:00,-0.000003630000,8.0
1725321600000,2024-09-03T00:00:00+00:00,0.000062450000,8.0
1725350400001,2024-09-03T08:00:00.001000+00:00,0.000051230000,8.0
1725379200000,2024-09-03T16:00:00+00:00,0.000045980000,8.0
1725408000000,2024-09-04T00:00:00+00:00,0.000022090000,8.0
1725436800000,2024-09-04T08:00:00+00:00,0.000010500000,8.0
1725465600000,2024-09-04T16:00:00+00:00,-0.000014700000,8.0
1725494400000,2024-09-05T00:00:00+00:00,0.000090160000,8.0
1725523200000,2024-09-05T08:00:00+00:00,0.000020250000,8.0
1725552000005,2024-09-05T16:00:00.005000+00:00,0.000024900000,8.0
1725580800000,2024-09-06T00:00:00+00:00,0.000022800000,8.0
1725609600001,2024-09-06T08:00:00.001000+00:00,-0.000000010000,8.0
1725638400000,2024-09-06T16:00:00+00:00,0.000014280000,8.0
1725667200000,2024-09-07T00:00:00+00:00,-0.000005570000,8.0
1725696000000,2024-09-07T08:00:00+00:00,-0.000076340000,8.0
1725724800000,2024-09-07T16:00:00+00:00,-0.000072360000,8.0
1725753600000,2024-09-08T00:00:00+00:00,0.000037450000,8.0
1725782400000,2024-09-08T08:00:00+00:00,-0.000059990000,8.0
1725811200000,2024-09-08T16:00:00+00:00,-0.000052450000,8.0
1725840000000,2024-09-09T00:00:00+00:00,-0.000075850000,8.0
1725868800000,2024-09-09T08:00:00+00:00,-0.000071080000,8.0
1725897600001,2024-09-09T16:00:00.001000+00:00,-0.000038750000,8.0
1725926400000,2024-09-10T00:00:00+00:00,-0.000060280000,8.0
1725955200000,2024-09-10T08:00:00+00:00,-0.000029300000,8.0
1725984000000,2024-09-10T16:00:00+00:00,-0.000011260000,8.0
1726012800000,2024-09-11T00:00:00+00:00,-0.000089530000,8.0
1726041600000,2024-09-11T08:00:00+00:00,-0.000022470000,8.0
1726070400000,2024-09-11T16:00:00+00:00,-0.000052120000,8.0
1726099200000,2024-09-12T00:00:00+00:00,-0.000019510000,8.0
1726128000000,2024-09-12T08:00:00+00:00,-0.000005460000,8.0
1726156800000,2024-09-12T16:00:00+00:00,-0.000029500000,8.0
1726185600000,2024-09-13T00:00:00+00:00,-0.000000690000,8.0
1726214400001,2024-09-13T08:00:00.001000+00:00,-0.000008690000,8.0
1726243200001,2024-09-13T16:00:00.001000+00:00,-0.000024430000,8.0
1726272000000,2024-09-14T00:00:00+00:00,-0.000086990000,8.0
1726300800000,2024-09-14T08:00:00+00:00,0.000008590000,8.0
1726329600001,2024-09-14T16:00:00.001000+00:00,0.000023260000,8.0
1726358400000,2024-09-15T00:00:00+00:00,-0.000004910000,8.0
1726387200000,2024-09-15T08:00:00+00:00,0.000000010000,8.0
1726416000000,2024-09-15T16:00:00+00:00,0.000004020000,8.0
1726444800000,2024-09-16T00:00:00+00:00,0.000024020000,8.0
1726473600001,2024-09-16T08:00:00.001000+00:00,0.000035640000,8.0
1726502400000,2024-09-16T16:00:00+00:00,0.000067620000,8.0
1726531200001,2024-09-17T00:00:00.001000+00:00,0.000085290000,8.0
1726560000000,2024-09-17T08:00:00+00:00,0.000019110000,8.0
1726588800000,2024-09-17T16:00:00+00:00,0.000053270000,8.0
1726617600000,2024-09-18T00:00:00+00:00,0.000013440000,8.0
1726646400000,2024-09-18T08:00:00+00:00,0.000016780000,8.0
1726675200004,2024-09-18T16:00:00.004000+00:00,0.000046480000,8.0
1726704000000,2024-09-19T00:00:00+00:00,0.000035120000,8.0
1726732800000,2024-09-19T08:00:00+00:00,0.000029490000,8.0
1726761600001,2024-09-19T16:00:00.001000+00:00,0.000040720000,8.0
1726790400000,2024-09-20T00:00:00+00:00,0.000080650000,8.0
1726819200001,2024-09-20T08:00:00.001000+00:00,-0.000005030000,8.0
1726848000000,2024-09-20T16:00:00+00:00,0.000055430000,8.0
1726876800001,2024-09-21T00:00:00.001000+00:00,0.000046380000,8.0
1726905600000,2024-09-21T08:00:00+00:00,0.000100000000,8.0
1726934400000,2024-09-21T16:00:00+00:00,0.000082340000,8.0
1726963200000,2024-09-22T00:00:00+00:00,0.000062850000,8.0
1726992000000,2024-09-22T08:00:00+00:00,0.000092540000,8.0
1727020800000,2024-09-22T16:00:00+00:00,0.000055370000,8.0
1727049600000,2024-09-23T00:00:00+00:00,0.000065460000,8.0
1727078400000,2024-09-23T08:00:00+00:00,0.000013640000,8.0
1727107200000,2024-09-23T16:00:00+00:00,0.000053040000,8.0
1727136000000,2024-09-24T00:00:00+00:00,0.000023240000,8.0
1727164800000,2024-09-24T08:00:00+00:00,0.000028950000,8.0
1727193600001,2024-09-24T16:00:00.001000+00:00,-0.000001820000,8.0
1727222400000,2024-09-25T00:00:00+00:00,0.000012230000,8.0
1727251200003,2024-09-25T08:00:00.003000+00:00,0.000011410000,8.0
1727280000000,2024-09-25T16:00:00+00:00,0.000013360000,8.0
1727308800005,2024-09-26T00:00:00.005000+00:00,0.000016500000,8.0
1727337600000,2024-09-26T08:00:00+00:00,0.000062460000,8.0
1727366400000,2024-09-26T16:00:00+00:00,0.000100000000,8.0
1727395200000,2024-09-27T00:00:00+00:00,0.000100000000,8.0
1727424000000,2024-09-27T08:00:00+00:00,0.000067220000,8.0
1727452800000,2024-09-27T16:00:00+00:00,0.000022750000,8.0
1727481600000,2024-09-28T00:00:00+00:00,0.000054550000,8.0
1727510400001,2024-09-28T08:00:00.001000+00:00,0.000083000000,8.0
1727539200000,2024-09-28T16:00:00+00:00,0.000014140000,8.0
1727568000001,2024-09-29T00:00:00.001000+00:00,0.000007250000,8.0
1727596800000,2024-09-29T08:00:00+00:00,0.000031280000,8.0
1727625600000,2024-09-29T16:00:00+00:00,0.000072530000,8.0
1727654400000,2024-09-30T00:00:00+00:00,0.000030770000,8.0
1727683200001,2024-09-30T08:00:00.001000+00:00,0.000079390000,8.0
1727712000000,2024-09-30T16:00:00+00:00,0.000100000000,8.0
1727740800000,2024-10-01T00:00:00+00:00,0.000100000000,8.0
1727769600000,2024-10-01T08:00:00+00:00,0.000100000000,8.0
1727798400001,2024-10-01T16:00:00.001000+00:00,0.000100000000,8.0
1727827200000,2024-10-02T00:00:00+00:00,0.000066320000,8.0
1727856000000,2024-10-02T08:00:00+00:00,0.000084090000,8.0
1727884800000,2024-10-02T16:00:00+00:00,0.000081910000,8.0
1727913600000,2024-10-03T00:00:00+00:00,0.000043810000,8.0
1727942400000,2024-10-03T08:00:00+00:00,0.000037460000,8.0
1727971200000,2024-10-03T16:00:00+00:00,0.000049900000,8.0
1728000000000,2024-10-04T00:00:00+00:00,0.000070970000,8.0
1728028800000,2024-10-04T08:00:00+00:00,0.000021190000,8.0
1728057600001,2024-10-04T16:00:00.001000+00:00,0.000002430000,8.0
1728086400000,2024-10-05T00:00:00+00:00,-0.000015960000,8.0
1728115200000,2024-10-05T08:00:00+00:00,0.000010880000,8.0
1728144000000,2024-10-05T16:00:00+00:00,0.000008610000,8.0
1728172800000,2024-10-06T00:00:00+00:00,0.000005720000,8.0
1728201600001,2024-10-06T08:00:00.001000+00:00,0.000032880000,8.0
1728230400000,2024-10-06T16:00:00+00:00,0.000041800000,8.0
1728259200000,2024-10-07T00:00:00+00:00,0.000045730000,8.0
1728288000000,2024-10-07T08:00:00+00:00,-0.000009520000,8.0
1728316800001,2024-10-07T16:00:00.001000+00:00,0.000021770000,8.0
1728345600000,2024-10-08T00:00:00+00:00,-0.000016780000,8.0
1728374400000,2024-10-08T08:00:00+00:00,0.000070940000,8.0
1728403200000,2024-10-08T16:00:00+00:00,0.000081000000,8.0
1728432000000,2024-10-09T00:00:00+00:00,0.000100000000,8.0
1728460800000,2024-10-09T08:00:00+00:00,0.000051380000,8.0
1728489600000,2024-10-09T16:00:00+00:00,0.000079390000,8.0
1728518400000,2024-10-10T00:00:00+00:00,0.000020900000,8.0
1728547200000,2024-10-10T08:00:00+00:00,0.000015320000,8.0
1728576000000,2024-10-10T16:00:00+00:00,0.000100000000,8.0
1728604800000,2024-10-11T00:00:00+00:00,0.000022310000,8.0
1728633600000,2024-10-11T08:00:00+00:00,-0.000018740000,8.0
1728662400001,2024-10-11T16:00:00.001000+00:00,0.000001200000,8.0
1728691200000,2024-10-12T00:00:00+00:00,0.000045580000,8.0
1728720000001,2024-10-12T08:00:00.001000+00:00,0.000076640000,8.0
1728748800000,2024-10-12T16:00:00+00:00,-0.000014890000,8.0
1728777600000,2024-10-13T00:00:00+00:00,0.000006930000,8.0
1728806400000,2024-10-13T08:00:00+00:00,0.000016380000,8.0
1728835200000,2024-10-13T16:00:00+00:00,0.000039380000,8.0
1728864000000,2024-10-14T00:00:00+00:00,0.000054290000,8.0
1728892800000,2024-10-14T08:00:00+00:00,0.000100000000,8.0
1728921600000,2024-10-14T16:00:00+00:00,0.000100000000,8.0
1728950400000,2024-10-15T00:00:00+00:00,0.000100000000,8.0
1728979200000,2024-10-15T08:00:00+00:00,0.000100000000,8.0
1729008000000,2024-10-15T16:00:00+00:00,0.000100000000,8.0
1729036800000,2024-10-16T00:00:00+00:00,0.000083250000,8.0
1729065600001,2024-10-16T08:00:00.001000+00:00,0.000085000000,8.0
1729094400000,2024-10-16T16:00:00+00:00,0.000100000000,8.0
1729123200000,2024-10-17T00:00:00+00:00,0.000100000000,8.0
1729152000000,2024-10-17T08:00:00+00:00,0.000100000000,8.0
1729180800001,2024-10-17T16:00:00.001000+00:00,0.000100000000,8.0
1729209600010,2024-10-18T00:00:00.010000+00:00,0.000100000000,8.0
1729238400001,2024-10-18T08:00:00.001000+00:00,0.000100000000,8.0
1729267200000,2024-10-18T16:00:00+00:00,0.000100000000,8.0
1729296000000,2024-10-19T00:00:00+00:00,0.000100000000,8.0
1729324800000,2024-10-19T08:00:00+00:00,0.000100000000,8.0
1729353600000,2024-10-19T16:00:00+00:00,0.000100000000,8.0
1729382400000,2024-10-20T00:00:00+00:00,0.000100000000,8.0
1729411200000,2024-10-20T08:00:00+00:00,0.000100000000,8.0
1729440000000,2024-10-20T16:00:00+00:00,0.000100000000,8.0
1729468800000,2024-10-21T00:00:00+00:00,0.000100000000,8.0
1729497600000,2024-10-21T08:00:00+00:00,0.000100000000,8.0
1729526400000,2024-10-21T16:00:00+00:00,0.000100000000,8.0
1729555200000,2024-10-22T00:00:00+00:00,0.000100000000,8.0
1729584000000,2024-10-22T08:00:00+00:00,0.000100000000,8.0
1729612800000,2024-10-22T16:00:00+00:00,0.000100000000,8.0
1729641600000,2024-10-23T00:00:00+00:00,0.000100000000,8.0
1729670400000,2024-10-23T08:00:00+00:00,0.000100000000,8.0
1729699200000,2024-10-23T16:00:00+00:00,0.000100000000,8.0
1729728000000,2024-10-24T00:00:00+00:00,0.000100000000,8.0
1729756800000,2024-10-24T08:00:00+00:00,0.000100000000,8.0
1729785600000,2024-10-24T16:00:00+00:00,0.000100000000,8.0
1729814400000,2024-10-25T00:00:00+00:00,0.000100000000,8.0
1729843200000,2024-10-25T08:00:00+00:00,0.000100000000,8.0
1729872000000,2024-10-25T16:00:00+00:00,0.000100000000,8.0
1729900800000,2024-10-26T00:00:00+00:00,0.000047550000,8.0
1729929600001,2024-10-26T08:00:00.001000+00:00,0.000075690000,8.0
1729958400000,2024-10-26T16:00:00+00:00,0.000100000000,8.0
1729987200000,2024-10-27T00:00:00+00:00,0.000100000000,8.0
1730016000000,2024-10-27T08:00:00+00:00,0.000097240000,8.0
1730044800000,2024-10-27T16:00:00+00:00,0.000100000000,8.0
1730073600000,2024-10-28T00:00:00+00:00,0.000094250000,8.0
1730102400001,2024-10-28T08:00:00.001000+00:00,0.000100000000,8.0
1730131200000,2024-10-28T16:00:00+00:00,0.000089460000,8.0
1730160000000,2024-10-29T00:00:00+00:00,0.000100000000,8.0
1730188800000,2024-10-29T08:00:00+00:00,0.000100000000,8.0
1730217600004,2024-10-29T16:00:00.004000+00:00,0.000100000000,8.0
1730246400000,2024-10-30T00:00:00+00:00,0.000100000000,8.0
1730275200000,2024-10-30T08:00:00+00:00,0.000100000000,8.0
1730304000013,2024-10-30T16:00:00.013000+00:00,0.000100000000,8.0
1730332800000,2024-10-31T00:00:00+00:00,0.000100000000,8.0
1730361600000,2024-10-31T08:00:00+00:00,0.000100000000,8.0
1730390400000,2024-10-31T16:00:00+00:00,0.000100000000,8.0
1730419200000,2024-11-01T00:00:00+00:00,0.000100000000,8.0
1730448000000,2024-11-01T08:00:00+00:00,0.000100000000,8.0
1730476800000,2024-11-01T16:00:00+00:00,0.000100000000,8.0
1730505600000,2024-11-02T00:00:00+00:00,0.000100000000,8.0
1730534400000,2024-11-02T08:00:00+00:00,0.000100000000,8.0
1730563200000,2024-11-02T16:00:00+00:00,0.000100000000,8.0
1730592000000,2024-11-03T00:00:00+00:00,0.000100000000,8.0
1730620800000,2024-11-03T08:00:00+00:00,0.000100000000,8.0
1730649600000,2024-11-03T16:00:00+00:00,0.000100000000,8.0
1730678400000,2024-11-04T00:00:00+00:00,0.000100000000,8.0
1730707200000,2024-11-04T08:00:00+00:00,0.000100000000,8.0
1730736000000,2024-11-04T16:00:00+00:00,0.000100000000,8.0
1730764800000,2024-11-05T00:00:00+00:00,0.000100000000,8.0
1730793600003,2024-11-05T08:00:00.003000+00:00,0.000100000000,8.0
1730822400001,2024-11-05T16:00:00.001000+00:00,0.000100000000,8.0
1730851200000,2024-11-06T00:00:00+00:00,0.000100000000,8.0
1730880000000,2024-11-06T08:00:00+00:00,0.000100000000,8.0
1730908800000,2024-11-06T16:00:00+00:00,0.000100000000,8.0
1730937600000,2024-11-07T00:00:00+00:00,0.000100000000,8.0
1730966400000,2024-11-07T08:00:00+00:00,0.000100000000,8.0
1730995200000,2024-11-07T16:00:00+00:00,0.000100000000,8.0
1731024000000,2024-11-08T00:00:00+00:00,0.000100000000,8.0
1731052800000,2024-11-08T08:00:00+00:00,0.000100000000,8.0
1731081600000,2024-11-08T16:00:00+00:00,0.000100000000,8.0
1731110400000,2024-11-09T00:00:00+00:00,0.000100000000,8.0
1731139200000,2024-11-09T08:00:00+00:00,0.000100000000,8.0
1731168000000,2024-11-09T16:00:00+00:00,0.000100000000,8.0
1731196800000,2024-11-10T00:00:00+00:00,0.000100000000,8.0
1731225600000,2024-11-10T08:00:00+00:00,0.000256030000,8.0
1731254400000,2024-11-10T16:00:00+00:00,0.000141130000,8.0
1731283200001,2024-11-11T00:00:00.001000+00:00,0.000368780000,8.0
1731312000000,2024-11-11T08:00:00+00:00,0.000100000000,8.0
1731340800000,2024-11-11T16:00:00+00:00,0.000100000000,8.0
1731369600002,2024-11-12T00:00:00.002000+00:00,0.000491330000,8.0
1731398400000,2024-11-12T08:00:00+00:00,0.000437370000,8.0
1731427200000,2024-11-12T16:00:00+00:00,0.000387540000,8.0
1731456000000,2024-11-13T00:00:00+00:00,0.000100000000,8.0
1731484800010,2024-11-13T08:00:00.010000+00:00,0.000131010000,8.0
1731513600000,2024-11-13T16:00:00+00:00,0.000218560000,8.0
1731542400001,2024-11-14T00:00:00.001000+00:00,0.000100000000,8.0
1731571200000,2024-11-14T08:00:00+00:00,0.000100000000,8.0
1731600000000,2024-11-14T16:00:00+00:00,0.000100000000,8.0
1731628800000,2024-11-15T00:00:00+00:00,0.000100000000,8.0
1731657600000,2024-11-15T08:00:00+00:00,0.000100000000,8.0
1731686400000,2024-11-15T16:00:00+00:00,0.000109770000,8.0
1731715200001,2024-11-16T00:00:00.001000+00:00,0.000100000000,8.0
1731744000001,2024-11-16T08:00:00.001000+00:00,0.000100000000,8.0
1731772800000,2024-11-16T16:00:00+00:00,0.000132310000,8.0
1731801600000,2024-11-17T00:00:00+00:00,0.000157650000,8.0
1731830400000,2024-11-17T08:00:00+00:00,0.000100000000,8.0
1731859200001,2024-11-17T16:00:00.001000+00:00,0.000105770000,8.0
1731888000000,2024-11-18T00:00:00+00:00,0.000100000000,8.0
1731916800000,2024-11-18T08:00:00+00:00,0.000364500000,8.0
1731945600000,2024-11-18T16:00:00+00:00,0.000213180000,8.0
1731974400000,2024-11-19T00:00:00+00:00,0.000216060000,8.0
1732003200000,2024-11-19T08:00:00+00:00,0.000302160000,8.0
1732032000000,2024-11-19T16:00:00+00:00,0.000179590000,8.0
1732060800003,2024-11-20T00:00:00.003000+00:00,0.000100000000,8.0
1732089600000,2024-11-20T08:00:00+00:00,0.000100000000,8.0
1732118400000,2024-11-20T16:00:00+00:00,0.000100000000,8.0
1732147200001,2024-11-21T00:00:00.001000+00:00,0.000100000000,8.0
1732176000000,2024-11-21T08:00:00+00:00,0.000100000000,8.0
1732204800001,2024-11-21T16:00:00.001000+00:00,0.000100000000,8.0
1732233600000,2024-11-22T00:00:00+00:00,0.000100000000,8.0
1732262400000,2024-11-22T08:00:00+00:00,0.000100000000,8.0
1732291200001,2024-11-22T16:00:00.001000+00:00,0.000100000000,8.0
1732320000000,2024-11-23T00:00:00+00:00,0.000100000000,8.0
1732348800000,2024-11-23T08:00:00+00:00,0.000100000000,8.0
1732377600000,2024-11-23T16:00:00+00:00,0.000100000000,8.0
1732406400001,2024-11-24T00:00:00.001000+00:00,0.000100000000,8.0
1732435200000,2024-11-24T08:00:00+00:00,0.000161480000,8.0
1732464000000,2024-11-24T16:00:00+00:00,0.000232280000,8.0
1732492800000,2024-11-25T00:00:00+00:00,0.000210350000,8.0
1732521600000,2024-11-25T08:00:00+00:00,0.000100000000,8.0
1732550400000,2024-11-25T16:00:00+00:00,0.000252330000,8.0
1732579200000,2024-11-26T00:00:00+00:00,0.000219020000,8.0
1732608000000,2024-11-26T08:00:00+00:00,0.000179360000,8.0
1732636800000,2024-11-26T16:00:00+00:00,0.000295990000,8.0
1732665600000,2024-11-27T00:00:00+00:00,0.000312050000,8.0
1732694400000,2024-11-27T08:00:00+00:00,0.000167950000,8.0
1732723200001,2024-11-27T16:00:00.001000+00:00,0.000100000000,8.0
1732752000000,2024-11-28T00:00:00+00:00,0.000100000000,8.0
1732780800000,2024-11-28T08:00:00+00:00,0.000143260000,8.0
1732809600000,2024-11-28T16:00:00+00:00,0.000118590000,8.0
1732838400000,2024-11-29T00:00:00+00:00,0.000206190000,8.0
1732867200000,2024-11-29T08:00:00+00:00,0.000117470000,8.0
1732896000000,2024-11-29T16:00:00+00:00,0.000219210000,8.0
1732924800000,2024-11-30T00:00:00+00:00,0.000100000000,8.0
1732953600000,2024-11-30T08:00:00+00:00,0.000159090000,8.0
1732982400000,2024-11-30T16:00:00+00:00,0.000120630000,8.0
1733011200000,2024-12-01T00:00:00+00:00,0.000159010000,8.0
1733040000000,2024-12-01T08:00:00+00:00,0.000195810000,8.0
1733068800000,2024-12-01T16:00:00+00:00,0.000100000000,8.0
1733097600001,2024-12-02T00:00:00.001000+00:00,0.000257260000,8.0
1733126400001,2024-12-02T08:00:00.001000+00:00,0.000245560000,8.0
1733155200000,2024-12-02T16:00:00+00:00,0.000133870000,8.0
1733184000000,2024-12-03T00:00:00+00:00,0.000127790000,8.0
1733212800000,2024-12-03T08:00:00+00:00,0.000249260000,8.0
1733241600000,2024-12-03T16:00:00+00:00,0.000119520000,8.0
1733270400000,2024-12-04T00:00:00+00:00,0.000266340000,8.0
1733299200000,2024-12-04T08:00:00+00:00,0.000262540000,8.0
1733328000000,2024-12-04T16:00:00+00:00,0.000232340000,8.0
1733356800001,2024-12-05T00:00:00.001000+00:00,0.000276250000,8.0
1733385600000,2024-12-05T08:00:00+00:00,0.000724460000,8.0
1733414400000,2024-12-05T16:00:00+00:00,0.000470590000,8.0
1733443200000,2024-12-06T00:00:00+00:00,0.000100000000,8.0
1733472000000,2024-12-06T08:00:00+00:00,0.000146340000,8.0
1733500800000,2024-12-06T16:00:00+00:00,0.000100000000,8.0
1733529600000,2024-12-07T00:00:00+00:00,0.000319720000,8.0
1733558400000,2024-12-07T08:00:00+00:00,0.000123740000,8.0
1733587200000,2024-12-07T16:00:00+00:00,0.000140900000,8.0
1733616000000,2024-12-08T00:00:00+00:00,0.000169850000,8.0
1733644800000,2024-12-08T08:00:00+00:00,0.000165720000,8.0
1733673600000,2024-12-08T16:00:00+00:00,0.000175800000,8.0
1733702400000,2024-12-09T00:00:00+00:00,0.000304130000,8.0
1733731200000,2024-12-09T08:00:00+00:00,0.000210320000,8.0
1733760000001,2024-12-09T16:00:00.001000+00:00,0.000111150000,8.0
1733788800007,2024-12-10T00:00:00.007000+00:00,0.000100000000,8.0
1733817600000,2024-12-10T08:00:00+00:00,0.000100000000,8.0
1733846400000,2024-12-10T16:00:00+00:00,0.000100000000,8.0
1733875200000,2024-12-11T00:00:00+00:00,0.000100000000,8.0
1733904000000,2024-12-11T08:00:00+00:00,0.000100000000,8.0
1733932800001,2024-12-11T16:00:00.001000+00:00,0.000100000000,8.0
1733961600001,2024-12-12T00:00:00.001000+00:00,0.000100000000,8.0
1733990400000,2024-12-12T08:00:00+00:00,0.000100000000,8.0
1734019200001,2024-12-12T16:00:00.001000+00:00,0.000100000000,8.0
1734048000000,2024-12-13T00:00:00+00:00,0.000100000000,8.0
1734076800000,2024-12-13T08:00:00+00:00,0.000100000000,8.0
1734105600001,2024-12-13T16:00:00.001000+00:00,0.000100000000,8.0
1734134400000,2024-12-14T00:00:00+00:00,0.000067500000,8.0
1734163200000,2024-12-14T08:00:00+00:00,0.000100000000,8.0
1734192000000,2024-12-14T16:00:00+00:00,0.000100000000,8.0
1734220800000,2024-12-15T00:00:00+00:00,0.000100000000,8.0
1734249600000,2024-12-15T08:00:00+00:00,0.000081940000,8.0
1734278400000,2024-12-15T16:00:00+00:00,0.000100000000,8.0
1734307200000,2024-12-16T00:00:00+00:00,0.000100000000,8.0
1734336000001,2024-12-16T08:00:00.001000+00:00,0.000100000000,8.0
1734364800000,2024-12-16T16:00:00+00:00,0.000091810000,8.0
1734393600000,2024-12-17T00:00:00+00:00,0.000078660000,8.0
1734422400000,2024-12-17T08:00:00+00:00,0.000100000000,8.0
1734451200000,2024-12-17T16:00:00+00:00,0.000100000000,8.0
1734480000000,2024-12-18T00:00:00+00:00,0.000100000000,8.0
1734508800000,2024-12-18T08:00:00+00:00,0.000091590000,8.0
1734537600000,2024-12-18T16:00:00+00:00,0.000100000000,8.0
1734566400000,2024-12-19T00:00:00+00:00,0.000100000000,8.0
1734595200000,2024-12-19T08:00:00+00:00,0.000100000000,8.0
1734624000000,2024-12-19T16:00:00+00:00,0.000100000000,8.0
1734652800000,2024-12-20T00:00:00+00:00,0.000100000000,8.0
1734681600001,2024-12-20T08:00:00.001000+00:00,0.000100000000,8.0
1734710400014,2024-12-20T16:00:00.014000+00:00,0.000100000000,8.0
1734739200000,2024-12-21T00:00:00+00:00,0.000100000000,8.0
1734768000000,2024-12-21T08:00:00+00:00,0.000012060000,8.0
1734796800001,2024-12-21T16:00:00.001000+00:00,0.000100000000,8.0
1734825600000,2024-12-22T00:00:00+00:00,0.000100000000,8.0
1734854400000,2024-12-22T08:00:00+00:00,0.000100000000,8.0
1734883200000,2024-12-22T16:00:00+00:00,0.000096290000,8.0
1734912000000,2024-12-23T00:00:00+00:00,0.000100000000,8.0
1734940800000,2024-12-23T08:00:00+00:00,0.000100000000,8.0
1734969600001,2024-12-23T16:00:00.001000+00:00,0.000089810000,8.0
1734998400000,2024-12-24T00:00:00+00:00,0.000100000000,8.0
1735027200000,2024-12-24T08:00:00+00:00,0.000100000000,8.0
1735056000001,2024-12-24T16:00:00.001000+00:00,0.000100000000,8.0
1735084800001,2024-12-25T00:00:00.001000+00:00,0.000100000000,8.0
1735113600000,2024-12-25T08:00:00+00:00,0.000100000000,8.0
1735142400000,2024-12-25T16:00:00+00:00,0.000100000000,8.0
1735171200000,2024-12-26T00:00:00+00:00,0.000098270000,8.0
1735200000000,2024-12-26T08:00:00+00:00,0.000074530000,8.0
1735228800000,2024-12-26T16:00:00+00:00,0.000085850000,8.0
1735257600000,2024-12-27T00:00:00+00:00,0.000100000000,8.0
1735286400000,2024-12-27T08:00:00+00:00,0.000100000000,8.0
1735315200000,2024-12-27T16:00:00+00:00,0.000100000000,8.0
1735344000001,2024-12-28T00:00:00.001000+00:00,0.000100000000,8.0
1735372800000,2024-12-28T08:00:00+00:00,0.000076390000,8.0
1735401600000,2024-12-28T16:00:00+00:00,0.000051730000,8.0
1735430400000,2024-12-29T00:00:00+00:00,0.000080130000,8.0
1735459200000,2024-12-29T08:00:00+00:00,0.000100000000,8.0
1735488000000,2024-12-29T16:00:00+00:00,0.000100000000,8.0
1735516800000,2024-12-30T00:00:00+00:00,-0.000000420000,8.0
1735545600001,2024-12-30T08:00:00.001000+00:00,0.000087910000,8.0
1735574400000,2024-12-30T16:00:00+00:00,0.000100000000,8.0
1735603200000,2024-12-31T00:00:00+00:00,0.000100000000,8.0
1735632000000,2024-12-31T08:00:00+00:00,0.000100000000,8.0
1735660800000,2024-12-31T16:00:00+00:00,0.000100000000,8.0
1735689600015,2025-01-01T00:00:00.015000+00:00,0.000100000000,8.0
1735718400000,2025-01-01T08:00:00+00:00,0.000100000000,8.0
1735747200001,2025-01-01T16:00:00.001000+00:00,0.000100000000,8.0
1735776000000,2025-01-02T00:00:00+00:00,0.000100000000,8.0
1735804800006,2025-01-02T08:00:00.006000+00:00,0.000100000000,8.0
1735833600000,2025-01-02T16:00:00+00:00,0.000100000000,8.0
1735862400000,2025-01-03T00:00:00+00:00,0.000100000000,8.0
1735891200000,2025-01-03T08:00:00+00:00,0.000100000000,8.0
1735920000000,2025-01-03T16:00:00+00:00,0.000052420000,8.0
1735948800000,2025-01-04T00:00:00+00:00,0.000076990000,8.0
1735977600000,2025-01-04T08:00:00+00:00,0.000100000000,8.0
1736006400000,2025-01-04T16:00:00+00:00,0.000007980000,8.0
1736035200000,2025-01-05T00:00:00+00:00,0.000100000000,8.0
1736064000000,2025-01-05T08:00:00+00:00,0.000100000000,8.0
1736092800000,2025-01-05T16:00:00+00:00,0.000083200000,8.0
1736121600000,2025-01-06T00:00:00+00:00,0.000100000000,8.0
1736150400001,2025-01-06T08:00:00.001000+00:00,0.000100000000,8.0
1736179200000,2025-01-06T16:00:00+00:00,0.000100000000,8.0
1736208000000,2025-01-07T00:00:00+00:00,0.000100000000,8.0
1736236800000,2025-01-07T08:00:00+00:00,0.000089030000,8.0
1736265600008,2025-01-07T16:00:00.008000+00:00,0.000082790000,8.0
1736294400001,2025-01-08T00:00:00.001000+00:00,0.000100000000,8.0
1736323200000,2025-01-08T08:00:00+00:00,0.000100000000,8.0
1736352000000,2025-01-08T16:00:00+00:00,0.000100000000,8.0
1736380800000,2025-01-09T00:00:00+00:00,0.000100000000,8.0
1736409600000,2025-01-09T08:00:00+00:00,0.000098340000,8.0
1736438400000,2025-01-09T16:00:00+00:00,-0.000005440000,8.0
1736467200000,2025-01-10T00:00:00+00:00,0.000039660000,8.0
1736496000000,2025-01-10T08:00:00+00:00,-0.000010600000,8.0
1736524800000,2025-01-10T16:00:00+00:00,0.000080780000,8.0
1736553600000,2025-01-11T00:00:00+00:00,0.000056800000,8.0
1736582400000,2025-01-11T08:00:00+00:00,0.000040550000,8.0
1736611200000,2025-01-11T16:00:00+00:00,0.000026080000,8.0
1736640000000,2025-01-12T00:00:00+00:00,0.000050090000,8.0
1736668800000,2025-01-12T08:00:00+00:00,0.000032100000,8.0
1736697600000,2025-01-12T16:00:00+00:00,0.000066470000,8.0
1736726400000,2025-01-13T00:00:00+00:00,0.000052660000,8.0
1736755200000,2025-01-13T08:00:00+00:00,0.000069890000,8.0
1736784000000,2025-01-13T16:00:00+00:00,0.000008810000,8.0
1736812800000,2025-01-14T00:00:00+00:00,0.000100000000,8.0
1736841600000,2025-01-14T08:00:00+00:00,0.000100000000,8.0
1736870400000,2025-01-14T16:00:00+00:00,0.000094960000,8.0
1736899200000,2025-01-15T00:00:00+00:00,0.000049890000,8.0
1736928000000,2025-01-15T08:00:00+00:00,0.000087950000,8.0
1736956800000,2025-01-15T16:00:00+00:00,0.000058440000,8.0
1736985600000,2025-01-16T00:00:00+00:00,0.000007280000,8.0
1737014400000,2025-01-16T08:00:00+00:00,0.000075680000,8.0
1737043200000,2025-01-16T16:00:00+00:00,0.000045980000,8.0
1737072000004,2025-01-17T00:00:00.004000+00:00,0.000045970000,8.0
1737100800000,2025-01-17T08:00:00+00:00,0.000093860000,8.0
1737129600008,2025-01-17T16:00:00.008000+00:00,0.000034320000,8.0
1737158400000,2025-01-18T00:00:00+00:00,0.000067070000,8.0
1737187200007,2025-01-18T08:00:00.007000+00:00,0.000100000000,8.0
1737216000000,2025-01-18T16:00:00+00:00,0.000100000000,8.0
1737244800000,2025-01-19T00:00:00+00:00,0.000100000000,8.0
1737273600000,2025-01-19T08:00:00+00:00,0.000100000000,8.0
1737302400000,2025-01-19T16:00:00+00:00,0.000100000000,8.0
1737331200000,2025-01-20T00:00:00+00:00,0.000100000000,8.0
1737360000009,2025-01-20T08:00:00.009000+00:00,0.000100000000,8.0
1737388800000,2025-01-20T16:00:00+00:00,0.000100000000,8.0
1737417600000,2025-01-21T00:00:00+00:00,0.000100000000,8.0
1737446400000,2025-01-21T08:00:00+00:00,0.000100000000,8.0
1737475200000,2025-01-21T16:00:00+00:00,0.000100000000,8.0
1737504000000,2025-01-22T00:00:00+00:00,0.000100000000,8.0
1737532800000,2025-01-22T08:00:00+00:00,0.000100000000,8.0
1737561600000,2025-01-22T16:00:00+00:00,0.000100000000,8.0
1737590400001,2025-01-23T00:00:00.001000+00:00,0.000086540000,8.0
1737619200000,2025-01-23T08:00:00+00:00,0.000100000000,8.0
1737648000000,2025-01-23T16:00:00+00:00,0.000086160000,8.0
1737676800000,2025-01-24T00:00:00+00:00,0.000003340000,8.0
1737705600000,2025-01-24T08:00:00+00:00,0.000075370000,8.0
1737734400000,2025-01-24T16:00:00+00:00,0.000095400000,8.0
1737763200000,2025-01-25T00:00:00+00:00,0.000057020000,8.0
1737792000000,2025-01-25T08:00:00+00:00,0.000084950000,8.0
1737820800001,2025-01-25T16:00:00.001000+00:00,0.000077820000,8.0
1737849600000,2025-01-26T00:00:00+00:00,0.000083630000,8.0
1737878400000,2025-01-26T08:00:00+00:00,0.000100000000,8.0
1737907200000,2025-01-26T16:00:00+00:00,0.000084430000,8.0
1737936000000,2025-01-27T00:00:00+00:00,0.000090840000,8.0
1737964800000,2025-01-27T08:00:00+00:00,0.000037120000,8.0
1737993600000,2025-01-27T16:00:00+00:00,0.000000980000,8.0
1738022400000,2025-01-28T00:00:00+00:00,0.000100000000,8.0
1738051200000,2025-01-28T08:00:00+00:00,0.000037140000,8.0
1738080000000,2025-01-28T16:00:00+00:00,0.000098480000,8.0
1738108800000,2025-01-29T00:00:00+00:00,0.000100000000,8.0
1738137600000,2025-01-29T08:00:00+00:00,0.000100000000,8.0
1738166400000,2025-01-29T16:00:00+00:00,0.000099490000,8.0
1738195200000,2025-01-30T00:00:00+00:00,0.000075900000,8.0
1738224000000,2025-01-30T08:00:00+00:00,0.000100000000,8.0
1738252800000,2025-01-30T16:00:00+00:00,0.000094990000,8.0
1738281600000,2025-01-31T00:00:00+00:00,0.000012250000,8.0
1738310400000,2025-01-31T08:00:00+00:00,0.000100000000,8.0
1738339200000,2025-01-31T16:00:00+00:00,0.000100000000,8.0
1738368000000,2025-02-01T00:00:00+00:00,0.000080980000,8.0
1738396800000,2025-02-01T08:00:00+00:00,0.000053690000,8.0
1738425600000,2025-02-01T16:00:00+00:00,0.000059680000,8.0
1738454400001,2025-02-02T00:00:00.001000+00:00,0.000058240000,8.0
1738483200000,2025-02-02T08:00:00+00:00,0.000033800000,8.0
1738512000000,2025-02-02T16:00:00+00:00,-0.000008610000,8.0
1738540800000,2025-02-03T00:00:00+00:00,0.000100000000,8.0
1738569600000,2025-02-03T08:00:00+00:00,0.000100000000,8.0
1738598400000,2025-02-03T16:00:00+00:00,0.000048450000,8.0
1738627200000,2025-02-04T00:00:00+00:00,0.000026120000,8.0
1738656000001,2025-02-04T08:00:00.001000+00:00,0.000068000000,8.0
1738684800000,2025-02-04T16:00:00+00:00,0.000041380000,8.0
1738713600001,2025-02-05T00:00:00.001000+00:00,-0.000004610000,8.0
1738742400001,2025-02-05T08:00:00.001000+00:00,0.000047740000,8.0
1738771200000,2025-02-05T16:00:00+00:00,0.000016100000,8.0
1738800000001,2025-02-06T00:00:00.001000+00:00,0.000021860000,8.0
1738828800001,2025-02-06T08:00:00.001000+00:00,-0.000002380000,8.0
1738857600000,2025-02-06T16:00:00+00:00,0.000059030000,8.0
1738886400000,2025-02-07T00:00:00+00:00,0.000079830000,8.0
1738915200000,2025-02-07T08:00:00+00:00,0.000069890000,8.0
1738944000000,2025-02-07T16:00:00+00:00,0.000051670000,8.0
1738972800000,2025-02-08T00:00:00+00:00,-0.000041000000,8.0
1739001600000,2025-02-08T08:00:00+00:00,0.000011370000,8.0
1739030400000,2025-02-08T16:00:00+00:00,0.000003240000,8.0
1739059200000,2025-02-09T00:00:00+00:00,0.000038730000,8.0
1739088000000,2025-02-09T08:00:00+00:00,0.000096000000,8.0
1739116800000,2025-02-09T16:00:00+00:00,0.000028390000,8.0
1739145600000,2025-02-10T00:00:00+00:00,0.000018020000,8.0
1739174400000,2025-02-10T08:00:00+00:00,0.000091760000,8.0
1739203200000,2025-02-10T16:00:00+00:00,0.000074570000,8.0
1739232000000,2025-02-11T00:00:00+00:00,0.000042180000,8.0
1739260800000,2025-02-11T08:00:00+00:00,0.000070900000,8.0
1739289600000,2025-02-11T16:00:00+00:00,-0.000024460000,8.0
1739318400000,2025-02-12T00:00:00+00:00,0.000012980000,8.0
1739347200000,2025-02-12T08:00:00+00:00,0.000048990000,8.0
1739376000001,2025-02-12T16:00:00.001000+00:00,0.000049600000,8.0
1739404800001,2025-02-13T00:00:00.001000+00:00,0.000100000000,8.0
1739433600000,2025-02-13T08:00:00+00:00,0.000041170000,8.0
1739462400001,2025-02-13T16:00:00.001000+00:00,0.000008050000,8.0
1739491200000,2025-02-14T00:00:00+00:00,0.000041000000,8.0
1739520000001,2025-02-14T08:00:00.001000+00:00,0.000055100000,8.0
1739548800000,2025-02-14T16:00:00+00:00,0.000070930000,8.0
1739577600000,2025-02-15T00:00:00+00:00,0.000000550000,8.0
1739606400000,2025-02-15T08:00:00+00:00,0.000032970000,8.0
1739635200000,2025-02-15T16:00:00+00:00,0.000037350000,8.0
1739664000000,2025-02-16T00:00:00+00:00,0.000033900000,8.0
1739692800000,2025-02-16T08:00:00+00:00,0.000001820000,8.0
1739721600000,2025-02-16T16:00:00+00:00,0.000037990000,8.0
1739750400000,2025-02-17T00:00:00+00:00,0.000062390000,8.0
1739779200000,2025-02-17T08:00:00+00:00,0.000063970000,8.0
1739808000000,2025-02-17T16:00:00+00:00,0.000020090000,8.0
1739836800000,2025-02-18T00:00:00+00:00,0.000094880000,8.0
1739865600000,2025-02-18T08:00:00+00:00,0.000100000000,8.0
1739894400000,2025-02-18T16:00:00+00:00,0.000100000000,8.0
1739923200000,2025-02-19T00:00:00+00:00,0.000070070000,8.0
1739952000000,2025-02-19T08:00:00+00:00,0.000077790000,8.0
1739980800000,2025-02-19T16:00:00+00:00,0.000089600000,8.0
1740009600000,2025-02-20T00:00:00+00:00,0.000024200000,8.0
1740038400000,2025-02-20T08:00:00+00:00,0.000032690000,8.0
1740067200000,2025-02-20T16:00:00+00:00,0.000073460000,8.0
1740096000001,2025-02-21T00:00:00.001000+00:00,0.000001230000,8.0
1740124800000,2025-02-21T08:00:00+00:00,0.000022860000,8.0
1740153600000,2025-02-21T16:00:00+00:00,-0.000000970000,8.0
1740182400000,2025-02-22T00:00:00+00:00,0.000100000000,8.0
1740211200000,2025-02-22T08:00:00+00:00,0.000064660000,8.0
1740240000000,2025-02-22T16:00:00+00:00,0.000023180000,8.0
1740268800000,2025-02-23T00:00:00+00:00,0.000041120000,8.0
1740297600000,2025-02-23T08:00:00+00:00,0.000031400000,8.0
1740326400000,2025-02-23T16:00:00+00:00,0.000014780000,8.0
1740355200000,2025-02-24T00:00:00+00:00,-0.000029700000,8.0
1740384000000,2025-02-24T08:00:00+00:00,0.000068810000,8.0
1740412800000,2025-02-24T16:00:00+00:00,0.000020500000,8.0
1740441600000,2025-02-25T00:00:00+00:00,0.000100000000,8.0
1740470400000,2025-02-25T08:00:00+00:00,0.000052450000,8.0
1740499200000,2025-02-25T16:00:00+00:00,0.000013850000,8.0
1740528000000,2025-02-26T00:00:00+00:00,0.000035210000,8.0
1740556800000,2025-02-26T08:00:00+00:00,0.000060050000,8.0
1740585600000,2025-02-26T16:00:00+00:00,0.000100000000,8.0
1740614400001,2025-02-27T00:00:00.001000+00:00,0.000093050000,8.0
1740643200000,2025-02-27T08:00:00+00:00,-0.000006170000,8.0
1740672000000,2025-02-27T16:00:00+00:00,0.000094330000,8.0
1740700800001,2025-02-28T00:00:00.001000+00:00,0.000094440000,8.0
1740729600000,2025-02-28T08:00:00+00:00,0.000095210000,8.0
1740758400000,2025-02-28T16:00:00+00:00,-0.000003730000,8.0
1740787200000,2025-03-01T00:00:00+00:00,-0.000000140000,8.0
1740816000000,2025-03-01T08:00:00+00:00,-0.000061080000,8.0
1740844800001,2025-03-01T16:00:00.001000+00:00,-0.000008580000,8.0
1740873600000,2025-03-02T00:00:00+00:00,-0.000010940000,8.0
1740902400000,2025-03-02T08:00:00+00:00,-0.000027830000,8.0
1740931200000,2025-03-02T16:00:00+00:00,-0.000028690000,8.0
1740960000001,2025-03-03T00:00:00.001000+00:00,-0.000055180000,8.0
1740988800000,2025-03-03T08:00:00+00:00,0.000007910000,8.0
1741017600000,2025-03-03T16:00:00+00:00,0.000052720000,8.0
1741046400001,2025-03-04T00:00:00.001000+00:00,-0.000015260000,8.0
1741075200005,2025-03-04T08:00:00.005000+00:00,-0.000002700000,8.0
1741104000000,2025-03-04T16:00:00+00:00,0.000013060000,8.0
1741132800000,2025-03-05T00:00:00+00:00,0.000041130000,8.0
1741161600000,2025-03-05T08:00:00+00:00,0.000027220000,8.0
1741190400000,2025-03-05T16:00:00+00:00,0.000050280000,8.0
1741219200000,2025-03-06T00:00:00+00:00,0.000035380000,8.0
1741248000001,2025-03-06T08:00:00.001000+00:00,0.000064130000,8.0
1741276800000,2025-03-06T16:00:00+00:00,0.000068180000,8.0
1741305600000,2025-03-07T00:00:00+00:00,-0.000006120000,8.0
1741334400001,2025-03-07T08:00:00.001000+00:00,-0.000015390000,8.0
1741363200000,2025-03-07T16:00:00+00:00,0.000020280000,8.0
1741392000000,2025-03-08T00:00:00+00:00,0.000053280000,8.0
1741420800001,2025-03-08T08:00:00.001000+00:00,0.000003730000,8.0
1741449600001,2025-03-08T16:00:00.001000+00:00,0.000012080000,8.0
1741478400001,2025-03-09T00:00:00.001000+00:00,-0.000027790000,8.0
1741507200000,2025-03-09T08:00:00+00:00,0.000032180000,8.0
1741536000000,2025-03-09T16:00:00+00:00,0.000100000000,8.0
1741564800000,2025-03-10T00:00:00+00:00,0.000039520000,8.0
1741593600000,2025-03-10T08:00:00+00:00,0.000013440000,8.0
1741622400000,2025-03-10T16:00:00+00:00,0.000040370000,8.0
1741651200000,2025-03-11T00:00:00+00:00,0.000047050000,8.0
1741680000000,2025-03-11T08:00:00+00:00,0.000032600000,8.0
1741708800001,2025-03-11T16:00:00.001000+00:00,0.000087460000,8.0
1741737600000,2025-03-12T00:00:00+00:00,0.000005760000,8.0
1741766400000,2025-03-12T08:00:00+00:00,0.000058150000,8.0
1741795200001,2025-03-12T16:00:00.001000+00:00,0.000040130000,8.0
1741824000000,2025-03-13T00:00:00+00:00,0.000004300000,8.0
1741852800000,2025-03-13T08:00:00+00:00,0.000020690000,8.0
1741881600000,2025-03-13T16:00:00+00:00,0.000031900000,8.0
1741910400000,2025-03-14T00:00:00+00:00,0.000053860000,8.0
1741939200000,2025-03-14T08:00:00+00:00,0.000053310000,8.0
1741968000000,2025-03-14T16:00:00+00:00,0.000003570000,8.0
1741996800000,2025-03-15T00:00:00+00:00,-0.000060350000,8.0
1742025600000,2025-03-15T08:00:00+00:00,-0.000023890000,8.0
1742054400000,2025-03-15T16:00:00+00:00,-0.000003210000,8.0
1742083200000,2025-03-16T00:00:00+00:00,0.000004320000,8.0
1742112000000,2025-03-16T08:00:00+00:00,0.000042360000,8.0
1742140800000,2025-03-16T16:00:00+00:00,0.000012470000,8.0
1742169600000,2025-03-17T00:00:00+00:00,0.000010650000,8.0
1742198400000,2025-03-17T08:00:00+00:00,0.000084740000,8.0
1742227200000,2025-03-17T16:00:00+00:00,0.000008590000,8.0
1742256000000,2025-03-18T00:00:00+00:00,0.000007030000,8.0
1742284800000,2025-03-18T08:00:00+00:00,0.000020590000,8.0
1742313600000,2025-03-18T16:00:00+00:00,0.000035140000,8.0
1742342400000,2025-03-19T00:00:00+00:00,0.000002000000,8.0
1742371200000,2025-03-19T08:00:00+00:00,0.000059610000,8.0
1742400000000,2025-03-19T16:00:00+00:00,0.000050240000,8.0
1742428800000,2025-03-20T00:00:00+00:00,0.000019440000,8.0
1742457600000,2025-03-20T08:00:00+00:00,0.000037900000,8.0
1742486400000,2025-03-20T16:00:00+00:00,0.000010860000,8.0
1742515200000,2025-03-21T00:00:00+00:00,0.000016150000,8.0
1742544000000,2025-03-21T08:00:00+00:00,0.000053240000,8.0
1742572800000,2025-03-21T16:00:00+00:00,0.000025180000,8.0
1742601600000,2025-03-22T00:00:00+00:00,0.000028360000,8.0
1742630400004,2025-03-22T08:00:00.004000+00:00,-0.000017700000,8.0
1742659200000,2025-03-22T16:00:00+00:00,0.000050920000,8.0
1742688000000,2025-03-23T00:00:00+00:00,0.000020990000,8.0
1742716800000,2025-03-23T08:00:00+00:00,-0.000001840000,8.0
1742745600000,2025-03-23T16:00:00+00:00,0.000040200000,8.0
1742774400000,2025-03-24T00:00:00+00:00,0.000020390000,8.0
1742803200000,2025-03-24T08:00:00+00:00,0.000055120000,8.0
1742832000000,2025-03-24T16:00:00+00:00,-0.000034220000,8.0
1742860800001,2025-03-25T00:00:00.001000+00:00,-0.000002470000,8.0
1742889600000,2025-03-25T08:00:00+00:00,0.000011500000,8.0
1742918400000,2025-03-25T16:00:00+00:00,-0.000037760000,8.0
1742947200000,2025-03-26T00:00:00+00:00,-0.000029900000,8.0
1742976000000,2025-03-26T08:00:00+00:00,0.000016590000,8.0
1743004800001,2025-03-26T16:00:00.001000+00:00,-0.000030820000,8.0
1743033600001,2025-03-27T00:00:00.001000+00:00,0.000031360000,8.0
1743062400001,2025-03-27T08:00:00.001000+00:00,0.000055120000,8.0
1743091200002,2025-03-27T16:00:00.002000+00:00,-0.000037600000,8.0
1743120000001,2025-03-28T00:00:00.001000+00:00,0.000015840000,8.0
1743148800001,2025-03-28T08:00:00.001000+00:00,-0.000004570000,8.0
1743177600000,2025-03-28T16:00:00+00:00,0.000081180000,8.0
1743206400000,2025-03-29T00:00:00+00:00,0.000053640000,8.0
1743235200000,2025-03-29T08:00:00+00:00,0.000082140000,8.0
1743264000000,2025-03-29T16:00:00+00:00,0.000025300000,8.0
1743292800000,2025-03-30T00:00:00+00:00,0.000003410000,8.0
1743321600000,2025-03-30T08:00:00+00:00,0.000004270000,8.0
1743350400000,2025-03-30T16:00:00+00:00,0.000045880000,8.0
1743379200000,2025-03-31T00:00:00+00:00,0.000026430000,8.0
1743408000000,2025-03-31T08:00:00+00:00,0.000060200000,8.0
1743436800000,2025-03-31T16:00:00+00:00,0.000018450000,8.0
1743465600000,2025-04-01T00:00:00+00:00,0.000039610000,8.0
1743494400001,2025-04-01T08:00:00.001000+00:00,0.000028890000,8.0
1743523200000,2025-04-01T16:00:00+00:00,0.000035730000,8.0
1743552000001,2025-04-02T00:00:00.001000+00:00,-0.000021120000,8.0
1743580800000,2025-04-02T08:00:00+00:00,0.000030360000,8.0
1743609600000,2025-04-02T16:00:00+00:00,0.000007330000,8.0
1743638400000,2025-04-03T00:00:00+00:00,0.000058620000,8.0
1743667200000,2025-04-03T08:00:00+00:00,0.000050380000,8.0
1743696000000,2025-04-03T16:00:00+00:00,0.000064840000,8.0
1743724800000,2025-04-04T00:00:00+00:00,0.000042830000,8.0
1743753600000,2025-04-04T08:00:00+00:00,0.000047360000,8.0
1743782400000,2025-04-04T16:00:00+00:00,0.000080380000,8.0
1743811200000,2025-04-05T00:00:00+00:00,0.000085590000,8.0
1743840000000,2025-04-05T08:00:00+00:00,0.000074370000,8.0
1743868800000,2025-04-05T16:00:00+00:00,0.000004080000,8.0
1743897600000,2025-04-06T00:00:00+00:00,0.000002210000,8.0
1743926400000,2025-04-06T08:00:00+00:00,0.000053630000,8.0
1743955200002,2025-04-06T16:00:00.002000+00:00,-0.000006030000,8.0
1743984000000,2025-04-07T00:00:00+00:00,0.000049460000,8.0
1744012800000,2025-04-07T08:00:00+00:00,0.000068570000,8.0
1744041600000,2025-04-07T16:00:00+00:00,0.000049980000,8.0
1744070400000,2025-04-08T00:00:00+00:00,0.000040740000,8.0
1744099200000,2025-04-08T08:00:00+00:00,0.000035750000,8.0
1744128000000,2025-04-08T16:00:00+00:00,0.000031340000,8.0
1744156800000,2025-04-09T00:00:00+00:00,0.000095680000,8.0
1744185600001,2025-04-09T08:00:00.001000+00:00,-0.000022520000,8.0
1744214400000,2025-04-09T16:00:00+00:00,0.000068560000,8.0
1744243200000,2025-04-10T00:00:00+00:00,0.000077050000,8.0
1744272000000,2025-04-10T08:00:00+00:00,0.000001140000,8.0
1744300800000,2025-04-10T16:00:00+00:00,0.000067750000,8.0
1744329600001,2025-04-11T00:00:00.001000+00:00,0.000020650000,8.0
1744358400000,2025-04-11T08:00:00+00:00,-0.000042940000,8.0
1744387200000,2025-04-11T16:00:00+00:00,0.000032900000,8.0
1744416000000,2025-04-12T00:00:00+00:00,0.000036540000,8.0
1744444800001,2025-04-12T08:00:00.001000+00:00,0.000056400000,8.0
1744473600000,2025-04-12T16:00:00+00:00,0.000053880000,8.0
1744502400000,2025-04-13T00:00:00+00:00,0.000050570000,8.0
1744531200000,2025-04-13T08:00:00+00:00,0.000084290000,8.0
1744560000000,2025-04-13T16:00:00+00:00,0.000096420000,8.0
1744588800000,2025-04-14T00:00:00+00:00,0.000081130000,8.0
1744617600000,2025-04-14T08:00:00+00:00,0.000071270000,8.0
1744646400000,2025-04-14T16:00:00+00:00,0.000024280000,8.0
1744675200000,2025-04-15T00:00:00+00:00,-0.000020730000,8.0
1744704000000,2025-04-15T08:00:00+00:00,0.000066060000,8.0
1744732800001,2025-04-15T16:00:00.001000+00:00,0.000018830000,8.0
1744761600000,2025-04-16T00:00:00+00:00,0.000024280000,8.0
1744790400000,2025-04-16T08:00:00+00:00,0.000069170000,8.0
1744819200000,2025-04-16T16:00:00+00:00,0.000019780000,8.0
1744848000001,2025-04-17T00:00:00.001000+00:00,0.000014040000,8.0
1744876800000,2025-04-17T08:00:00+00:00,0.000056790000,8.0
1744905600001,2025-04-17T16:00:00.001000+00:00,0.000034250000,8.0
1744934400000,2025-04-18T00:00:00+00:00,0.000017880000,8.0
1744963200000,2025-04-18T08:00:00+00:00,0.000070710000,8.0
1744992000000,2025-04-18T16:00:00+00:00,0.000029950000,8.0
1745020800000,2025-04-19T00:00:00+00:00,0.000029300000,8.0
1745049600000,2025-04-19T08:00:00+00:00,0.000060240000,8.0
1745078400000,2025-04-19T16:00:00+00:00,-0.000019530000,8.0
1745107200000,2025-04-20T00:00:00+00:00,-0.000002980000,8.0
1745136000000,2025-04-20T08:00:00+00:00,-0.000010780000,8.0
1745164800000,2025-04-20T16:00:00+00:00,-0.000022580000,8.0
1745193600000,2025-04-21T00:00:00+00:00,0.000052320000,8.0
1745222400005,2025-04-21T08:00:00.005000+00:00,0.000054030000,8.0
1745251200003,2025-04-21T16:00:00.003000+00:00,0.000015530000,8.0
1745280000008,2025-04-22T00:00:00.008000+00:00,0.000077490000,8.0
1745308800000,2025-04-22T08:00:00+00:00,-0.000007440000,8.0
1745337600000,2025-04-22T16:00:00+00:00,-0.000070450000,8.0
1745366400000,2025-04-23T00:00:00+00:00,-0.000013890000,8.0
1745395200002,2025-04-23T08:00:00.002000+00:00,0.000013740000,8.0
1745424000000,2025-04-23T16:00:00+00:00,0.000045870000,8.0
1745452800000,2025-04-24T00:00:00+00:00,-0.000026710000,8.0
1745481600001,2025-04-24T08:00:00.001000+00:00,0.000052100000,8.0
1745510400001,2025-04-24T16:00:00.001000+00:00,-0.000021650000,8.0
1745539200007,2025-04-25T00:00:00.007000+00:00,-0.000017640000,8.0
1745568000002,2025-04-25T08:00:00.002000+00:00,0.000001700000,8.0
1745596800003,2025-04-25T16:00:00.003000+00:00,0.000001200000,8.0
1745625600002,2025-04-26T00:00:00.002000+00:00,-0.000100850000,8.0
1745654400000,2025-04-26T08:00:00+00:00,-0.000027740000,8.0
1745683200002,2025-04-26T16:00:00.002000+00:00,0.000028550000,8.0
1745712000001,2025-04-27T00:00:00.001000+00:00,-0.000015000000,8.0
1745740800000,2025-04-27T08:00:00+00:00,-0.000006600000,8.0
1745769600000,2025-04-27T16:00:00+00:00,-0.000004210000,8.0
1745798400001,2025-04-28T00:00:00.001000+00:00,0.000003730000,8.0
1745827200003,2025-04-28T08:00:00.003000+00:00,0.000002460000,8.0
1745856000005,2025-04-28T16:00:00.005000+00:00,-0.000058210000,8.0
1745884800000,2025-04-29T00:00:00+00:00,-0.000007730000,8.0
1745913600000,2025-04-29T08:00:00+00:00,0.000004130000,8.0
1745942400010,2025-04-29T16:00:00.010000+00:00,0.000013050000,8.0
1745971200001,2025-04-30T00:00:00.001000+00:00,-0.000051810000,8.0
1746000000000,2025-04-30T08:00:00+00:00,0.000029390000,8.0
1746028800003,2025-04-30T16:00:00.003000+00:00,-0.000037970000,8.0
1746057600000,2025-05-01T00:00:00+00:00,0.000035190000,8.0
1746086400000,2025-05-01T08:00:00+00:00,0.000057550000,8.0
1746115200001,2025-05-01T16:00:00.001000+00:00,-0.000080280000,8.0
1746144000000,2025-05-02T00:00:00+00:00,-0.000122320000,8.0
1746172800000,2025-05-02T08:00:00+00:00,-0.000093820000,8.0
1746201600003,2025-05-02T16:00:00.003000+00:00,-0.000086890000,8.0
1746230400000,2025-05-03T00:00:00+00:00,-0.000059530000,8.0
1746259200000,2025-05-03T08:00:00+00:00,0.000031980000,8.0
1746288000000,2025-05-03T16:00:00+00:00,-0.000014830000,8.0
1746316800001,2025-05-04T00:00:00.001000+00:00,0.000003700000,8.0
1746345600001,2025-05-04T08:00:00.001000+00:00,0.000032290000,8.0
1746374400002,2025-05-04T16:00:00.002000+00:00,0.000037450000,8.0
1746403200000,2025-05-05T00:00:00+00:00,-0.000024040000,8.0
1746432000000,2025-05-05T08:00:00+00:00,0.000036360000,8.0
1746460800006,2025-05-05T16:00:00.006000+00:00,-0.000022470000,8.0
1746489600002,2025-05-06T00:00:00.002000+00:00,0.000019780000,8.0
1746518400005,2025-05-06T08:00:00.005000+00:00,0.000044400000,8.0
1746547200000,2025-05-06T16:00:00+00:00,0.000007570000,8.0
1746576000002,2025-05-07T00:00:00.002000+00:00,0.000012180000,8.0
1746604800000,2025-05-07T08:00:00+00:00,-0.000000250000,8.0
1746633600006,2025-05-07T16:00:00.006000+00:00,0.000013200000,8.0
1746662400000,2025-05-08T00:00:00+00:00,0.000023180000,8.0
1746691200001,2025-05-08T08:00:00.001000+00:00,0.000046080000,8.0
1746720000002,2025-05-08T16:00:00.002000+00:00,0.000057280000,8.0
1746748800001,2025-05-09T00:00:00.001000+00:00,0.000100000000,8.0
1746777600006,2025-05-09T08:00:00.006000+00:00,0.000100000000,8.0
1746806400000,2025-05-09T16:00:00+00:00,0.000043780000,8.0
1746835200001,2025-05-10T00:00:00.001000+00:00,0.000096570000,8.0
1746864000000,2025-05-10T08:00:00+00:00,0.000100000000,8.0
1746892800001,2025-05-10T16:00:00.001000+00:00,0.000042570000,8.0
1746921600000,2025-05-11T00:00:00+00:00,0.000100000000,8.0
1746950400001,2025-05-11T08:00:00.001000+00:00,0.000041500000,8.0
1746979200001,2025-05-11T16:00:00.001000+00:00,0.000100000000,8.0
1747008000004,2025-05-12T00:00:00.004000+00:00,0.000044540000,8.0
1747036800000,2025-05-12T08:00:00+00:00,0.000100000000,8.0
1747065600000,2025-05-12T16:00:00+00:00,0.000023010000,8.0
1747094400000,2025-05-13T00:00:00+00:00,0.000068470000,8.0
1747123200008,2025-05-13T08:00:00.008000+00:00,0.000100000000,8.0
1747152000001,2025-05-13T16:00:00.001000+00:00,0.000072560000,8.0
1747180800007,2025-05-14T00:00:00.007000+00:00,0.000099210000,8.0
1747209600000,2025-05-14T08:00:00+00:00,0.000075420000,8.0
1747238400002,2025-05-14T16:00:00.002000+00:00,0.000031750000,8.0
1747267200000,2025-05-15T00:00:00+00:00,0.000029780000,8.0
1747296000003,2025-05-15T08:00:00.003000+00:00,0.000053360000,8.0
1747324800000,2025-05-15T16:00:00+00:00,0.000014390000,8.0
1747353600001,2025-05-16T00:00:00.001000+00:00,0.000045040000,8.0
1747382400000,2025-05-16T08:00:00+00:00,0.000075350000,8.0
1747411200000,2025-05-16T16:00:00+00:00,0.000047680000,8.0
1747440000000,2025-05-17T00:00:00+00:00,0.000028210000,8.0
1747468800001,2025-05-17T08:00:00.001000+00:00,0.000033400000,8.0
1747497600004,2025-05-17T16:00:00.004000+00:00,0.000005970000,8.0
1747526400000,2025-05-18T00:00:00+00:00,0.000067420000,8.0
1747555200000,2025-05-18T08:00:00+00:00,0.000059030000,8.0
1747584000000,2025-05-18T16:00:00+00:00,0.000100000000,8.0
1747612800000,2025-05-19T00:00:00+00:00,0.000059900000,8.0
1747641600006,2025-05-19T08:00:00.006000+00:00,0.000060400000,8.0
1747670400010,2025-05-19T16:00:00.010000+00:00,0.000021100000,8.0
1747699200000,2025-05-20T00:00:00+00:00,0.000083780000,8.0
1747728000002,2025-05-20T08:00:00.002000+00:00,0.000071070000,8.0
1747756800000,2025-05-20T16:00:00+00:00,0.000012660000,8.0
1747785600000,2025-05-21T00:00:00+00:00,0.000087670000,8.0
1747814400001,2025-05-21T08:00:00.001000+00:00,0.000071470000,8.0
1747843200004,2025-05-21T16:00:00.004000+00:00,0.000051190000,8.0
1747872000001,2025-05-22T00:00:00.001000+00:00,0.000100000000,8.0
1747900800000,2025-05-22T08:00:00+00:00,0.000100000000,8.0
1747929600002,2025-05-22T16:00:00.002000+00:00,0.000100000000,8.0
1747958400006,2025-05-23T00:00:00.006000+00:00,0.000093210000,8.0
1747987200000,2025-05-23T08:00:00+00:00,0.000072610000,8.0
1748016000007,2025-05-23T16:00:00.007000+00:00,0.000086140000,8.0
1748044800010,2025-05-24T00:00:00.010000+00:00,0.000035240000,8.0
1748073600000,2025-05-24T08:00:00+00:00,0.000045900000,8.0
1748102400003,2025-05-24T16:00:00.003000+00:00,0.000078370000,8.0
1748131200004,2025-05-25T00:00:00.004000+00:00,0.000097940000,8.0
1748160000000,2025-05-25T08:00:00+00:00,0.000051130000,8.0
1748188800000,2025-05-25T16:00:00+00:00,0.000036510000,8.0
1748217600000,2025-05-26T00:00:00+00:00,0.000073310000,8.0
1748246400000,2025-05-26T08:00:00+00:00,0.000100000000,8.0
1748275200002,2025-05-26T16:00:00.002000+00:00,0.000097820000,8.0
1748304000003,2025-05-27T00:00:00.003000+00:00,0.000076500000,8.0
1748332800001,2025-05-27T08:00:00.001000+00:00,0.000072660000,8.0
1748361600005,2025-05-27T16:00:00.005000+00:00,0.000024760000,8.0
1748390400002,2025-05-28T00:00:00.002000+00:00,0.000032600000,8.0
1748419200003,2025-05-28T08:00:00.003000+00:00,0.000021640000,8.0
1748448000002,2025-05-28T16:00:00.002000+00:00,0.000053680000,8.0
1748476800000,2025-05-29T00:00:00+00:00,0.000031860000,8.0
1748505600006,2025-05-29T08:00:00.006000+00:00,0.000028120000,8.0
1748534400000,2025-05-29T16:00:00+00:00,0.000083790000,8.0
1748563200003,2025-05-30T00:00:00.003000+00:00,0.000026220000,8.0
1748592000003,2025-05-30T08:00:00.003000+00:00,0.000038490000,8.0
1748620800000,2025-05-30T16:00:00+00:00,0.000073920000,8.0
1748649600000,2025-05-31T00:00:00+00:00,0.000085060000,8.0
1748678400000,2025-05-31T08:00:00+00:00,0.000075520000,8.0
1748707200000,2025-05-31T16:00:00+00:00,0.000046870000,8.0
1748736000001,2025-06-01T00:00:00.001000+00:00,-0.000005820000,8.0
1748764800002,2025-06-01T08:00:00.002000+00:00,0.000023350000,8.0
1748793600000,2025-06-01T16:00:00+00:00,0.000041170000,8.0
1748822400001,2025-06-02T00:00:00.001000+00:00,-0.000006420000,8.0
1748851200000,2025-06-02T08:00:00+00:00,0.000055930000,8.0
1748880000000,2025-06-02T16:00:00+00:00,0.000044670000,8.0
1748908800000,2025-06-03T00:00:00+00:00,0.000050050000,8.0
1748937600000,2025-06-03T08:00:00+00:00,0.000060660000,8.0
1748966400001,2025-06-03T16:00:00.001000+00:00,0.000044560000,8.0
1748995200000,2025-06-04T00:00:00+00:00,-0.000000110000,8.0
1749024000000,2025-06-04T08:00:00+00:00,0.000026110000,8.0
1749052800000,2025-06-04T16:00:00+00:00,0.000009620000,8.0
1749081600016,2025-06-05T00:00:00.016000+00:00,0.000000740000,8.0
1749110400000,2025-06-05T08:00:00+00:00,0.000028710000,8.0
1749139200000,2025-06-05T16:00:00+00:00,0.000051560000,8.0
1749168000002,2025-06-06T00:00:00.002000+00:00,-0.000034910000,8.0
1749196800000,2025-06-06T08:00:00+00:00,-0.000030300000,8.0
1749225600006,2025-06-06T16:00:00.006000+00:00,-0.000029950000,8.0
1749254400000,2025-06-07T00:00:00+00:00,-0.000028900000,8.0
1749283200000,2025-06-07T08:00:00+00:00,-0.000031580000,8.0
1749312000002,2025-06-07T16:00:00.002000+00:00,0.000002940000,8.0
1749340800000,2025-06-08T00:00:00+00:00,0.000048080000,8.0
1749369600000,2025-06-08T08:00:00+00:00,0.000056130000,8.0
1749398400000,2025-06-08T16:00:00+00:00,-0.000036020000,8.0
1749427200000,2025-06-09T00:00:00+00:00,-0.000021640000,8.0
1749456000001,2025-06-09T08:00:00.001000+00:00,0.000040240000,8.0
1749484800001,2025-06-09T16:00:00.001000+00:00,0.000030570000,8.0
1749513600000,2025-06-10T00:00:00+00:00,0.000063740000,8.0
1749542400001,2025-06-10T08:00:00.001000+00:00,0.000100000000,8.0
1749571200003,2025-06-10T16:00:00.003000+00:00,0.000081650000,8.0
1749600000000,2025-06-11T00:00:00+00:00,0.000087790000,8.0
1749628800000,2025-06-11T08:00:00+00:00,0.000083900000,8.0
1749657600010,2025-06-11T16:00:00.010000+00:00,0.000050390000,8.0
1749686400002,2025-06-12T00:00:00.002000+00:00,0.000018560000,8.0
1749715200003,2025-06-12T08:00:00.003000+00:00,0.000072470000,8.0
1749744000001,2025-06-12T16:00:00.001000+00:00,0.000011980000,8.0
1749772800000,2025-06-13T00:00:00+00:00,-0.000018010000,8.0
1749801600001,2025-06-13T08:00:00.001000+00:00,-0.000002700000,8.0
1749830400004,2025-06-13T16:00:00.004000+00:00,0.000038570000,8.0
1749859200000,2025-06-14T00:00:00+00:00,0.000019580000,8.0
1749888000000,2025-06-14T08:00:00+00:00,0.000038580000,8.0
1749916800000,2025-06-14T16:00:00+00:00,0.000011350000,8.0
1749945600005,2025-06-15T00:00:00.005000+00:00,-0.000036410000,8.0
1749974400009,2025-06-15T08:00:00.009000+00:00,0.000014390000,8.0
1750003200000,2025-06-15T16:00:00+00:00,0.000073690000,8.0
1750032000000,2025-06-16T00:00:00+00:00,0.000009360000,8.0
1750060800000,2025-06-16T08:00:00+00:00,0.000050700000,8.0
1750089600003,2025-06-16T16:00:00.003000+00:00,0.000027930000,8.0
1750118400000,2025-06-17T00:00:00+00:00,0.000018470000,8.0
1750147200006,2025-06-17T08:00:00.006000+00:00,0.000057760000,8.0
1750176000001,2025-06-17T16:00:00.001000+00:00,0.000022110000,8.0
1750204800001,2025-06-18T00:00:00.001000+00:00,-0.000017520000,8.0
1750233600001,2025-06-18T08:00:00.001000+00:00,0.000036950000,8.0
1750262400001,2025-06-18T16:00:00.001000+00:00,0.000066920000,8.0
1750291200005,2025-06-19T00:00:00.005000+00:00,0.000008450000,8.0
1750320000003,2025-06-19T08:00:00.003000+00:00,0.000006160000,8.0
1750348800000,2025-06-19T16:00:00+00:00,0.000023960000,8.0
1750377600000,2025-06-20T00:00:00+00:00,0.000035650000,8.0
1750406400002,2025-06-20T08:00:00.002000+00:00,0.000078620000,8.0
1750435200001,2025-06-20T16:00:00.001000+00:00,0.000024000000,8.0
1750464000002,2025-06-21T00:00:00.002000+00:00,0.000039770000,8.0
1750492800005,2025-06-21T08:00:00.005000+00:00,0.000019330000,8.0
1750521600000,2025-06-21T16:00:00+00:00,0.000074400000,8.0
1750550400005,2025-06-22T00:00:00.005000+00:00,0.000028830000,8.0
1750579200000,2025-06-22T08:00:00+00:00,0.000100000000,8.0
1750608000003,2025-06-22T16:00:00.003000+00:00,0.000041450000,8.0
1750636800000,2025-06-23T00:00:00+00:00,-0.000010610000,8.0
1750665600004,2025-06-23T08:00:00.004000+00:00,-0.000028090000,8.0
1750694400013,2025-06-23T16:00:00.013000+00:00,0.000048890000,8.0
1750723200003,2025-06-24T00:00:00.003000+00:00,0.000012450000,8.0
1750752000000,2025-06-24T08:00:00+00:00,0.000012180000,8.0
1750780800000,2025-06-24T16:00:00+00:00,0.000004470000,8.0
1750809600005,2025-06-25T00:00:00.005000+00:00,-0.000031740000,8.0
1750838400000,2025-06-25T08:00:00+00:00,0.000027470000,8.0
1750867200005,2025-06-25T16:00:00.005000+00:00,0.000009620000,8.0
1750896000000,2025-06-26T00:00:00+00:00,0.000001410000,8.0
1750924800006,2025-06-26T08:00:00.006000+00:00,0.000038050000,8.0
1750953600007,2025-06-26T16:00:00.007000+00:00,0.000006820000,8.0
1750982400000,2025-06-27T00:00:00+00:00,0.000011130000,8.0
1751011200000,2025-06-27T08:00:00+00:00,0.000026630000,8.0
1751040000009,2025-06-27T16:00:00.009000+00:00,0.000025570000,8.0
1751068800001,2025-06-28T00:00:00.001000+00:00,-0.000011610000,8.0
1751097600002,2025-06-28T08:00:00.002000+00:00,0.000060530000,8.0
1751126400000,2025-06-28T16:00:00+00:00,0.000044340000,8.0
1751155200004,2025-06-29T00:00:00.004000+00:00,0.000012500000,8.0
1751184000001,2025-06-29T08:00:00.001000+00:00,0.000053600000,8.0
1751212800001,2025-06-29T16:00:00.001000+00:00,0.000100000000,8.0
1751241600000,2025-06-30T00:00:00+00:00,0.000010840000,8.0
1751270400005,2025-06-30T08:00:00.005000+00:00,0.000029590000,8.0
1751299200002,2025-06-30T16:00:00.002000+00:00,0.000049230000,8.0
1751328000007,2025-07-01T00:00:00.007000+00:00,0.000010530000,8.0
1751356800002,2025-07-01T08:00:00.002000+00:00,0.000043340000,8.0
1751385600000,2025-07-01T16:00:00+00:00,0.000011090000,8.0
1751414400001,2025-07-02T00:00:00.001000+00:00,0.000018070000,8.0
1751443200000,2025-07-02T08:00:00+00:00,0.000034030000,8.0
1751472000003,2025-07-02T16:00:00.003000+00:00,0.000041300000,8.0
1751500800006,2025-07-03T00:00:00.006000+00:00,0.000048710000,8.0
1751529600003,2025-07-03T08:00:00.003000+00:00,0.000035620000,8.0
1751558400003,2025-07-03T16:00:00.003000+00:00,0.000050280000,8.0
1751587200005,2025-07-04T00:00:00.005000+00:00,0.000052300000,8.0
1751616000003,2025-07-04T08:00:00.003000+00:00,0.000050090000,8.0
1751644800001,2025-07-04T16:00:00.001000+00:00,0.000017970000,8.0
1751673600004,2025-07-05T00:00:00.004000+00:00,0.000010660000,8.0
1751702400009,2025-07-05T08:00:00.009000+00:00,0.000030550000,8.0
1751731200006,2025-07-05T16:00:00.006000+00:00,0.000040050000,8.0
1751760000001,2025-07-06T00:00:00.001000+00:00,0.000019410000,8.0
1751788800002,2025-07-06T08:00:00.002000+00:00,0.000016650000,8.0
1751817600004,2025-07-06T16:00:00.004000+00:00,0.000010280000,8.0
1751846400000,2025-07-07T00:00:00+00:00,0.000023600000,8.0
1751875200007,2025-07-07T08:00:00.007000+00:00,0.000034380000,8.0
1751904000000,2025-07-07T16:00:00+00:00,0.000042710000,8.0
1751932800010,2025-07-08T00:00:00.010000+00:00,0.000010730000,8.0
1751961600003,2025-07-08T08:00:00.003000+00:00,0.000045630000,8.0
1751990400000,2025-07-08T16:00:00+00:00,0.000036010000,8.0
1752019200002,2025-07-09T00:00:00.002000+00:00,0.000030930000,8.0
1752048000006,2025-07-09T08:00:00.006000+00:00,0.000033960000,8.0
1752076800001,2025-07-09T16:00:00.001000+00:00,0.000042530000,8.0
1752105600003,2025-07-10T00:00:00.003000+00:00,0.000100000000,8.0
1752134400000,2025-07-10T08:00:00+00:00,0.000085230000,8.0
1752163200004,2025-07-10T16:00:00.004000+00:00,0.000019080000,8.0
1752192000004,2025-07-11T00:00:00.004000+00:00,0.000100000000,8.0
1752220800007,2025-07-11T08:00:00.007000+00:00,0.000100000000,8.0
1752249600001,2025-07-11T16:00:00.001000+00:00,0.000100000000,8.0
1752278400000,2025-07-12T00:00:00+00:00,0.000100000000,8.0
1752307200001,2025-07-12T08:00:00.001000+00:00,0.000100000000,8.0
1752336000002,2025-07-12T16:00:00.002000+00:00,0.000100000000,8.0
1752364800006,2025-07-13T00:00:00.006000+00:00,0.000100000000,8.0
1752393600001,2025-07-13T08:00:00.001000+00:00,0.000100000000,8.0
1752422400003,2025-07-13T16:00:00.003000+00:00,0.000100000000,8.0
1752451200000,2025-07-14T00:00:00+00:00,0.000080510000,8.0
1752480000000,2025-07-14T08:00:00+00:00,0.000100000000,8.0
1752508800000,2025-07-14T16:00:00+00:00,0.000100000000,8.0
1752537600002,2025-07-15T00:00:00.002000+00:00,0.000100000000,8.0
1752566400000,2025-07-15T08:00:00+00:00,0.000100000000,8.0
1752595200000,2025-07-15T16:00:00+00:00,0.000100000000,8.0
1752624000000,2025-07-16T00:00:00+00:00,0.000100000000,8.0
1752652800000,2025-07-16T08:00:00+00:00,0.000100000000,8.0
1752681600008,2025-07-16T16:00:00.008000+00:00,0.000100000000,8.0
1752710400003,2025-07-17T00:00:00.003000+00:00,0.000100000000,8.0
1752739200000,2025-07-17T08:00:00+00:00,0.000100000000,8.0
1752768000000,2025-07-17T16:00:00+00:00,0.000100000000,8.0
1752796800004,2025-07-18T00:00:00.004000+00:00,0.000100000000,8.0
1752825600000,2025-07-18T08:00:00+00:00,0.000100000000,8.0
1752854400000,2025-07-18T16:00:00+00:00,0.000100000000,8.0
1752883200009,2025-07-19T00:00:00.009000+00:00,0.000100000000,8.0
1752912000000,2025-07-19T08:00:00+00:00,0.000100000000,8.0
1752940800002,2025-07-19T16:00:00.002000+00:00,0.000100000000,8.0
1752969600000,2025-07-20T00:00:00+00:00,0.000100000000,8.0
1752998400000,2025-07-20T08:00:00+00:00,0.000100000000,8.0
1753027200000,2025-07-20T16:00:00+00:00,0.000100000000,8.0
1753056000001,2025-07-21T00:00:00.001000+00:00,0.000100000000,8.0
1753084800000,2025-07-21T08:00:00+00:00,0.000100000000,8.0
1753113600001,2025-07-21T16:00:00.001000+00:00,0.000100000000,8.0
1753142400000,2025-07-22T00:00:00+00:00,0.000100000000,8.0
1753171200010,2025-07-22T08:00:00.010000+00:00,0.000100000000,8.0
1753200000007,2025-07-22T16:00:00.007000+00:00,0.000100000000,8.0
1753228800000,2025-07-23T00:00:00+00:00,0.000100000000,8.0
1753257600004,2025-07-23T08:00:00.004000+00:00,0.000100000000,8.0
1753286400002,2025-07-23T16:00:00.002000+00:00,0.000100000000,8.0
1753315200000,2025-07-24T00:00:00+00:00,0.000100000000,8.0
1753344000001,2025-07-24T08:00:00.001000+00:00,0.000100000000,8.0
1753372800000,2025-07-24T16:00:00+00:00,0.000100000000,8.0
1753401600000,2025-07-25T00:00:00+00:00,0.000100000000,8.0
1753430400000,2025-07-25T08:00:00+00:00,0.000100000000,8.0
1753459200000,2025-07-25T16:00:00+00:00,0.000100000000,8.0
1753488000001,2025-07-26T00:00:00.001000+00:00,0.000100000000,8.0
1753516800005,2025-07-26T08:00:00.005000+00:00,0.000100000000,8.0
1753545600001,2025-07-26T16:00:00.001000+00:00,0.000100000000,8.0
1753574400001,2025-07-27T00:00:00.001000+00:00,0.000100000000,8.0
1753603200000,2025-07-27T08:00:00+00:00,0.000100000000,8.0
1753632000008,2025-07-27T16:00:00.008000+00:00,0.000100000000,8.0
1753660800005,2025-07-28T00:00:00.005000+00:00,0.000100000000,8.0
1753689600000,2025-07-28T08:00:00+00:00,0.000100000000,8.0
1753718400000,2025-07-28T16:00:00+00:00,0.000100000000,8.0
1753747200001,2025-07-29T00:00:00.001000+00:00,0.000100000000,8.0
1753776000000,2025-07-29T08:00:00+00:00,0.000100000000,8.0
1753804800000,2025-07-29T16:00:00+00:00,0.000100000000,8.0
1753833600011,2025-07-30T00:00:00.011000+00:00,0.000100000000,8.0
1753862400000,2025-07-30T08:00:00+00:00,0.000100000000,8.0
1753891200008,2025-07-30T16:00:00.008000+00:00,0.000100000000,8.0
1753920000000,2025-07-31T00:00:00+00:00,0.000056940000,8.0
1753948800009,2025-07-31T08:00:00.009000+00:00,0.000100000000,8.0
1753977600000,2025-07-31T16:00:00+00:00,0.000100000000,8.0
1754006400001,2025-08-01T00:00:00.001000+00:00,-0.000014080000,8.0
1754035200003,2025-08-01T08:00:00.003000+00:00,0.000015490000,8.0
1754064000000,2025-08-01T16:00:00+00:00,0.000056810000,8.0
1754092800004,2025-08-02T00:00:00.004000+00:00,0.000048100000,8.0
1754121600000,2025-08-02T08:00:00+00:00,0.000008940000,8.0
1754150400000,2025-08-02T16:00:00+00:00,0.000044370000,8.0
1754179200000,2025-08-03T00:00:00+00:00,0.000056330000,8.0
1754208000000,2025-08-03T08:00:00+00:00,0.000045330000,8.0
1754236800003,2025-08-03T16:00:00.003000+00:00,0.000075040000,8.0
1754265600004,2025-08-04T00:00:00.004000+00:00,0.000041880000,8.0
1754294400000,2025-08-04T08:00:00+00:00,0.000057190000,8.0
1754323200002,2025-08-04T16:00:00.002000+00:00,0.000039120000,8.0
1754352000000,2025-08-05T00:00:00+00:00,0.000071010000,8.0
1754380800000,2025-08-05T08:00:00+00:00,0.000085890000,8.0
1754409600000,2025-08-05T16:00:00+00:00,0.000047840000,8.0
1754438400005,2025-08-06T00:00:00.005000+00:00,0.000051720000,8.0
1754467200000,2025-08-06T08:00:00+00:00,0.000092750000,8.0
1754496000000,2025-08-06T16:00:00+00:00,0.000082880000,8.0
1754524800003,2025-08-07T00:00:00.003000+00:00,0.000048430000,8.0
1754553600002,2025-08-07T08:00:00.002000+00:00,0.000075740000,8.0
1754582400002,2025-08-07T16:00:00.002000+00:00,0.000062750000,8.0
1754611200002,2025-08-08T00:00:00.002000+00:00,0.000024030000,8.0
1754640000004,2025-08-08T08:00:00.004000+00:00,0.000017290000,8.0
1754668800000,2025-08-08T16:00:00+00:00,0.000079730000,8.0
1754697600005,2025-08-09T00:00:00.005000+00:00,0.000088350000,8.0
1754726400000,2025-08-09T08:00:00+00:00,0.000090870000,8.0
1754755200007,2025-08-09T16:00:00.007000+00:00,0.000051510000,8.0
1754784000003,2025-08-10T00:00:00.003000+00:00,0.000098490000,8.0
1754812800005,2025-08-10T08:00:00.005000+00:00,0.000100000000,8.0
1754841600002,2025-08-10T16:00:00.002000+00:00,0.000100000000,8.0
1754870400000,2025-08-11T00:00:00+00:00,0.000100000000,8.0
1754899200000,2025-08-11T08:00:00+00:00,0.000100000000,8.0
1754928000000,2025-08-11T16:00:00+00:00,0.000100000000,8.0
1754956800000,2025-08-12T00:00:00+00:00,0.000100000000,8.0
1754985600001,2025-08-12T08:00:00.001000+00:00,0.000079880000,8.0
1755014400005,2025-08-12T16:00:00.005000+00:00,0.000085430000,8.0
1755043200000,2025-08-13T00:00:00+00:00,0.000071230000,8.0
1755072000002,2025-08-13T08:00:00.002000+00:00,0.000100000000,8.0
1755100800006,2025-08-13T16:00:00.006000+00:00,0.000100000000,8.0
1755129600002,2025-08-14T00:00:00.002000+00:00,0.000100000000,8.0
1755158400003,2025-08-14T08:00:00.003000+00:00,0.000100000000,8.0
1755187200000,2025-08-14T16:00:00+00:00,0.000100000000,8.0
1755216000000,2025-08-15T00:00:00+00:00,0.000019390000,8.0
1755244800000,2025-08-15T08:00:00+00:00,0.000079900000,8.0
1755273600000,2025-08-15T16:00:00+00:00,0.000037220000,8.0
1755302400004,2025-08-16T00:00:00.004000+00:00,0.000088500000,8.0
1755331200000,2025-08-16T08:00:00+00:00,0.000082680000,8.0
1755360000002,2025-08-16T16:00:00.002000+00:00,0.000090230000,8.0
1755388800000,2025-08-17T00:00:00+00:00,0.000082060000,8.0
1755417600001,2025-08-17T08:00:00.001000+00:00,0.000046800000,8.0
1755446400007,2025-08-17T16:00:00.007000+00:00,0.000018620000,8.0
1755475200000,2025-08-18T00:00:00+00:00,0.000028460000,8.0
1755504000001,2025-08-18T08:00:00.001000+00:00,-0.000006820000,8.0
1755532800002,2025-08-18T16:00:00.002000+00:00,0.000052960000,8.0
1755561600000,2025-08-19T00:00:00+00:00,0.000071370000,8.0
1755590400001,2025-08-19T08:00:00.001000+00:00,0.000062620000,8.0
1755619200000,2025-08-19T16:00:00+00:00,0.000031670000,8.0
1755648000000,2025-08-20T00:00:00+00:00,0.000045430000,8.0
1755676800000,2025-08-20T08:00:00+00:00,0.000013640000,8.0
1755705600000,2025-08-20T16:00:00+00:00,0.000049360000,8.0
1755734400006,2025-08-21T00:00:00.006000+00:00,0.000011430000,8.0
1755763200000,2025-08-21T08:00:00+00:00,0.000077570000,8.0
1755792000003,2025-08-21T16:00:00.003000+00:00,0.000074140000,8.0
1755820800010,2025-08-22T00:00:00.010000+00:00,0.000072960000,8.0
1755849600007,2025-08-22T08:00:00.007000+00:00,0.000100000000,8.0
1755878400001,2025-08-22T16:00:00.001000+00:00,0.000058670000,8.0
1755907200004,2025-08-23T00:00:00.004000+00:00,0.000100000000,8.0
1755936000006,2025-08-23T08:00:00.006000+00:00,0.000100000000,8.0
1755964800000,2025-08-23T16:00:00+00:00,0.000097110000,8.0
1755993600001,2025-08-24T00:00:00.001000+00:00,0.000100000000,8.0
1756022400002,2025-08-24T08:00:00.002000+00:00,0.000100000000,8.0
1756051200001,2025-08-24T16:00:00.001000+00:00,0.000100000000,8.0
1756080000000,2025-08-25T00:00:00+00:00,0.000100000000,8.0
1756108800002,2025-08-25T08:00:00.002000+00:00,0.000100000000,8.0
1756137600002,2025-08-25T16:00:00.002000+00:00,0.000083440000,8.0
1756166400000,2025-08-26T00:00:00+00:00,0.000045220000,8.0
1756195200000,2025-08-26T08:00:00+00:00,0.000039000000,8.0
1756224000000,2025-08-26T16:00:00+00:00,0.000100000000,8.0
1756252800003,2025-08-27T00:00:00.003000+00:00,0.000018020000,8.0
1756281600000,2025-08-27T08:00:00+00:00,0.000055030000,8.0
1756310400009,2025-08-27T16:00:00.009000+00:00,0.000034960000,8.0
1756339200000,2025-08-28T00:00:00+00:00,0.000052970000,8.0
1756368000005,2025-08-28T08:00:00.005000+00:00,0.000096930000,8.0
1756396800004,2025-08-28T16:00:00.004000+00:00,0.000075120000,8.0
1756425600000,2025-08-29T00:00:00+00:00,0.000042610000,8.0
1756454400000,2025-08-29T08:00:00+00:00,0.000058560000,8.0
1756483200005,2025-08-29T16:00:00.005000+00:00,0.000006440000,8.0
1756512000000,2025-08-30T00:00:00+00:00,0.000075230000,8.0
1756540800002,2025-08-30T08:00:00.002000+00:00,0.000079790000,8.0
1756569600003,2025-08-30T16:00:00.003000+00:00,0.000080420000,8.0
1756598400016,2025-08-31T00:00:00.016000+00:00,-0.000012320000,8.0
1756627200000,2025-08-31T08:00:00+00:00,0.000047490000,8.0
1756656000001,2025-08-31T16:00:00.001000+00:00,0.000100000000,8.0
1756684800000,2025-09-01T00:00:00+00:00,0.000046600000,8.0
1756713600000,2025-09-01T08:00:00+00:00,0.000100000000,8.0
1756742400001,2025-09-01T16:00:00.001000+00:00,0.000049630000,8.0
1756771200000,2025-09-02T00:00:00+00:00,0.000069460000,8.0
1756800000005,2025-09-02T08:00:00.005000+00:00,0.000088050000,8.0
1756828800007,2025-09-02T16:00:00.007000+00:00,0.000063560000,8.0
1756857600006,2025-09-03T00:00:00.006000+00:00,0.000007670000,8.0
1756886400002,2025-09-03T08:00:00.002000+00:00,0.000051270000,8.0
1756915200002,2025-09-03T16:00:00.002000+00:00,0.000023440000,8.0
1756944000002,2025-09-04T00:00:00.002000+00:00,0.000018080000,8.0
1756972800000,2025-09-04T08:00:00+00:00,0.000043850000,8.0
1757001600000,2025-09-04T16:00:00+00:00,0.000079410000,8.0
1757030400001,2025-09-05T00:00:00.001000+00:00,0.000075320000,8.0
1757059200006,2025-09-05T08:00:00.006000+00:00,0.000100000000,8.0
1757088000000,2025-09-05T16:00:00+00:00,0.000078720000,8.0
1757116800000,2025-09-06T00:00:00+00:00,0.000012970000,8.0
1757145600005,2025-09-06T08:00:00.005000+00:00,0.000056600000,8.0
1757174400000,2025-09-06T16:00:00+00:00,0.000051100000,8.0
1757203200000,2025-09-07T00:00:00+00:00,0.000019700000,8.0
1757232000000,2025-09-07T08:00:00+00:00,0.000036110000,8.0
1757260800000,2025-09-07T16:00:00+00:00,0.000069690000,8.0
1757289600007,2025-09-08T00:00:00.007000+00:00,0.000094040000,8.0
1757318400000,2025-09-08T08:00:00+00:00,0.000066820000,8.0
1757347200000,2025-09-08T16:00:00+00:00,0.000073110000,8.0
1757376000000,2025-09-09T00:00:00+00:00,0.000037990000,8.0
1757404800000,2025-09-09T08:00:00+00:00,0.000100000000,8.0
1757433600000,2025-09-09T16:00:00+00:00,0.000100000000,8.0
1757462400000,2025-09-10T00:00:00+00:00,0.000058050000,8.0
1757491200002,2025-09-10T08:00:00.002000+00:00,0.000050260000,8.0
1757520000000,2025-09-10T16:00:00+00:00,0.000100000000,8.0
1757548800000,2025-09-11T00:00:00+00:00,0.000058430000,8.0
1757577600000,2025-09-11T08:00:00+00:00,0.000042830000,8.0
1757606400001,2025-09-11T16:00:00.001000+00:00,0.000033260000,8.0
1757635200002,2025-09-12T00:00:00.002000+00:00,0.000061370000,8.0
1757664000001,2025-09-12T08:00:00.001000+00:00,0.000037680000,8.0
1757692800005,2025-09-12T16:00:00.005000+00:00,0.000068910000,8.0
1757721600005,2025-09-13T00:00:00.005000+00:00,-0.000015540000,8.0
1757750400002,2025-09-13T08:00:00.002000+00:00,0.000022510000,8.0
1757779200000,2025-09-13T16:00:00+00:00,0.000031370000,8.0
1757808000006,2025-09-14T00:00:00.006000+00:00,0.000081820000,8.0
1757836800000,2025-09-14T08:00:00+00:00,0.000047800000,8.0
1757865600001,2025-09-14T16:00:00.001000+00:00,0.000031150000,8.0
1757894400006,2025-09-15T00:00:00.006000+00:00,0.000062070000,8.0
1757923200002,2025-09-15T08:00:00.002000+00:00,0.000082590000,8.0
1757952000001,2025-09-15T16:00:00.001000+00:00,0.000081890000,8.0
1757980800001,2025-09-16T00:00:00.001000+00:00,0.000009970000,8.0
1758009600000,2025-09-16T08:00:00+00:00,0.000069910000,8.0
1758038400000,2025-09-16T16:00:00+00:00,0.000064720000,8.0
1758067200001,2025-09-17T00:00:00.001000+00:00,0.000069720000,8.0
1758096000000,2025-09-17T08:00:00+00:00,0.000084410000,8.0
1758124800003,2025-09-17T16:00:00.003000+00:00,0.000063030000,8.0
1758153600006,2025-09-18T00:00:00.006000+00:00,0.000049410000,8.0
1758182400002,2025-09-18T08:00:00.002000+00:00,0.000089280000,8.0
1758211200000,2025-09-18T16:00:00+00:00,0.000042080000,8.0
1758240000000,2025-09-19T00:00:00+00:00,-0.000002310000,8.0
1758268800005,2025-09-19T08:00:00.005000+00:00,0.000021090000,8.0
1758297600000,2025-09-19T16:00:00+00:00,0.000052640000,8.0
1758326400000,2025-09-20T00:00:00+00:00,0.000037570000,8.0
1758355200000,2025-09-20T08:00:00+00:00,-0.000000270000,8.0
1758384000002,2025-09-20T16:00:00.002000+00:00,-0.000010060000,8.0
1758412800000,2025-09-21T00:00:00+00:00,-0.000053220000,8.0
1758441600000,2025-09-21T08:00:00+00:00,0.000025630000,8.0
1758470400000,2025-09-21T16:00:00+00:00,0.000037420000,8.0
1758499200005,2025-09-22T00:00:00.005000+00:00,0.000066650000,8.0
1758528000003,2025-09-22T08:00:00.003000+00:00,0.000017430000,8.0
1758556800000,2025-09-22T16:00:00+00:00,0.000048380000,8.0
1758585600000,2025-09-23T00:00:00+00:00,0.000070620000,8.0
1758614400001,2025-09-23T08:00:00.001000+00:00,0.000070830000,8.0
1758643200000,2025-09-23T16:00:00+00:00,0.000074780000,8.0
1758672000003,2025-09-24T00:00:00.003000+00:00,0.000057940000,8.0
1758700800001,2025-09-24T08:00:00.001000+00:00,0.000062670000,8.0
1758729600002,2025-09-24T16:00:00.002000+00:00,0.000048860000,8.0
1758758400000,2025-09-25T00:00:00+00:00,-0.000002200000,8.0
1758787200001,2025-09-25T08:00:00.001000+00:00,0.000017300000,8.0
1758816000000,2025-09-25T16:00:00+00:00,0.000095600000,8.0
1758844800000,2025-09-26T00:00:00+00:00,0.000031430000,8.0
1758873600000,2025-09-26T08:00:00+00:00,0.000043600000,8.0
1758902400008,2025-09-26T16:00:00.008000+00:00,0.000077160000,8.0
1758931200000,2025-09-27T00:00:00+00:00,-0.000000100000,8.0
1758960000010,2025-09-27T08:00:00.010000+00:00,0.000034250000,8.0
1758988800003,2025-09-27T16:00:00.003000+00:00,0.000078210000,8.0
1759017600000,2025-09-28T00:00:00+00:00,0.000033140000,8.0
1759046400000,2025-09-28T08:00:00+00:00,0.000049760000,8.0
1759075200000,2025-09-28T16:00:00+00:00,0.000052610000,8.0
1759104000000,2025-09-29T00:00:00+00:00,0.000023120000,8.0
1759132800002,2025-09-29T08:00:00.002000+00:00,0.000013040000,8.0
1759161600001,2025-09-29T16:00:00.001000+00:00,0.000000320000,8.0
1759190400002,2025-09-30T00:00:00.002000+00:00,0.000023530000,8.0
1759219200005,2025-09-30T08:00:00.005000+00:00,0.000058930000,8.0
1759248000000,2025-09-30T16:00:00+00:00,0.000025840000,8.0
1759276800000,2025-10-01T00:00:00+00:00,0.000033550000,8.0
1759305600000,2025-10-01T08:00:00+00:00,0.000034570000,8.0
1759334400000,2025-10-01T16:00:00+00:00,0.000100000000,8.0
1759363200000,2025-10-02T00:00:00+00:00,0.000077840000,8.0
1759392000013,2025-10-02T08:00:00.013000+00:00,0.000100000000,8.0
1759420800000,2025-10-02T16:00:00+00:00,0.000095430000,8.0
1759449600006,2025-10-03T00:00:00.006000+00:00,0.000099260000,8.0
1759478400006,2025-10-03T08:00:00.006000+00:00,0.000100000000,8.0
1759507200000,2025-10-03T16:00:00+00:00,0.000100000000,8.0
1759536000001,2025-10-04T00:00:00.001000+00:00,0.000100000000,8.0
1759564800000,2025-10-04T08:00:00+00:00,0.000100000000,8.0
1759593600000,2025-10-04T16:00:00+00:00,0.000083120000,8.0
1759622400000,2025-10-05T00:00:00+00:00,0.000086480000,8.0
1759651200003,2025-10-05T08:00:00.003000+00:00,0.000100000000,8.0
1759680000009,2025-10-05T16:00:00.009000+00:00,0.000095660000,8.0
1759708800004,2025-10-06T00:00:00.004000+00:00,0.000076720000,8.0
1759737600002,2025-10-06T08:00:00.002000+00:00,0.000097080000,8.0
1759766400004,2025-10-06T16:00:00.004000+00:00,0.000058310000,8.0
1759795200000,2025-10-07T00:00:00+00:00,0.000100000000,8.0
1759824000003,2025-10-07T08:00:00.003000+00:00,0.000086080000,8.0
1759852800000,2025-10-07T16:00:00+00:00,0.000061940000,8.0
1759881600000,2025-10-08T00:00:00+00:00,0.000025420000,8.0
1759910400006,2025-10-08T08:00:00.006000+00:00,0.000100000000,8.0
1759939200002,2025-10-08T16:00:00.002000+00:00,0.000053960000,8.0
1759968000001,2025-10-09T00:00:00.001000+00:00,0.000013440000,8.0
1759996800000,2025-10-09T08:00:00+00:00,0.000053500000,8.0
1760025600000,2025-10-09T16:00:00+00:00,0.000014550000,8.0
1760054400005,2025-10-10T00:00:00.005000+00:00,0.000007850000,8.0
1760083200002,2025-10-10T08:00:00.002000+00:00,0.000038790000,8.0
1760112000014,2025-10-10T16:00:00.014000+00:00,0.000010130000,8.0
1760140800000,2025-10-11T00:00:00+00:00,0.000100000000,8.0
1760169600003,2025-10-11T08:00:00.003000+00:00,0.000100000000,8.0
1760198400000,2025-10-11T16:00:00+00:00,0.000004670000,8.0
1760227200004,2025-10-12T00:00:00.004000+00:00,-0.000030550000,8.0
1760256000002,2025-10-12T08:00:00.002000+00:00,0.000028650000,8.0
1760284800000,2025-10-12T16:00:00+00:00,-0.000109150000,8.0
1760313600003,2025-10-13T00:00:00.003000+00:00,-0.000039420000,8.0
1760342400002,2025-10-13T08:00:00.002000+00:00,0.000025190000,8.0
1760371200003,2025-10-13T16:00:00.003000+00:00,-0.000023050000,8.0
1760400000000,2025-10-14T00:00:00+00:00,-0.000040410000,8.0
1760428800000,2025-10-14T08:00:00+00:00,0.000007120000,8.0
1760457600000,2025-10-14T16:00:00+00:00,-0.000044980000,8.0
1760486400006,2025-10-15T00:00:00.006000+00:00,-0.000054250000,8.0
1760515200002,2025-10-15T08:00:00.002000+00:00,0.000039730000,8.0
1760544000000,2025-10-15T16:00:00+00:00,0.000002250000,8.0
1760572800000,2025-10-16T00:00:00+00:00,-0.000027410000,8.0
1760601600003,2025-10-16T08:00:00.003000+00:00,-0.000022300000,8.0
1760630400002,2025-10-16T16:00:00.002000+00:00,-0.000030040000,8.0
1760659200001,2025-10-17T00:00:00.001000+00:00,-0.000002850000,8.0
1760688000005,2025-10-17T08:00:00.005000+00:00,-0.000006340000,8.0
1760716800003,2025-10-17T16:00:00.003000+00:00,-0.000002910000,8.0
1760745600000,2025-10-18T00:00:00+00:00,-0.000048190000,8.0
1760774400002,2025-10-18T08:00:00.002000+00:00,-0.000063760000,8.0
1760803200001,2025-10-18T16:00:00.001000+00:00,-0.000036810000,8.0
1760832000001,2025-10-19T00:00:00.001000+00:00,-0.000014110000,8.0
1760860800001,2025-10-19T08:00:00.001000+00:00,0.000015120000,8.0
1760889600001,2025-10-19T16:00:00.001000+00:00,0.000027870000,8.0
1760918400004,2025-10-20T00:00:00.004000+00:00,-0.000021970000,8.0
1760947200001,2025-10-20T08:00:00.001000+00:00,-0.000006650000,8.0
1760976000000,2025-10-20T16:00:00+00:00,-0.000000180000,8.0
1761004800009,2025-10-21T00:00:00.009000+00:00,-0.000055670000,8.0
1761033600000,2025-10-21T08:00:00+00:00,0.000022220000,8.0
1761062400000,2025-10-21T16:00:00+00:00,-0.000025060000,8.0
1761091200004,2025-10-22T00:00:00.004000+00:00,-0.000042120000,8.0
1761120000000,2025-10-22T08:00:00+00:00,0.000024450000,8.0
1761148800000,2025-10-22T16:00:00+00:00,0.000057020000,8.0
1761177600000,2025-10-23T00:00:00+00:00,0.000089110000,8.0
1761206400001,2025-10-23T08:00:00.001000+00:00,0.000026730000,8.0
1761235200004,2025-10-23T16:00:00.004000+00:00,0.000039330000,8.0
1761264000000,2025-10-24T00:00:00+00:00,0.000033910000,8.0
1761292800000,2025-10-24T08:00:00+00:00,0.000017830000,8.0
1761321600009,2025-10-24T16:00:00.009000+00:00,0.000032240000,8.0
1761350400000,2025-10-25T00:00:00+00:00,0.000050200000,8.0
1761379200001,2025-10-25T08:00:00.001000+00:00,0.000014840000,8.0
1761408000001,2025-10-25T16:00:00.001000+00:00,0.000055700000,8.0
1761436800001,2025-10-26T00:00:00.001000+00:00,0.000019030000,8.0
1761465600001,2025-10-26T08:00:00.001000+00:00,0.000005350000,8.0
1761494400000,2025-10-26T16:00:00+00:00,0.000069040000,8.0
1761523200000,2025-10-27T00:00:00+00:00,0.000100000000,8.0
1761552000005,2025-10-27T08:00:00.005000+00:00,0.000100000000,8.0
1761580800000,2025-10-27T16:00:00+00:00,0.000073040000,8.0
1761609600000,2025-10-28T00:00:00+00:00,0.000060590000,8.0
1761638400000,2025-10-28T08:00:00+00:00,0.000078060000,8.0
1761667200004,2025-10-28T16:00:00.004000+00:00,0.000029920000,8.0
1761696000004,2025-10-29T00:00:00.004000+00:00,-0.000000320000,8.0
1761724800005,2025-10-29T08:00:00.005000+00:00,0.000035880000,8.0
1761753600000,2025-10-29T16:00:00+00:00,0.000050030000,8.0
1761782400004,2025-10-30T00:00:00.004000+00:00,0.000010970000,8.0
1761811200008,2025-10-30T08:00:00.008000+00:00,0.000034490000,8.0
1761840000001,2025-10-30T16:00:00.001000+00:00,0.000035620000,8.0
1761868800000,2025-10-31T00:00:00+00:00,0.000002130000,8.0
1761897600008,2025-10-31T08:00:00.008000+00:00,0.000100000000,8.0
1761926400007,2025-10-31T16:00:00.007000+00:00,0.000100000000,8.0
1761955200001,2025-11-01T00:00:00.001000+00:00,0.000100000000,8.0
1761984000000,2025-11-01T08:00:00+00:00,0.000100000000,8.0
1762012800000,2025-11-01T16:00:00+00:00,0.000097820000,8.0
1762041600007,2025-11-02T00:00:00.007000+00:00,0.000082000000,8.0
1762070400000,2025-11-02T08:00:00+00:00,0.000081500000,8.0
1762099200001,2025-11-02T16:00:00.001000+00:00,0.000056350000,8.0
1762128000000,2025-11-03T00:00:00+00:00,0.000060980000,8.0
1762156800010,2025-11-03T08:00:00.010000+00:00,0.000068530000,8.0
1762185600000,2025-11-03T16:00:00+00:00,0.000053290000,8.0
1762214400002,2025-11-04T00:00:00.002000+00:00,0.000100000000,8.0
1762243200004,2025-11-04T08:00:00.004000+00:00,0.000058080000,8.0
1762272000000,2025-11-04T16:00:00+00:00,0.000063390000,8.0
1762300800000,2025-11-05T00:00:00+00:00,0.000071320000,8.0
1762329600000,2025-11-05T08:00:00+00:00,0.000028310000,8.0
1762358400004,2025-11-05T16:00:00.004000+00:00,0.000028160000,8.0
1762387200001,2025-11-06T00:00:00.001000+00:00,0.000039850000,8.0
1762416000000,2025-11-06T08:00:00+00:00,0.000079160000,8.0
1762444800001,2025-11-06T16:00:00.001000+00:00,0.000044940000,8.0
1762473600005,2025-11-07T00:00:00.005000+00:00,0.000047050000,8.0
1762502400003,2025-11-07T08:00:00.003000+00:00,0.000042270000,8.0
1762531200005,2025-11-07T16:00:00.005000+00:00,0.000086310000,8.0
1762560000011,2025-11-08T00:00:00.011000+00:00,0.000077760000,8.0
1762588800015,2025-11-08T08:00:00.015000+00:00,0.000030470000,8.0
1762617600001,2025-11-08T16:00:00.001000+00:00,0.000037400000,8.0
1762646400004,2025-11-09T00:00:00.004000+00:00,-0.000016400000,8.0
1762675200000,2025-11-09T08:00:00+00:00,0.000041870000,8.0
1762704000005,2025-11-09T16:00:00.005000+00:00,0.000089480000,8.0
1762732800000,2025-11-10T00:00:00+00:00,0.000088700000,8.0
1762761600000,2025-11-10T08:00:00+00:00,0.000073550000,8.0
1762790400003,2025-11-10T16:00:00.003000+00:00,0.000049790000,8.0
1762819200007,2025-11-11T00:00:00.007000+00:00,0.000028180000,8.0
1762848000000,2025-11-11T08:00:00+00:00,-0.000027750000,8.0
1762876800009,2025-11-11T16:00:00.009000+00:00,0.000058230000,8.0
1762905600000,2025-11-12T00:00:00+00:00,0.000024620000,8.0
1762934400002,2025-11-12T08:00:00.002000+00:00,0.000006870000,8.0
1762963200000,2025-11-12T16:00:00+00:00,0.000057860000,8.0
1762992000002,2025-11-13T00:00:00.002000+00:00,0.000010770000,8.0
1763020800000,2025-11-13T08:00:00+00:00,0.000093520000,8.0
1763049600001,2025-11-13T16:00:00.001000+00:00,0.000074480000,8.0
1763078400000,2025-11-14T00:00:00+00:00,0.000085690000,8.0
1763107200000,2025-11-14T08:00:00+00:00,0.000091260000,8.0
1763136000001,2025-11-14T16:00:00.001000+00:00,0.000090780000,8.0
1763164800005,2025-11-15T00:00:00.005000+00:00,0.000085070000,8.0
1763193600000,2025-11-15T08:00:00+00:00,0.000100000000,8.0
1763222400001,2025-11-15T16:00:00.001000+00:00,0.000059230000,8.0
1763251200001,2025-11-16T00:00:00.001000+00:00,0.000077450000,8.0
1763280000000,2025-11-16T08:00:00+00:00,0.000100000000,8.0
1763308800000,2025-11-16T16:00:00+00:00,0.000070600000,8.0
1763337600003,2025-11-17T00:00:00.003000+00:00,0.000100000000,8.0
1763366400003,2025-11-17T08:00:00.003000+00:00,0.000095680000,8.0
1763395200000,2025-11-17T16:00:00+00:00,0.000072080000,8.0
1763424000002,2025-11-18T00:00:00.002000+00:00,0.000100000000,8.0
1763452800004,2025-11-18T08:00:00.004000+00:00,0.000100000000,8.0
1763481600000,2025-11-18T16:00:00+00:00,0.000037250000,8.0
1763510400000,2025-11-19T00:00:00+00:00,0.000074960000,8.0
1763539200000,2025-11-19T08:00:00+00:00,0.000050120000,8.0
1763568000008,2025-11-19T16:00:00.008000+00:00,0.000039800000,8.0
1763596800000,2025-11-20T00:00:00+00:00,0.000042590000,8.0
1763625600000,2025-11-20T08:00:00+00:00,0.000100000000,8.0
1763654400000,2025-11-20T16:00:00+00:00,0.000089990000,8.0
1763683200001,2025-11-21T00:00:00.001000+00:00,0.000042720000,8.0
1763712000000,2025-11-21T08:00:00+00:00,0.000045240000,8.0
1763740800001,2025-11-21T16:00:00.001000+00:00,0.000026420000,8.0
1763769600004,2025-11-22T00:00:00.004000+00:00,0.000013730000,8.0
1763798400000,2025-11-22T08:00:00+00:00,0.000067350000,8.0
1763827200000,2025-11-22T16:00:00+00:00,0.000050570000,8.0
1763856000000,2025-11-23T00:00:00+00:00,0.000038120000,8.0
1763884800008,2025-11-23T08:00:00.008000+00:00,0.000001530000,8.0
1763913600003,2025-11-23T16:00:00.003000+00:00,-0.000008930000,8.0
1763942400004,2025-11-24T00:00:00.004000+00:00,-0.000000060000,8.0
1763971200000,2025-11-24T08:00:00+00:00,-0.000001340000,8.0
1764000000006,2025-11-24T16:00:00.006000+00:00,0.000050440000,8.0
1764028800000,2025-11-25T00:00:00+00:00,-0.000052900000,8.0
1764057600009,2025-11-25T08:00:00.009000+00:00,0.000019960000,8.0
1764086400007,2025-11-25T16:00:00.007000+00:00,-0.000030190000,8.0
1764115200001,2025-11-26T00:00:00.001000+00:00,0.000040380000,8.0
1764144000001,2025-11-26T08:00:00.001000+00:00,0.000053880000,8.0
1764172800000,2025-11-26T16:00:00+00:00,-0.000004190000,8.0
1764201600013,2025-11-27T00:00:00.013000+00:00,-0.000025990000,8.0
1764230400000,2025-11-27T08:00:00+00:00,0.000024080000,8.0
1764259200004,2025-11-27T16:00:00.004000+00:00,0.000046240000,8.0
1764288000008,2025-11-28T00:00:00.008000+00:00,0.000017710000,8.0
1764316800000,2025-11-28T08:00:00+00:00,0.000060070000,8.0
1764345600008,2025-11-28T16:00:00.008000+00:00,-0.000017030000,8.0
1764374400000,2025-11-29T00:00:00+00:00,-0.000019820000,8.0
1764403200005,2025-11-29T08:00:00.005000+00:00,0.000017780000,8.0
1764432000001,2025-11-29T16:00:00.001000+00:00,0.000026350000,8.0
1764460800003,2025-11-30T00:00:00.003000+00:00,0.000060820000,8.0
1764489600000,2025-11-30T08:00:00+00:00,0.000035560000,8.0
1764518400004,2025-11-30T16:00:00.004000+00:00,0.000038800000,8.0
1764547200000,2025-12-01T00:00:00+00:00,0.000035930000,8.0
1764576000004,2025-12-01T08:00:00.004000+00:00,0.000031530000,8.0
1764604800000,2025-12-01T16:00:00+00:00,0.000014910000,8.0
1764633600004,2025-12-02T00:00:00.004000+00:00,-0.000010090000,8.0
1764662400000,2025-12-02T08:00:00+00:00,0.000026430000,8.0
1764691200000,2025-12-02T16:00:00+00:00,0.000039990000,8.0
1764720000000,2025-12-03T00:00:00+00:00,-0.000017320000,8.0
1764748800000,2025-12-03T08:00:00+00:00,0.000042060000,8.0
1764777600005,2025-12-03T16:00:00.005000+00:00,-0.000008850000,8.0
1764806400012,2025-12-04T00:00:00.012000+00:00,-0.000003950000,8.0
1764835200000,2025-12-04T08:00:00+00:00,0.000074350000,8.0
1764864000011,2025-12-04T16:00:00.011000+00:00,0.000039280000,8.0
1764892800000,2025-12-05T00:00:00+00:00,0.000048370000,8.0
1764921600000,2025-12-05T08:00:00+00:00,0.000049440000,8.0
1764950400010,2025-12-05T16:00:00.010000+00:00,0.000003910000,8.0
1764979200001,2025-12-06T00:00:00.001000+00:00,0.000036930000,8.0
1765008000001,2025-12-06T08:00:00.001000+00:00,0.000019190000,8.0
1765036800008,2025-12-06T16:00:00.008000+00:00,-0.000018220000,8.0
1765065600000,2025-12-07T00:00:00+00:00,0.000041920000,8.0
1765094400004,2025-12-07T08:00:00.004000+00:00,0.000016660000,8.0
1765123200000,2025-12-07T16:00:00+00:00,0.000052120000,8.0
1765152000000,2025-12-08T00:00:00+00:00,-0.000005390000,8.0
1765180800000,2025-12-08T08:00:00+00:00,0.000065450000,8.0
1765209600001,2025-12-08T16:00:00.001000+00:00,0.000033950000,8.0
1765238400001,2025-12-09T00:00:00.001000+00:00,0.000008520000,8.0
1765267200001,2025-12-09T08:00:00.001000+00:00,0.000063790000,8.0
1765296000007,2025-12-09T16:00:00.007000+00:00,0.000054430000,8.0
1765324800007,2025-12-10T00:00:00.007000+00:00,0.000027770000,8.0
1765353600002,2025-12-10T08:00:00.002000+00:00,0.000019960000,8.0
1765382400012,2025-12-10T16:00:00.012000+00:00,0.000032050000,8.0
1765411200001,2025-12-11T00:00:00.001000+00:00,0.000025900000,8.0
1765440000000,2025-12-11T08:00:00+00:00,-0.000015770000,8.0
1765468800000,2025-12-11T16:00:00+00:00,0.000061000000,8.0
1765497600005,2025-12-12T00:00:00.005000+00:00,0.000069140000,8.0
1765526400007,2025-12-12T08:00:00.007000+00:00,0.000046980000,8.0
1765555200002,2025-12-12T16:00:00.002000+00:00,0.000033830000,8.0
1765584000001,2025-12-13T00:00:00.001000+00:00,0.000001210000,8.0
1765612800006,2025-12-13T08:00:00.006000+00:00,0.000060200000,8.0
1765641600000,2025-12-13T16:00:00+00:00,0.000060410000,8.0
1765670400000,2025-12-14T00:00:00+00:00,0.000100000000,8.0
1765699200003,2025-12-14T08:00:00.003000+00:00,0.000028980000,8.0
1765728000005,2025-12-14T16:00:00.005000+00:00,0.000037730000,8.0
1765756800000,2025-12-15T00:00:00+00:00,0.000001900000,8.0
1765785600000,2025-12-15T08:00:00+00:00,-0.000008930000,8.0
1765814400000,2025-12-15T16:00:00+00:00,0.000030810000,8.0
1765843200002,2025-12-16T00:00:00.002000+00:00,0.000074670000,8.0
1765872000000,2025-12-16T08:00:00+00:00,0.000013500000,8.0
1765900800002,2025-12-16T16:00:00.002000+00:00,0.000040890000,8.0
1765929600004,2025-12-17T00:00:00.004000+00:00,0.000062210000,8.0
1765958400000,2025-12-17T08:00:00+00:00,0.000089870000,8.0
1765987200000,2025-12-17T16:00:00+00:00,0.000059170000,8.0
1766016000005,2025-12-18T00:00:00.005000+00:00,0.000062300000,8.0
1766044800007,2025-12-18T08:00:00.007000+00:00,-0.000008670000,8.0
1766073600001,2025-12-18T16:00:00.001000+00:00,0.000083550000,8.0
1766102400000,2025-12-19T00:00:00+00:00,0.000054910000,8.0
1766131200001,2025-12-19T08:00:00.001000+00:00,0.000100000000,8.0
1766160000000,2025-12-19T16:00:00+00:00,0.000100000000,8.0
1766188800005,2025-12-20T00:00:00.005000+00:00,0.000100000000,8.0
1766217600000,2025-12-20T08:00:00+00:00,0.000012340000,8.0
1766246400002,2025-12-20T16:00:00.002000+00:00,0.000071710000,8.0
1766275200000,2025-12-21T00:00:00+00:00,0.000096820000,8.0
1766304000009,2025-12-21T08:00:00.009000+00:00,0.000088730000,8.0
1766332800000,2025-12-21T16:00:00+00:00,0.000039770000,8.0
1766361600000,2025-12-22T00:00:00+00:00,0.000043890000,8.0
1766390400005,2025-12-22T08:00:00.005000+00:00,0.000045240000,8.0
1766419200009,2025-12-22T16:00:00.009000+00:00,0.000066540000,8.0
1766448000000,2025-12-23T00:00:00+00:00,0.000026330000,8.0
1766476800000,2025-12-23T08:00:00+00:00,0.000052310000,8.0
1766505600001,2025-12-23T16:00:00.001000+00:00,0.000017950000,8.0
1766534400001,2025-12-24T00:00:00.001000+00:00,0.000100000000,8.0
1766563200001,2025-12-24T08:00:00.001000+00:00,0.000084550000,8.0
1766592000000,2025-12-24T16:00:00+00:00,0.000059270000,8.0
1766620800000,2025-12-25T00:00:00+00:00,0.000059530000,8.0
1766649600001,2025-12-25T08:00:00.001000+00:00,0.000079530000,8.0
1766678400005,2025-12-25T16:00:00.005000+00:00,0.000083220000,8.0
1766707200004,2025-12-26T00:00:00.004000+00:00,0.000043780000,8.0
1766736000001,2025-12-26T08:00:00.001000+00:00,0.000054270000,8.0
1766764800007,2025-12-26T16:00:00.007000+00:00,0.000100000000,8.0
1766793600000,2025-12-27T00:00:00+00:00,0.000018090000,8.0
1766822400000,2025-12-27T08:00:00+00:00,0.000027880000,8.0
1766851200011,2025-12-27T16:00:00.011000+00:00,0.000058500000,8.0
1766880000008,2025-12-28T00:00:00.008000+00:00,-0.000000360000,8.0
1766908800000,2025-12-28T08:00:00+00:00,0.000079550000,8.0
1766937600000,2025-12-28T16:00:00+00:00,0.000094640000,8.0
1766966400016,2025-12-29T00:00:00.016000+00:00,0.000100000000,8.0
1766995200001,2025-12-29T08:00:00.001000+00:00,0.000100000000,8.0
1767024000000,2025-12-29T16:00:00+00:00,0.000048260000,8.0
1767052800005,2025-12-30T00:00:00.005000+00:00,0.000100000000,8.0
1767081600001,2025-12-30T08:00:00.001000+00:00,0.000046130000,8.0
1767110400003,2025-12-30T16:00:00.003000+00:00,0.000083450000,8.0
1767139200004,2025-12-31T00:00:00.004000+00:00,0.000029220000,8.0
1767168000001,2025-12-31T08:00:00.001000+00:00,0.000014530000,8.0
1767196800001,2025-12-31T16:00:00.001000+00:00,0.000037500000,8.0
1767225600008,2026-01-01T00:00:00.008000+00:00,0.000100000000,8.0
1767254400002,2026-01-01T08:00:00.002000+00:00,0.000100000000,8.0
1767283200001,2026-01-01T16:00:00.001000+00:00,0.000017110000,8.0
1767312000006,2026-01-02T00:00:00.006000+00:00,0.000056080000,8.0
1767340800007,2026-01-02T08:00:00.007000+00:00,0.000042190000,8.0
1767369600000,2026-01-02T16:00:00+00:00,0.000048130000,8.0
1767398400001,2026-01-03T00:00:00.001000+00:00,0.000031100000,8.0
1767427200000,2026-01-03T08:00:00+00:00,0.000010550000,8.0
1767456000000,2026-01-03T16:00:00+00:00,0.000069380000,8.0
1767484800000,2026-01-04T00:00:00+00:00,0.000094880000,8.0
1767513600000,2026-01-04T08:00:00+00:00,0.000058130000,8.0
1767542400001,2026-01-04T16:00:00.001000+00:00,0.000044360000,8.0
1767571200000,2026-01-05T00:00:00+00:00,0.000088930000,8.0
1767600000000,2026-01-05T08:00:00+00:00,0.000052300000,8.0
1767628800000,2026-01-05T16:00:00+00:00,0.000077230000,8.0
1767657600010,2026-01-06T00:00:00.010000+00:00,-0.000013760000,8.0
1767686400000,2026-01-06T08:00:00+00:00,0.000028160000,8.0
1767715200000,2026-01-06T16:00:00+00:00,0.000026910000,8.0
1767744000001,2026-01-07T00:00:00.001000+00:00,0.000065820000,8.0
1767772800001,2026-01-07T08:00:00.001000+00:00,0.000100000000,8.0
1767801600001,2026-01-07T16:00:00.001000+00:00,0.000028850000,8.0
1767830400001,2026-01-08T00:00:00.001000+00:00,0.000086930000,8.0
1767859200000,2026-01-08T08:00:00+00:00,0.000100000000,8.0
1767888000000,2026-01-08T16:00:00+00:00,0.000064360000,8.0
1767916800003,2026-01-09T00:00:00.003000+00:00,-0.000028130000,8.0
1767945600000,2026-01-09T08:00:00+00:00,0.000072580000,8.0
1767974400001,2026-01-09T16:00:00.001000+00:00,0.000002180000,8.0
1768003200000,2026-01-10T00:00:00+00:00,0.000056430000,8.0
1768032000002,2026-01-10T08:00:00.002000+00:00,0.000076570000,8.0
1768060800001,2026-01-10T16:00:00.001000+00:00,0.000062350000,8.0
1768089600003,2026-01-11T00:00:00.003000+00:00,0.000087440000,8.0
1768118400006,2026-01-11T08:00:00.006000+00:00,0.000046700000,8.0
1768147200000,2026-01-11T16:00:00+00:00,0.000016670000,8.0
1768176000005,2026-01-12T00:00:00.005000+00:00,0.000018130000,8.0
1768204800000,2026-01-12T08:00:00+00:00,0.000029020000,8.0
1768233600000,2026-01-12T16:00:00+00:00,0.000046500000,8.0
1768262400007,2026-01-13T00:00:00.007000+00:00,0.000022450000,8.0
1768291200009,2026-01-13T08:00:00.009000+00:00,0.000098380000,8.0
1768320000002,2026-01-13T16:00:00.002000+00:00,0.000034450000,8.0
1768348800000,2026-01-14T00:00:00+00:00,0.000001290000,8.0
1768377600001,2026-01-14T08:00:00.001000+00:00,0.000024970000,8.0
1768406400004,2026-01-14T16:00:00.004000+00:00,0.000040760000,8.0
1768435200000,2026-01-15T00:00:00+00:00,-0.000003670000,8.0
1768464000004,2026-01-15T08:00:00.004000+00:00,0.000017490000,8.0
1768492800002,2026-01-15T16:00:00.002000+00:00,0.000015260000,8.0
1768521600000,2026-01-16T00:00:00+00:00,0.000073400000,8.0
1768550400000,2026-01-16T08:00:00+00:00,0.000073370000,8.0
1768579200001,2026-01-16T16:00:00.001000+00:00,0.000024950000,8.0
1768608000000,2026-01-17T00:00:00+00:00,-0.000001780000,8.0
1768636800000,2026-01-17T08:00:00+00:00,0.000030070000,8.0
1768665600002,2026-01-17T16:00:00.002000+00:00,0.000029760000,8.0
1768694400001,2026-01-18T00:00:00.001000+00:00,0.000035030000,8.0
1768723200000,2026-01-18T08:00:00+00:00,0.000096160000,8.0
1768752000000,2026-01-18T16:00:00+00:00,0.000065710000,8.0
1768780800007,2026-01-19T00:00:00.007000+00:00,0.000034730000,8.0
1768809600007,2026-01-19T08:00:00.007000+00:00,0.000019430000,8.0
1768838400007,2026-01-19T16:00:00.007000+00:00,0.000024940000,8.0
1768867200005,2026-01-20T00:00:00.005000+00:00,0.000098190000,8.0
1768896000001,2026-01-20T08:00:00.001000+00:00,0.000066260000,8.0
1768924800009,2026-01-20T16:00:00.009000+00:00,0.000056520000,8.0
1768953600001,2026-01-21T00:00:00.001000+00:00,0.000100000000,8.0
1768982400011,2026-01-21T08:00:00.011000+00:00,0.000060550000,8.0
1769011200011,2026-01-21T16:00:00.011000+00:00,0.000024100000,8.0
1769040000010,2026-01-22T00:00:00.010000+00:00,0.000063550000,8.0
1769068800003,2026-01-22T08:00:00.003000+00:00,0.000051100000,8.0
1769097600005,2026-01-22T16:00:00.005000+00:00,0.000094190000,8.0
1769126400005,2026-01-23T00:00:00.005000+00:00,0.000050900000,8.0
1769155200000,2026-01-23T08:00:00+00:00,0.000033900000,8.0
1769184000011,2026-01-23T16:00:00.011000+00:00,0.000069680000,8.0
1769212800011,2026-01-24T00:00:00.011000+00:00,0.000015310000,8.0
1769241600002,2026-01-24T08:00:00.002000+00:00,0.000089090000,8.0
1769270400001,2026-01-24T16:00:00.001000+00:00,0.000039010000,8.0
1769299200002,2026-01-25T00:00:00.002000+00:00,0.000013360000,8.0
1769328000011,2026-01-25T08:00:00.011000+00:00,0.000080510000,8.0
1769356800005,2026-01-25T16:00:00.005000+00:00,0.000049170000,8.0
1769385600000,2026-01-26T00:00:00+00:00,0.000040670000,8.0
1769414400003,2026-01-26T08:00:00.003000+00:00,0.000028470000,8.0
1769443200000,2026-01-26T16:00:00+00:00,0.000056060000,8.0
1769472000002,2026-01-27T00:00:00.002000+00:00,0.000042670000,8.0
1769500800000,2026-01-27T08:00:00+00:00,0.000060280000,8.0
1769529600000,2026-01-27T16:00:00+00:00,0.000075030000,8.0
1769558400000,2026-01-28T00:00:00+00:00,0.000062370000,8.0
1769587200000,2026-01-28T08:00:00+00:00,0.000061740000,8.0
1769616000000,2026-01-28T16:00:00+00:00,0.000038300000,8.0
1769644800000,2026-01-29T00:00:00+00:00,0.000072100000,8.0
1769673600009,2026-01-29T08:00:00.009000+00:00,0.000058560000,8.0
1769702400000,2026-01-29T16:00:00+00:00,0.000040230000,8.0
1769731200008,2026-01-30T00:00:00.008000+00:00,0.000044780000,8.0
1769760000000,2026-01-30T08:00:00+00:00,0.000017140000,8.0
1769788800001,2026-01-30T16:00:00.001000+00:00,0.000003100000,8.0
1769817600000,2026-01-31T00:00:00+00:00,0.000096930000,8.0
1769846400001,2026-01-31T08:00:00.001000+00:00,0.000035480000,8.0
1769875200009,2026-01-31T16:00:00.009000+00:00,0.000065850000,8.0
1769904000001,2026-02-01T00:00:00.001000+00:00,-0.000032670000,8.0
1769932800004,2026-02-01T08:00:00.004000+00:00,0.000034210000,8.0
1769961600000,2026-02-01T16:00:00+00:00,0.000017220000,8.0
1769990400000,2026-02-02T00:00:00+00:00,0.000000680000,8.0
1770019200014,2026-02-02T08:00:00.014000+00:00,-0.000030430000,8.0
1770048000000,2026-02-02T16:00:00+00:00,-0.000057130000,8.0
1770076800000,2026-02-03T00:00:00+00:00,-0.000022030000,8.0
1770105600007,2026-02-03T08:00:00.007000+00:00,0.000022450000,8.0
1770134400000,2026-02-03T16:00:00+00:00,-0.000004650000,8.0
1770163200002,2026-02-04T00:00:00.002000+00:00,0.000001190000,8.0
1770192000007,2026-02-04T08:00:00.007000+00:00,0.000035510000,8.0
1770220800000,2026-02-04T16:00:00+00:00,0.000046180000,8.0
1770249600011,2026-02-05T00:00:00.011000+00:00,0.000091730000,8.0
1770278400000,2026-02-05T08:00:00+00:00,0.000002980000,8.0
1770307200007,2026-02-05T16:00:00.007000+00:00,-0.000049570000,8.0
1770336000000,2026-02-06T00:00:00+00:00,-0.000015970000,8.0
1770364800001,2026-02-06T08:00:00.001000+00:00,-0.000136880000,8.0
1770393600000,2026-02-06T16:00:00+00:00,-0.000134780000,8.0
1770422400003,2026-02-07T00:00:00.003000+00:00,-0.000151780000,8.0
1770451200000,2026-02-07T08:00:00+00:00,-0.000083260000,8.0
1770480000010,2026-02-07T16:00:00.010000+00:00,-0.000029070000,8.0
1770508800003,2026-02-08T00:00:00.003000+00:00,-0.000034030000,8.0
1770537600000,2026-02-08T08:00:00+00:00,-0.000035460000,8.0
1770566400000,2026-02-08T16:00:00+00:00,-0.000048640000,8.0
1770595200002,2026-02-09T00:00:00.002000+00:00,-0.000030750000,8.0
1770624000001,2026-02-09T08:00:00.001000+00:00,0.000018460000,8.0
1770652800007,2026-02-09T16:00:00.007000+00:00,-0.000042840000,8.0
1770681600000,2026-02-10T00:00:00+00:00,-0.000087980000,8.0
1770710400007,2026-02-10T08:00:00.007000+00:00,-0.000048290000,8.0
1770739200000,2026-02-10T16:00:00+00:00,-0.000088160000,8.0
1770768000000,2026-02-11T00:00:00+00:00,0.000014000000,8.0
1770796800006,2026-02-11T08:00:00.006000+00:00,-0.000084170000,8.0
1770825600000,2026-02-11T16:00:00+00:00,-0.000011690000,8.0
1770854400000,2026-02-12T00:00:00+00:00,-0.000013810000,8.0
1770883200001,2026-02-12T08:00:00.001000+00:00,0.000034990000,8.0
1770912000001,2026-02-12T16:00:00.001000+00:00,-0.000017280000,8.0
1770940800007,2026-02-13T00:00:00.007000+00:00,0.000058340000,8.0
1770969600003,2026-02-13T08:00:00.003000+00:00,0.000007160000,8.0
1770998400005,2026-02-13T16:00:00.005000+00:00,-0.000012740000,8.0
1771027200002,2026-02-14T00:00:00.002000+00:00,0.000012910000,8.0
1771056000004,2026-02-14T08:00:00.004000+00:00,0.000031740000,8.0
1771084800002,2026-02-14T16:00:00.002000+00:00,-0.000030940000,8.0
1771113600000,2026-02-15T00:00:00+00:00,-0.000010680000,8.0
1771142400002,2026-02-15T08:00:00.002000+00:00,0.000046640000,8.0
1771171200000,2026-02-15T16:00:00+00:00,-0.000023710000,8.0
1771200000001,2026-02-16T00:00:00.001000+00:00,0.000026590000,8.0
1771228800003,2026-02-16T08:00:00.003000+00:00,-0.000032770000,8.0
1771257600000,2026-02-16T16:00:00+00:00,-0.000041120000,8.0
1771286400008,2026-02-17T00:00:00.008000+00:00,0.000058830000,8.0
1771315200001,2026-02-17T08:00:00.001000+00:00,0.000026720000,8.0
1771344000002,2026-02-17T16:00:00.002000+00:00,0.000050770000,8.0
1771372800000,2026-02-18T00:00:00+00:00,0.000032150000,8.0
1771401600000,2026-02-18T08:00:00+00:00,-0.000001410000,8.0
1771430400011,2026-02-18T16:00:00.011000+00:00,0.000036040000,8.0
1771459200013,2026-02-19T00:00:00.013000+00:00,-0.000040140000,8.0
1771488000000,2026-02-19T08:00:00+00:00,0.000026860000,8.0
1771516800003,2026-02-19T16:00:00.003000+00:00,-0.000030520000,8.0
1771545600000,2026-02-20T00:00:00+00:00,0.000053650000,8.0
1771574400000,2026-02-20T08:00:00+00:00,0.000013020000,8.0
1771603200000,2026-02-20T16:00:00+00:00,-0.000006710000,8.0
1771632000004,2026-02-21T00:00:00.004000+00:00,0.000044560000,8.0
1771660800000,2026-02-21T08:00:00+00:00,0.000024850000,8.0
1771689600005,2026-02-21T16:00:00.005000+00:00,0.000032350000,8.0
1771718400001,2026-02-22T00:00:00.001000+00:00,0.000007300000,8.0
1771747200004,2026-02-22T08:00:00.004000+00:00,0.000000420000,8.0
1771776000000,2026-02-22T16:00:00+00:00,0.000049720000,8.0
1771804800001,2026-02-23T00:00:00.001000+00:00,0.000069460000,8.0
1771833600000,2026-02-23T08:00:00+00:00,-0.000093170000,8.0
1771862400000,2026-02-23T16:00:00+00:00,0.000022510000,8.0
1771891200007,2026-02-24T00:00:00.007000+00:00,0.000057060000,8.0
1771920000000,2026-02-24T08:00:00+00:00,-0.000011930000,8.0
1771948800001,2026-02-24T16:00:00.001000+00:00,-0.000001820000,8.0
1771977600001,2026-02-25T00:00:00.001000+00:00,0.000023750000,8.0
1772006400007,2026-02-25T08:00:00.007000+00:00,0.000000330000,8.0
1772035200000,2026-02-25T16:00:00+00:00,-0.000009680000,8.0
1772064000000,2026-02-26T00:00:00+00:00,-0.000019980000,8.0
1772092800006,2026-02-26T08:00:00.006000+00:00,-0.000011280000,8.0
1772121600002,2026-02-26T16:00:00.002000+00:00,0.000040070000,8.0
1772150400007,2026-02-27T00:00:00.007000+00:00,-0.000009910000,8.0
1772179200000,2026-02-27T08:00:00+00:00,-0.000081230000,8.0
1772208000001,2026-02-27T16:00:00.001000+00:00,-0.000006560000,8.0
1772236800000,2026-02-28T00:00:00+00:00,0.000040410000,8.0
1772265600000,2026-02-28T08:00:00+00:00,-0.000037270000,8.0
1772294400004,2026-02-28T16:00:00.004000+00:00,-0.000043050000,8.0
1772323200005,2026-03-01T00:00:00.005000+00:00,-0.000006880000,8.0
1772352000000,2026-03-01T08:00:00+00:00,0.000045630000,8.0
1772380800002,2026-03-01T16:00:00.002000+00:00,0.000029480000,8.0
1772409600001,2026-03-02T00:00:00.001000+00:00,-0.000002990000,8.0
1772438400007,2026-03-02T08:00:00.007000+00:00,-0.000019560000,8.0
1772467200000,2026-03-02T16:00:00+00:00,-0.000010830000,8.0
1772496000000,2026-03-03T00:00:00+00:00,-0.000001860000,8.0
1772524800000,2026-03-03T08:00:00+00:00,0.000014370000,8.0
1772553600007,2026-03-03T16:00:00.007000+00:00,0.000014810000,8.0
1772582400001,2026-03-04T00:00:00.001000+00:00,-0.000053900000,8.0
1772611200005,2026-03-04T08:00:00.005000+00:00,0.000025200000,8.0
1772640000000,2026-03-04T16:00:00+00:00,0.000046830000,8.0
1772668800000,2026-03-05T00:00:00+00:00,0.000035670000,8.0
1772697600000,2026-03-05T08:00:00+00:00,0.000049650000,8.0
1772726400004,2026-03-05T16:00:00.004000+00:00,0.000001740000,8.0
1772755200001,2026-03-06T00:00:00.001000+00:00,0.000016890000,8.0
1772784000001,2026-03-06T08:00:00.001000+00:00,-0.000030610000,8.0
1772812800004,2026-03-06T16:00:00.004000+00:00,-0.000021760000,8.0
1772841600001,2026-03-07T00:00:00.001000+00:00,0.000006190000,8.0
1772870400012,2026-03-07T08:00:00.012000+00:00,0.000035250000,8.0
1772899200001,2026-03-07T16:00:00.001000+00:00,-0.000042170000,8.0
1772928000001,2026-03-08T00:00:00.001000+00:00,-0.000044960000,8.0
1772956800000,2026-03-08T08:00:00+00:00,-0.000011150000,8.0
1772985600002,2026-03-08T16:00:00.002000+00:00,-0.000028680000,8.0
1773014400000,2026-03-09T00:00:00+00:00,-0.000057700000,8.0
1773043200004,2026-03-09T08:00:00.004000+00:00,-0.000045790000,8.0
1773072000003,2026-03-09T16:00:00.003000+00:00,-0.000034310000,8.0
1773100800012,2026-03-10T00:00:00.012000+00:00,-0.000023940000,8.0
1773129600002,2026-03-10T08:00:00.002000+00:00,0.000012300000,8.0
1773158400001,2026-03-10T16:00:00.001000+00:00,0.000017380000,8.0
1773187200000,2026-03-11T00:00:00+00:00,-0.000110520000,8.0
1773216000007,2026-03-11T08:00:00.007000+00:00,-0.000052520000,8.0
1773244800010,2026-03-11T16:00:00.010000+00:00,-0.000058240000,8.0
1773273600000,2026-03-12T00:00:00+00:00,-0.000078020000,8.0
1773302400000,2026-03-12T08:00:00+00:00,-0.000053920000,8.0
1773331200000,2026-03-12T16:00:00+00:00,-0.000073810000,8.0
1773360000006,2026-03-13T00:00:00.006000+00:00,-0.000027890000,8.0
1773388800001,2026-03-13T08:00:00.001000+00:00,0.000042630000,8.0
1773417600000,2026-03-13T16:00:00+00:00,-0.000006380000,8.0
1773446400001,2026-03-14T00:00:00.001000+00:00,-0.000003790000,8.0
1773475200000,2026-03-14T08:00:00+00:00,-0.000039880000,8.0
1773504000007,2026-03-14T16:00:00.007000+00:00,-0.000048510000,8.0
1773532800000,2026-03-15T00:00:00+00:00,-0.000018830000,8.0
1773561600000,2026-03-15T08:00:00+00:00,-0.000064610000,8.0
1773590400000,2026-03-15T16:00:00+00:00,0.000026590000,8.0
1773619200000,2026-03-16T00:00:00+00:00,0.000025130000,8.0
1773648000010,2026-03-16T08:00:00.010000+00:00,0.000071390000,8.0
1773676800000,2026-03-16T16:00:00+00:00,0.000020150000,8.0
1773705600000,2026-03-17T00:00:00+00:00,0.000002410000,8.0
1773734400002,2026-03-17T08:00:00.002000+00:00,-0.000025050000,8.0
1773763200011,2026-03-17T16:00:00.011000+00:00,-0.000012600000,8.0
1773792000002,2026-03-18T00:00:00.002000+00:00,-0.000065690000,8.0
1773820800002,2026-03-18T08:00:00.002000+00:00,-0.000048130000,8.0
1773849600005,2026-03-18T16:00:00.005000+00:00,0.000024180000,8.0
1773878400000,2026-03-19T00:00:00+00:00,-0.000009740000,8.0
1773907200003,2026-03-19T08:00:00.003000+00:00,-0.000030120000,8.0
1773936000003,2026-03-19T16:00:00.003000+00:00,0.000012050000,8.0
1773964800002,2026-03-20T00:00:00.002000+00:00,0.000006250000,8.0
1773993600000,2026-03-20T08:00:00+00:00,0.000007530000,8.0
1774022400000,2026-03-20T16:00:00+00:00,-0.000002230000,8.0
1774051200000,2026-03-21T00:00:00+00:00,-0.000014930000,8.0
1774080000000,2026-03-21T08:00:00+00:00,-0.000007380000,8.0
1774108800014,2026-03-21T16:00:00.014000+00:00,0.000010930000,8.0
1774137600012,2026-03-22T00:00:00.012000+00:00,0.000008060000,8.0
1774166400007,2026-03-22T08:00:00.007000+00:00,-0.000044250000,8.0
1774195200002,2026-03-22T16:00:00.002000+00:00,-0.000068370000,8.0
1774224000000,2026-03-23T00:00:00+00:00,-0.000020790000,8.0
1774252800003,2026-03-23T08:00:00.003000+00:00,-0.000028630000,8.0
1774281600002,2026-03-23T16:00:00.002000+00:00,0.000001600000,8.0
1774310400000,2026-03-24T00:00:00+00:00,0.000042290000,8.0
1774339200000,2026-03-24T08:00:00+00:00,0.000036750000,8.0
1774368000003,2026-03-24T16:00:00.003000+00:00,0.000030560000,8.0
1774396800000,2026-03-25T00:00:00+00:00,0.000023100000,8.0
1774425600000,2026-03-25T08:00:00+00:00,0.000010740000,8.0
1774454400013,2026-03-25T16:00:00.013000+00:00,0.000047210000,8.0
1774483200001,2026-03-26T00:00:00.001000+00:00,0.000024480000,8.0
1774512000001,2026-03-26T08:00:00.001000+00:00,0.000013790000,8.0
1774540800000,2026-03-26T16:00:00+00:00,-0.000021030000,8.0
1774569600006,2026-03-27T00:00:00.006000+00:00,0.000029250000,8.0
1774598400000,2026-03-27T08:00:00+00:00,-0.000062980000,8.0
1774627200000,2026-03-27T16:00:00+00:00,-0.000058410000,8.0
1774656000005,2026-03-28T00:00:00.005000+00:00,-0.000080880000,8.0
1774684800005,2026-03-28T08:00:00.005000+00:00,-0.000076040000,8.0
1774713600000,2026-03-28T16:00:00+00:00,-0.000001730000,8.0
1774742400003,2026-03-29T00:00:00.003000+00:00,-0.000036800000,8.0
1774771200001,2026-03-29T08:00:00.001000+00:00,-0.000000120000,8.0
1774800000000,2026-03-29T16:00:00+00:00,0.000026770000,8.0
1774828800000,2026-03-30T00:00:00+00:00,0.000003000000,8.0
1774857600005,2026-03-30T08:00:00.005000+00:00,0.000004920000,8.0
1774886400000,2026-03-30T16:00:00+00:00,0.000007580000,8.0
1774915200000,2026-03-31T00:00:00+00:00,0.000001160000,8.0
1774944000000,2026-03-31T08:00:00+00:00,-0.000019210000,8.0
1774972800000,2026-03-31T16:00:00+00:00,-0.000027630000,8.0
1775001600000,2026-04-01T00:00:00+00:00,-0.000034490000,8.0
1775030400000,2026-04-01T08:00:00+00:00,-0.000004610000,8.0
1775059200000,2026-04-01T16:00:00+00:00,0.000005770000,8.0
1775088000003,2026-04-02T00:00:00.003000+00:00,0.000035210000,8.0
1775116800001,2026-04-02T08:00:00.001000+00:00,0.000008450000,8.0
1775145600001,2026-04-02T16:00:00.001000+00:00,-0.000073980000,8.0
1775174400000,2026-04-03T00:00:00+00:00,-0.000008310000,8.0
1775203200008,2026-04-03T08:00:00.008000+00:00,-0.000005990000,8.0
1775232000008,2026-04-03T16:00:00.008000+00:00,0.000003510000,8.0
1775260800000,2026-04-04T00:00:00+00:00,0.000037610000,8.0
1775289600003,2026-04-04T08:00:00.003000+00:00,0.000041150000,8.0
1775318400000,2026-04-04T16:00:00+00:00,0.000016510000,8.0
1775347200008,2026-04-05T00:00:00.008000+00:00,0.000024070000,8.0
1775376000000,2026-04-05T08:00:00+00:00,0.000038120000,8.0
1775404800001,2026-04-05T16:00:00.001000+00:00,0.000018890000,8.0
1775433600004,2026-04-06T00:00:00.004000+00:00,0.000070730000,8.0
1775462400001,2026-04-06T08:00:00.001000+00:00,0.000055440000,8.0
1775491200003,2026-04-06T16:00:00.003000+00:00,0.000004230000,8.0
1775520000000,2026-04-07T00:00:00+00:00,-0.000003150000,8.0
1775548800000,2026-04-07T08:00:00+00:00,0.000037030000,8.0
1775577600000,2026-04-07T16:00:00+00:00,0.000073930000,8.0
1775606400000,2026-04-08T00:00:00+00:00,0.000060200000,8.0
1775635200000,2026-04-08T08:00:00+00:00,0.000015630000,8.0
1775664000006,2026-04-08T16:00:00.006000+00:00,0.000040480000,8.0
1775692800000,2026-04-09T00:00:00+00:00,-0.000001470000,8.0
1775721600010,2026-04-09T08:00:00.010000+00:00,0.000052390000,8.0
1775750400001,2026-04-09T16:00:00.001000+00:00,-0.000019860000,8.0
1775779200000,2026-04-10T00:00:00+00:00,0.000004110000,8.0
1775808000005,2026-04-10T08:00:00.005000+00:00,0.000024580000,8.0
1775836800000,2026-04-10T16:00:00+00:00,-0.000021870000,8.0
1775865600000,2026-04-11T00:00:00+00:00,-0.000072250000,8.0
1775894400000,2026-04-11T08:00:00+00:00,-0.000060830000,8.0
1775923200003,2026-04-11T16:00:00.003000+00:00,-0.000067550000,8.0
1775952000000,2026-04-12T00:00:00+00:00,-0.000081080000,8.0
1775980800000,2026-04-12T08:00:00+00:00,-0.000036900000,8.0
1776009600000,2026-04-12T16:00:00+00:00,-0.000003350000,8.0
1776038400011,2026-04-13T00:00:00.011000+00:00,-0.000002340000,8.0
1776067200006,2026-04-13T08:00:00.006000+00:00,-0.000001830000,8.0
1776096000000,2026-04-13T16:00:00+00:00,-0.000054090000,8.0
1776124800005,2026-04-14T00:00:00.005000+00:00,-0.000058540000,8.0
1776153600003,2026-04-14T08:00:00.003000+00:00,0.000027320000,8.0
1776182400001,2026-04-14T16:00:00.001000+00:00,-0.000052340000,8.0
1776211200000,2026-04-15T00:00:00+00:00,-0.000093130000,8.0
1776240000000,2026-04-15T08:00:00+00:00,-0.000050850000,8.0
1776268800000,2026-04-15T16:00:00+00:00,-0.000071510000,8.0
1776297600013,2026-04-16T00:00:00.013000+00:00,-0.000034180000,8.0
1776326400000,2026-04-16T08:00:00+00:00,-0.000028410000,8.0
1776355200000,2026-04-16T16:00:00+00:00,-0.000022250000,8.0
1776384000001,2026-04-17T00:00:00.001000+00:00,0.000032970000,8.0
1776412800011,2026-04-17T08:00:00.011000+00:00,0.000027810000,8.0
1776441600001,2026-04-17T16:00:00.001000+00:00,-0.000107890000,8.0
1776470400001,2026-04-18T00:00:00.001000+00:00,-0.000080980000,8.0
1776499200006,2026-04-18T08:00:00.006000+00:00,-0.000070820000,8.0
1776528000000,2026-04-18T16:00:00+00:00,-0.000045860000,8.0
1776556800002,2026-04-19T00:00:00.002000+00:00,-0.000083950000,8.0
1776585600010,2026-04-19T08:00:00.010000+00:00,-0.000072190000,8.0
1776614400001,2026-04-19T16:00:00.001000+00:00,-0.000122760000,8.0
1776643200000,2026-04-20T00:00:00+00:00,-0.000046150000,8.0
1776672000000,2026-04-20T08:00:00+00:00,-0.000047780000,8.0
1776700800001,2026-04-20T16:00:00.001000+00:00,-0.000027450000,8.0
1776729600000,2026-04-21T00:00:00+00:00,-0.000079370000,8.0
1776758400004,2026-04-21T08:00:00.004000+00:00,-0.000058240000,8.0
1776787200004,2026-04-21T16:00:00.004000+00:00,-0.000042420000,8.0
1776816000004,2026-04-22T00:00:00.004000+00:00,-0.000022370000,8.0
1776844800000,2026-04-22T08:00:00+00:00,0.000035600000,8.0
1776873600000,2026-04-22T16:00:00+00:00,-0.000007490000,8.0
1776902400000,2026-04-23T00:00:00+00:00,-0.000078700000,8.0
1776931200000,2026-04-23T08:00:00+00:00,-0.000035530000,8.0
1776960000004,2026-04-23T16:00:00.004000+00:00,-0.000066960000,8.0
1776988800006,2026-04-24T00:00:00.006000+00:00,-0.000038290000,8.0
1777017600000,2026-04-24T08:00:00+00:00,-0.000078650000,8.0
1777046400000,2026-04-24T16:00:00+00:00,-0.000031520000,8.0
1777075200000,2026-04-25T00:00:00+00:00,-0.000010770000,8.0
1777104000002,2026-04-25T08:00:00.002000+00:00,-0.000062350000,8.0
1777132800002,2026-04-25T16:00:00.002000+00:00,-0.000056990000,8.0
1777161600003,2026-04-26T00:00:00.003000+00:00,0.000002410000,8.0
1777190400007,2026-04-26T08:00:00.007000+00:00,0.000001530000,8.0
1777219200004,2026-04-26T16:00:00.004000+00:00,0.000001950000,8.0
1777248000004,2026-04-27T00:00:00.004000+00:00,0.000002490000,8.0
1777276800000,2026-04-27T08:00:00+00:00,-0.000086590000,8.0
1777305600002,2026-04-27T16:00:00.002000+00:00,-0.000056780000,8.0
1777334400001,2026-04-28T00:00:00.001000+00:00,-0.000039510000,8.0
1777363200000,2026-04-28T08:00:00+00:00,-0.000032040000,8.0
1777392000004,2026-04-28T16:00:00.004000+00:00,0.000052420000,8.0
1777420800006,2026-04-29T00:00:00.006000+00:00,0.000013050000,8.0
1777449600011,2026-04-29T08:00:00.011000+00:00,-0.000028400000,8.0
1777478400003,2026-04-29T16:00:00.003000+00:00,0.000035710000,8.0
1777507200002,2026-04-30T00:00:00.002000+00:00,-0.000042200000,8.0
1777536000000,2026-04-30T08:00:00+00:00,-0.000018370000,8.0
1777564800000,2026-04-30T16:00:00+00:00,-0.000029040000,8.0
1777593600000,2026-05-01T00:00:00+00:00,-0.000037460000,8.0
1777622400005,2026-05-01T08:00:00.005000+00:00,-0.000018100000,8.0
1777651200000,2026-05-01T16:00:00+00:00,-0.000031430000,8.0
1777680000006,2026-05-02T00:00:00.006000+00:00,-0.000008220000,8.0
1777708800000,2026-05-02T08:00:00+00:00,-0.000051030000,8.0
1777737600010,2026-05-02T16:00:00.010000+00:00,-0.000025400000,8.0
1777766400005,2026-05-03T00:00:00.005000+00:00,0.000022900000,8.0
1777795200003,2026-05-03T08:00:00.003000+00:00,-0.000013980000,8.0
1777824000000,2026-05-03T16:00:00+00:00,0.000007030000,8.0
1777852800000,2026-05-04T00:00:00+00:00,0.000043040000,8.0
1777881600000,2026-05-04T08:00:00+00:00,-0.000001580000,8.0
1777910400003,2026-05-04T16:00:00.003000+00:00,-0.000031600000,8.0
1777939200000,2026-05-05T00:00:00+00:00,-0.000003830000,8.0
1777968000011,2026-05-05T08:00:00.011000+00:00,-0.000046260000,8.0
1777996800000,2026-05-05T16:00:00+00:00,-0.000082400000,8.0
1778025600010,2026-05-06T00:00:00.010000+00:00,-0.000091530000,8.0
1778054400000,2026-05-06T08:00:00+00:00,-0.000061500000,8.0
1778083200002,2026-05-06T16:00:00.002000+00:00,-0.000037560000,8.0
1778112000000,2026-05-07T00:00:00+00:00,-0.000058560000,8.0
1778140800000,2026-05-07T08:00:00+00:00,-0.000045680000,8.0
1778169600004,2026-05-07T16:00:00.004000+00:00,-0.000030140000,8.0
1778198400003,2026-05-08T00:00:00.003000+00:00,-0.000074060000,8.0
1778227200002,2026-05-08T08:00:00.002000+00:00,0.000024150000,8.0
1778256000003,2026-05-08T16:00:00.003000+00:00,-0.000015420000,8.0
1778284800000,2026-05-09T00:00:00+00:00,0.000018410000,8.0
1778313600001,2026-05-09T08:00:00.001000+00:00,-0.000037920000,8.0
1778342400002,2026-05-09T16:00:00.002000+00:00,0.000036450000,8.0
1778371200003,2026-05-10T00:00:00.003000+00:00,0.000000900000,8.0
1778400000000,2026-05-10T08:00:00+00:00,0.000046260000,8.0
1778428800000,2026-05-10T16:00:00+00:00,0.000057640000,8.0
1778457600000,2026-05-11T00:00:00+00:00,0.000057980000,8.0
1778486400000,2026-05-11T08:00:00+00:00,0.000025920000,8.0
1778515200000,2026-05-11T16:00:00+00:00,0.000045550000,8.0
1778544000002,2026-05-12T00:00:00.002000+00:00,-0.000001150000,8.0
1778572800008,2026-05-12T08:00:00.008000+00:00,0.000038770000,8.0
1778601600000,2026-05-12T16:00:00+00:00,0.000058220000,8.0
1778630400010,2026-05-13T00:00:00.010000+00:00,0.000053670000,8.0
1778659200003,2026-05-13T08:00:00.003000+00:00,0.000054370000,8.0
1778688000001,2026-05-13T16:00:00.001000+00:00,0.000017490000,8.0
1778716800005,2026-05-14T00:00:00.005000+00:00,0.000039280000,8.0
1778745600000,2026-05-14T08:00:00+00:00,0.000029280000,8.0
1778774400000,2026-05-14T16:00:00+00:00,0.000040940000,8.0
1778803200000,2026-05-15T00:00:00+00:00,-0.000042390000,8.0
1778832000016,2026-05-15T08:00:00.016000+00:00,-0.000018930000,8.0
1778860800012,2026-05-15T16:00:00.012000+00:00,0.000015480000,8.0
1778889600005,2026-05-16T00:00:00.005000+00:00,0.000039380000,8.0
1778918400000,2026-05-16T08:00:00+00:00,-0.000002100000,8.0
1778947200005,2026-05-16T16:00:00.005000+00:00,0.000049550000,8.0
1778976000000,2026-05-17T00:00:00+00:00,0.000040370000,8.0
1779004800010,2026-05-17T08:00:00.010000+00:00,0.000011760000,8.0
1779033600009,2026-05-17T16:00:00.009000+00:00,0.000000480000,8.0
1779062400007,2026-05-18T00:00:00.007000+00:00,-0.000011310000,8.0
1779091200002,2026-05-18T08:00:00.002000+00:00,0.000057780000,8.0
1779120000007,2026-05-18T16:00:00.007000+00:00,0.000071780000,8.0
1779148800001,2026-05-19T00:00:00.001000+00:00,0.000051640000,8.0
1779177600001,2026-05-19T08:00:00.001000+00:00,0.000048090000,8.0
1779206400009,2026-05-19T16:00:00.009000+00:00,0.000055630000,8.0
1779235200001,2026-05-20T00:00:00.001000+00:00,0.000032540000,8.0
1779264000006,2026-05-20T08:00:00.006000+00:00,0.000079830000,8.0
1779292800000,2026-05-20T16:00:00+00:00,0.000068580000,8.0
1779321600001,2026-05-21T00:00:00.001000+00:00,0.000019250000,8.0
1779350400000,2026-05-21T08:00:00+00:00,0.000040030000,8.0
1779379200000,2026-05-21T16:00:00+00:00,0.000061300000,8.0
1779408000000,2026-05-22T00:00:00+00:00,0.000035640000,8.0
1779436800004,2026-05-22T08:00:00.004000+00:00,-0.000008200000,8.0
1779465600001,2026-05-22T16:00:00.001000+00:00,0.000028910000,8.0
1779494400009,2026-05-23T00:00:00.009000+00:00,0.000017830000,8.0
1779523200001,2026-05-23T08:00:00.001000+00:00,0.000010250000,8.0
1779552000003,2026-05-23T16:00:00.003000+00:00,0.000074410000,8.0
1779580800011,2026-05-24T00:00:00.011000+00:00,0.000090440000,8.0
1779609600008,2026-05-24T08:00:00.008000+00:00,0.000062900000,8.0
1779638400000,2026-05-24T16:00:00+00:00,0.000062650000,8.0
1779667200001,2026-05-25T00:00:00.001000+00:00,0.000065490000,8.0
1779696000001,2026-05-25T08:00:00.001000+00:00,0.000035270000,8.0
1779724800001,2026-05-25T16:00:00.001000+00:00,0.000014260000,8.0
1779753600000,2026-05-26T00:00:00+00:00,0.000080580000,8.0
1779782400003,2026-05-26T08:00:00.003000+00:00,0.000038520000,8.0
1779811200000,2026-05-26T16:00:00+00:00,0.000057760000,8.0
1779840000000,2026-05-27T00:00:00+00:00,0.000100000000,8.0
1779868800004,2026-05-27T08:00:00.004000+00:00,0.000089480000,8.0
1779897600009,2026-05-27T16:00:00.009000+00:00,0.000099140000,8.0
1779926400001,2026-05-28T00:00:00.001000+00:00,0.000100000000,8.0
1779955200000,2026-05-28T08:00:00+00:00,0.000050110000,8.0
1779984000001,2026-05-28T16:00:00.001000+00:00,0.000100000000,8.0
1780012800000,2026-05-29T00:00:00+00:00,0.000100000000,8.0
1780041600001,2026-05-29T08:00:00.001000+00:00,0.000053910000,8.0
1780070400008,2026-05-29T16:00:00.008000+00:00,0.000067020000,8.0
1780099200000,2026-05-30T00:00:00+00:00,0.000034640000,8.0
1780128000001,2026-05-30T08:00:00.001000+00:00,0.000047320000,8.0
1780156800000,2026-05-30T16:00:00+00:00,0.000062140000,8.0
1780185600000,2026-05-31T00:00:00+00:00,0.000044320000,8.0
1780214400000,2026-05-31T08:00:00+00:00,0.000056630000,8.0
1780243200004,2026-05-31T16:00:00.004000+00:00,0.000059880000,8.0
1780272000001,2026-06-01T00:00:00.001000+00:00,0.000057030000,8.0
1780300800001,2026-06-01T08:00:00.001000+00:00,0.000044380000,8.0
1780329600000,2026-06-01T16:00:00+00:00,0.000100000000,8.0
1780358400000,2026-06-02T00:00:00+00:00,0.000100000000,8.0
1780387200000,2026-06-02T08:00:00+00:00,0.000059900000,8.0
1780416000000,2026-06-02T16:00:00+00:00,0.000083450000,8.0
1780444800013,2026-06-03T00:00:00.013000+00:00,0.000071650000,8.0
1780473600000,2026-06-03T08:00:00+00:00,0.000052290000,8.0
1780502400001,2026-06-03T16:00:00.001000+00:00,0.000100000000,8.0
1780531200009,2026-06-04T00:00:00.009000+00:00,0.000027050000,8.0
1780560000000,2026-06-04T08:00:00+00:00,0.000015190000,8.0
1780588800003,2026-06-04T16:00:00.003000+00:00,-0.000010770000,8.0
1780617600000,2026-06-05T00:00:00+00:00,0.000013150000,8.0
1780646400004,2026-06-05T08:00:00.004000+00:00,-0.000014310000,8.0
1780675200009,2026-06-05T16:00:00.009000+00:00,-0.000008630000,8.0
1780704000000,2026-06-06T00:00:00+00:00,-0.000012340000,8.0
1780732800000,2026-06-06T08:00:00+00:00,0.000026750000,8.0
1780761600000,2026-06-06T16:00:00+00:00,-0.000005110000,8.0
1780790400001,2026-06-07T00:00:00.001000+00:00,-0.000028280000,8.0
1780819200000,2026-06-07T08:00:00+00:00,0.000004070000,8.0
1780848000000,2026-06-07T16:00:00+00:00,0.000027420000,8.0
1780876800000,2026-06-08T00:00:00+00:00,0.000035330000,8.0
1780905600005,2026-06-08T08:00:00.005000+00:00,0.000034540000,8.0
1780934400004,2026-06-08T16:00:00.004000+00:00,0.000001220000,8.0
1780963200000,2026-06-09T00:00:00+00:00,-0.000015650000,8.0
1780992000000,2026-06-09T08:00:00+00:00,0.000030410000,8.0
1781020800001,2026-06-09T16:00:00.001000+00:00,0.000006060000,8.0
1781049600001,2026-06-10T00:00:00.001000+00:00,0.000003650000,8.0
1781078400011,2026-06-10T08:00:00.011000+00:00,-0.000033850000,8.0
1781107200009,2026-06-10T16:00:00.009000+00:00,0.000025420000,8.0
1781136000000,2026-06-11T00:00:00+00:00,-0.000008110000,8.0
1781164800004,2026-06-11T08:00:00.004000+00:00,0.000025250000,8.0
1781193600000,2026-06-11T16:00:00+00:00,0.000027360000,8.0
1781222400000,2026-06-12T00:00:00+00:00,-0.000013030000,8.0
1781251200000,2026-06-12T08:00:00+00:00,0.000024460000,8.0
1781280000000,2026-06-12T16:00:00+00:00,0.000008400000,8.0
1781308800000,2026-06-13T00:00:00+00:00,0.000053570000,8.0
1781337600007,2026-06-13T08:00:00.007000+00:00,0.000000600000,8.0
1781366400002,2026-06-13T16:00:00.002000+00:00,0.000009380000,8.0
1781395200005,2026-06-14T00:00:00.005000+00:00,-0.000045100000,8.0
1781424000009,2026-06-14T08:00:00.009000+00:00,-0.000046570000,8.0
1781452800000,2026-06-14T16:00:00+00:00,-0.000032650000,8.0
1781481600013,2026-06-15T00:00:00.013000+00:00,0.000028080000,8.0
1781510400013,2026-06-15T08:00:00.013000+00:00,0.000006210000,8.0
1781539200004,2026-06-15T16:00:00.004000+00:00,-0.000060790000,8.0
1781568000000,2026-06-16T00:00:00+00:00,-0.000004280000,8.0
1781596800000,2026-06-16T08:00:00+00:00,-0.000011100000,8.0
1781625600001,2026-06-16T16:00:00.001000+00:00,0.000002460000,8.0
1781654400012,2026-06-17T00:00:00.012000+00:00,0.000019570000,8.0
1781683200000,2026-06-17T08:00:00+00:00,-0.000066850000,8.0
1781712000000,2026-06-17T16:00:00+00:00,-0.000025820000,8.0
1781740800002,2026-06-18T00:00:00.002000+00:00,0.000026360000,8.0
1781769600000,2026-06-18T08:00:00+00:00,0.000018960000,8.0
1781798400001,2026-06-18T16:00:00.001000+00:00,0.000008720000,8.0
1781827200005,2026-06-19T00:00:00.005000+00:00,0.000060390000,8.0
1781856000001,2026-06-19T08:00:00.001000+00:00,0.000019840000,8.0
1781884800001,2026-06-19T16:00:00.001000+00:00,0.000028230000,8.0
1781913600001,2026-06-20T00:00:00.001000+00:00,0.000058140000,8.0
1781942400000,2026-06-20T08:00:00+00:00,0.000026330000,8.0
1781971200001,2026-06-20T16:00:00.001000+00:00,0.000039850000,8.0
1782000000000,2026-06-21T00:00:00+00:00,0.000007780000,8.0
1782028800000,2026-06-21T08:00:00+00:00,0.000030340000,8.0
1782057600000,2026-06-21T16:00:00+00:00,0.000041890000,8.0
1782086400000,2026-06-22T00:00:00+00:00,0.000065720000,8.0
1782115200000,2026-06-22T08:00:00+00:00,0.000015140000,8.0
1782144000002,2026-06-22T16:00:00.002000+00:00,0.000048130000,8.0
1782172800003,2026-06-23T00:00:00.003000+00:00,0.000040410000,8.0
1782201600005,2026-06-23T08:00:00.005000+00:00,0.000016550000,8.0
1782230400002,2026-06-23T16:00:00.002000+00:00,-0.000018890000,8.0
1782259200005,2026-06-24T00:00:00.005000+00:00,0.000021540000,8.0
1782288000005,2026-06-24T08:00:00.005000+00:00,0.000021340000,8.0
1782316800003,2026-06-24T16:00:00.003000+00:00,0.000000270000,8.0
1782345600000,2026-06-25T00:00:00+00:00,-0.000014230000,8.0
1782374400000,2026-06-25T08:00:00+00:00,-0.000018030000,8.0
1782403200000,2026-06-25T16:00:00+00:00,0.000015800000,8.0
1782432000010,2026-06-26T00:00:00.010000+00:00,0.000052980000,8.0
1782460800002,2026-06-26T08:00:00.002000+00:00,0.000059040000,8.0
1782489600000,2026-06-26T16:00:00+00:00,0.000073080000,8.0
1782518400000,2026-06-27T00:00:00+00:00,0.000052550000,8.0
1782547200000,2026-06-27T08:00:00+00:00,0.000042840000,8.0
1782576000009,2026-06-27T16:00:00.009000+00:00,0.000037420000,8.0
1782604800000,2026-06-28T00:00:00+00:00,0.000042580000,8.0
1782633600013,2026-06-28T08:00:00.013000+00:00,0.000013550000,8.0
1782662400000,2026-06-28T16:00:00+00:00,0.000044300000,8.0
1782691200006,2026-06-29T00:00:00.006000+00:00,0.000031120000,8.0
1782720000013,2026-06-29T08:00:00.013000+00:00,0.000074440000,8.0
1782748800004,2026-06-29T16:00:00.004000+00:00,0.000086580000,8.0
1782777600000,2026-06-30T00:00:00+00:00,0.000061750000,8.0
1782806400000,2026-06-30T08:00:00+00:00,0.000083490000,8.0
1782835200005,2026-06-30T16:00:00.005000+00:00,0.000033270000,8.0
1782864000000,2026-07-01T00:00:00+00:00,0.000055320000,8.0
1782892800000,2026-07-01T08:00:00+00:00,0.000018530000,8.0
1782921600000,2026-07-01T16:00:00+00:00,0.000070730000,8.0
1782950400000,2026-07-02T00:00:00+00:00,0.000080010000,8.0
1782979200000,2026-07-02T08:00:00+00:00,0.000052380000,8.0
1783008000000,2026-07-02T16:00:00+00:00,0.000052610000,8.0
1783036800000,2026-07-03T00:00:00+00:00,0.000100000000,8.0
1783065600007,2026-07-03T08:00:00.007000+00:00,0.000100000000,8.0
1783094400000,2026-07-03T16:00:00+00:00,0.000037400000,8.0
1783123200000,2026-07-04T00:00:00+00:00,0.000100000000,8.0
1783152000000,2026-07-04T08:00:00+00:00,0.000100000000,8.0
1783180800007,2026-07-04T16:00:00.007000+00:00,0.000094800000,8.0
1783209600003,2026-07-05T00:00:00.003000+00:00,0.000095330000,8.0
1783238400001,2026-07-05T08:00:00.001000+00:00,0.000088730000,8.0
1783267200000,2026-07-05T16:00:00+00:00,0.000086080000,8.0
1783296000000,2026-07-06T00:00:00+00:00,0.000077000000,8.0
1783324800000,2026-07-06T08:00:00+00:00,0.000061200000,8.0
1783353600000,2026-07-06T16:00:00+00:00,0.000100000000,8.0
1783382400000,2026-07-07T00:00:00+00:00,0.000100000000,8.0
1783411200000,2026-07-07T08:00:00+00:00,0.000057920000,8.0
1783440000000,2026-07-07T16:00:00+00:00,0.000068250000,8.0
1783468800000,2026-07-08T00:00:00+00:00,0.000048460000,8.0
1783497600000,2026-07-08T08:00:00+00:00,0.000007240000,8.0
1783526400000,2026-07-08T16:00:00+00:00,0.000071710000,8.0
1783555200000,2026-07-09T00:00:00+00:00,0.000061600000,8.0
1783584000001,2026-07-09T08:00:00.001000+00:00,0.000066150000,8.0
1783612800001,2026-07-09T16:00:00.001000+00:00,0.000049120000,8.0
1783641600000,2026-07-10T00:00:00+00:00,0.000090580000,8.0
1783670400005,2026-07-10T08:00:00.005000+00:00,0.000072470000,8.0
1783699200005,2026-07-10T16:00:00.005000+00:00,0.000095080000,8.0
1783728000000,2026-07-11T00:00:00+00:00,0.000100000000,8.0
1783756800000,2026-07-11T08:00:00+00:00,0.000009420000,8.0
1783785600000,2026-07-11T16:00:00+00:00,0.000041560000,8.0
1783814400000,2026-07-12T00:00:00+00:00,0.000046510000,8.0
1783843200003,2026-07-12T08:00:00.003000+00:00,0.000063150000,8.0
1783872000000,2026-07-12T16:00:00+00:00,0.000075780000,8.0
1783900800000,2026-07-13T00:00:00+00:00,0.000015210000,8.0
1783929600001,2026-07-13T08:00:00.001000+00:00,0.000048560000,8.0
1783958400004,2026-07-13T16:00:00.004000+00:00,0.000100000000,8.0
1783987200000,2026-07-14T00:00:00+00:00,0.000082560000,8.0
1784016000002,2026-07-14T08:00:00.002000+00:00,0.000034890000,8.0
1784044800001,2026-07-14T16:00:00.001000+00:00,0.000055900000,8.0
1784073600005,2026-07-15T00:00:00.005000+00:00,0.000100000000,8.0
1784102400002,2026-07-15T08:00:00.002000+00:00,0.000100000000,8.0
1784131200000,2026-07-15T16:00:00+00:00,0.000044570000,8.0
1784160000000,2026-07-16T00:00:00+00:00,0.000024260000,8.0
1784188800003,2026-07-16T08:00:00.003000+00:00,0.000075840000,8.0
1784217600002,2026-07-16T16:00:00.002000+00:00,0.000061020000,8.0
1784246400000,2026-07-17T00:00:00+00:00,0.000076390000,8.0
1784275200010,2026-07-17T08:00:00.010000+00:00,0.000015200000,8.0
1784304000004,2026-07-17T16:00:00.004000+00:00,0.000060450000,8.0
1784332800000,2026-07-18T00:00:00+00:00,0.000030740000,8.0
1784361600000,2026-07-18T08:00:00+00:00,0.000069550000,8.0
1784390400001,2026-07-18T16:00:00.001000+00:00,0.000033260000,8.0
1784419200003,2026-07-19T00:00:00.003000+00:00,0.000004060000,8.0
1784448000000,2026-07-19T08:00:00+00:00,0.000069050000,8.0
1784476800001,2026-07-19T16:00:00.001000+00:00,0.000052350000,8.0
1784505600000,2026-07-20T00:00:00+00:00,0.000048900000,8.0
1784534400001,2026-07-20T08:00:00.001000+00:00,0.000052780000,8.0
1784563200004,2026-07-20T16:00:00.004000+00:00,0.000065180000,8.0
1784592000001,2026-07-21T00:00:00.001000+00:00,0.000054000000,8.0
1784620800000,2026-07-21T08:00:00+00:00,0.000089260000,8.0
1784649600002,2026-07-21T16:00:00.002000+00:00,0.000018940000,8.0
1784678400000,2026-07-22T00:00:00+00:00,0.000039280000,8.0
1784707200000,2026-07-22T08:00:00+00:00,0.000054480000,8.0
1784736000001,2026-07-22T16:00:00.001000+00:00,0.000014430000,8.0
1784764800000,2026-07-23T00:00:00+00:00,-0.000003430000,8.0
1784793600000,2026-07-23T08:00:00+00:00,0.000002710000,8.0
1784822400000,2026-07-23T16:00:00+00:00,0.000084580000,8.0
1784851200000,2026-07-24T00:00:00+00:00,0.000075980000,8.0
1784880000000,2026-07-24T08:00:00+00:00,0.000051490000,8.0
1784908800008,2026-07-24T16:00:00.008000+00:00,0.000058790000,8.0
1784937600002,2026-07-25T00:00:00.002000+00:00,0.000060740000,8.0
1784966400000,2026-07-25T08:00:00+00:00,0.000054250000,8.0
1784995200000,2026-07-25T16:00:00+00:00,0.000007290000,8.0
1785024000000,2026-07-26T00:00:00+00:00,0.000038780000,8.0
1785052800002,2026-07-26T08:00:00.002000+00:00,0.000058840000,8.0
1785081600000,2026-07-26T16:00:00+00:00,0.000058190000,8.0
1785110400010,2026-07-27T00:00:00.010000+00:00,0.000061470000,8.0
1785139200000,2026-07-27T08:00:00+00:00,0.000064520000,8.0
1785168000001,2026-07-27T16:00:00.001000+00:00,0.000050400000,8.0
1785196800000,2026-07-28T00:00:00+00:00,0.000042080000,8.0
1785225600000,2026-07-28T08:00:00+00:00,0.000001250000,8.0
1785254400000,2026-07-28T16:00:00+00:00,0.000066890000,8.0
1785283200000,2026-07-29T00:00:00+00:00,0.000100000000,8.0
1785312000002,2026-07-29T08:00:00.002000+00:00,0.000100000000,8.0
1785340800000,2026-07-29T16:00:00+00:00,0.000036650000,8.0
1785369600000,2026-07-30T00:00:00+00:00,0.000084620000,8.0
1785398400000,2026-07-30T08:00:00+00:00,0.000072780000,8.0
1785427200000,2026-07-30T16:00:00+00:00,0.000090290000,8.0
1785456000003,2026-07-31T00:00:00.003000+00:00,0.000100000000,8.0
1785484800000,2026-07-31T08:00:00+00:00,0.000094050000,8.0
1785513600000,2026-07-31T16:00:00+00:00,0.000056640000,8.0
1785542400001,2026-08-01T00:00:00.001000+00:00,0.000041230000,8.0
1785571200000,2026-08-01T08:00:00+00:00,0.000031630000,8.0
1785600000000,2026-08-01T16:00:00+00:00,0.000035450000,8.0
1785628800000,2026-08-02T00:00:00+00:00,0.000045300000,8.0
1785657600000,2026-08-02T08:00:00+00:00,0.000089430000,8.0
1785686400000,2026-08-02T16:00:00+00:00,0.000077070000,8.0
1785715200000,2026-08-03T00:00:00+00:00,0.000100000000,8.0
1785744000000,2026-08-03T08:00:00+00:00,0.000063640000,8.0
1785772800000,2026-08-03T16:00:00+00:00,0.000024740000,8.0
1785801600004,2026-08-04T00:00:00.004000+00:00,0.000030810000,8.0
1785830400002,2026-08-04T08:00:00.002000+00:00,0.000062480000,8.0
1785859200000,2026-08-04T16:00:00+00:00,0.000076840000,8.0
1785888000003,2026-08-05T00:00:00.003000+00:00,0.000016740000,8.0
1785916800004,2026-08-05T08:00:00.004000+00:00,0.000010150000,8.0
1785945600000,2026-08-05T16:00:00+00:00,0.000026760000,8.0
1785974400002,2026-08-06T00:00:00.002000+00:00,0.000065950000,8.0
1786003200000,2026-08-06T08:00:00+00:00,0.000026320000,8.0
1786032000000,2026-08-06T16:00:00+00:00,0.000059390000,8.0
1786060800000,2026-08-07T00:00:00+00:00,0.000007990000,8.0
1786089600000,2026-08-07T08:00:00+00:00,0.000045740000,8.0
1786118400000,2026-08-07T16:00:00+00:00,0.000063080000,8.0
1786147200001,2026-08-08T00:00:00.001000+00:00,0.000055570000,8.0
1786176000000,2026-08-08T08:00:00+00:00,0.000054170000,8.0
1786204800002,2026-08-08T16:00:00.002000+00:00,0.000058010000,8.0
1786233600000,2026-08-09T00:00:00+00:00,0.000044230000,8.0
1786262400005,2026-08-09T08:00:00.005000+00:00,0.000066670000,8.0
1786291200000,2026-08-09T16:00:00+00:00,0.000070540000,8.0
1786320000001,2026-08-10T00:00:00.001000+00:00,0.000074970000,8.0
1786348800005,2026-08-10T08:00:00.005000+00:00,0.000079080000,8.0
1786377600000,2026-08-10T16:00:00+00:00,0.000050570000,8.0
1786406400000,2026-08-11T00:00:00+00:00,0.000023010000,8.0
1786435200006,2026-08-11T08:00:00.006000+00:00,0.000019620000,8.0
1786464000000,2026-08-11T16:00:00+00:00,0.000082820000,8.0
1786492800001,2026-08-12T00:00:00.001000+00:00,0.000100000000,8.0
1786521600000,2026-08-12T08:00:00+00:00,0.000085680000,8.0
1786550400000,2026-08-12T16:00:00+00:00,0.000066010000,8.0
1786579200000,2026-08-13T00:00:00+00:00,0.000065760000,8.0
1786608000000,2026-08-13T08:00:00+00:00,0.000072180000,8.0
1786636800000,2026-08-13T16:00:00+00:00,0.000078410000,8.0
1786665600000,2026-08-14T00:00:00+00:00,0.000085450000,8.0
1786694400001,2026-08-14T08:00:00.001000+00:00,0.000059990000,8.0
1786723200001,2026-08-14T16:00:00.001000+00:00,0.000006290000,8.0
1786752000003,2026-08-15T00:00:00.003000+00:00,0.000068010000,8.0
1786780800002,2026-08-15T08:00:00.002000+00:00,0.000065230000,8.0
1786809600000,2026-08-15T16:00:00+00:00,0.000053110000,8.0
1786838400000,2026-08-16T00:00:00+00:00,0.000009660000,8.0
1786867200002,2026-08-16T08:00:00.002000+00:00,0.000018390000,8.0
1786896000000,2026-08-16T16:00:00+00:00,0.000050000000,8.0
1786924800001,2026-08-17T00:00:00.001000+00:00,0.000038180000,8.0
1786953600003,2026-08-17T08:00:00.003000+00:00,0.000071310000,8.0
1786982400005,2026-08-17T16:00:00.005000+00:00,0.000092020000,8.0
1787011200006,2026-08-18T00:00:00.006000+00:00,0.000051640000,8.0
1787040000001,2026-08-18T08:00:00.001000+00:00,0.000050200000,8.0
1787068800003,2026-08-18T16:00:00.003000+00:00,0.000036500000,8.0
1787097600000,2026-08-19T00:00:00+00:00,0.000016170000,8.0
1787126400000,2026-08-19T08:00:00+00:00,0.000038150000,8.0
1787155200004,2026-08-19T16:00:00.004000+00:00,0.000100000000,8.0
1787184000001,2026-08-20T00:00:00.001000+00:00,0.000096550000,8.0
1787212800000,2026-08-20T08:00:00+00:00,0.000100000000,8.0
1787241600005,2026-08-20T16:00:00.005000+00:00,0.000094220000,8.0
1787270400004,2026-08-21T00:00:00.004000+00:00,0.000049640000,8.0
1787299200000,2026-08-21T08:00:00+00:00,0.000058140000,8.0
1787328000001,2026-08-21T16:00:00.001000+00:00,0.000100000000,8.0
1787356800000,2026-08-22T00:00:00+00:00,0.000100000000,8.0
1787385600000,2026-08-22T08:00:00+00:00,0.000100000000,8.0
1787414400000,2026-08-22T16:00:00+00:00,0.000100000000,8.0
1787443200000,2026-08-23T00:00:00+00:00,0.000100000000,8.0
1787472000000,2026-08-23T08:00:00+00:00,0.000100000000,8.0
1787500800006,2026-08-23T16:00:00.006000+00:00,0.000100000000,8.0
1787529600001,2026-08-24T00:00:00.001000+00:00,0.000100000000,8.0
1787558400002,2026-08-24T08:00:00.002000+00:00,0.000100000000,8.0
1787587200000,2026-08-24T16:00:00+00:00,0.000100000000,8.0
1787616000001,2026-08-25T00:00:00.001000+00:00,0.000058180000,8.0
1787644800000,2026-08-25T08:00:00+00:00,0.000100000000,8.0
1787673600005,2026-08-25T16:00:00.005000+00:00,0.000100000000,8.0
1787702400000,2026-08-26T00:00:00+00:00,0.000077340000,8.0
1787731200005,2026-08-26T08:00:00.005000+00:00,0.000059270000,8.0
1787760000000,2026-08-26T16:00:00+00:00,0.000070910000,8.0
1787788800000,2026-08-27T00:00:00+00:00,0.000045950000,8.0
1787817600000,2026-08-27T08:00:00+00:00,0.000100000000,8.0
1787846400013,2026-08-27T16:00:00.013000+00:00,0.000063310000,8.0
1787875200026,2026-08-28T00:00:00.026000+00:00,0.000065780000,8.0
1787904000000,2026-08-28T08:00:00+00:00,0.000100000000,8.0
1787932800001,2026-08-28T16:00:00.001000+00:00,0.000059130000,8.0
1787961600000,2026-08-29T00:00:00+00:00,0.000100000000,8.0
1787990400000,2026-08-29T08:00:00+00:00,0.000100000000,8.0
1788019200002,2026-08-29T16:00:00.002000+00:00,0.000100000000,8.0
1788048000000,2026-08-30T00:00:00+00:00,0.000082830000,8.0
1788076800000,2026-08-30T08:00:00+00:00,0.000100000000,8.0
1788105600001,2026-08-30T16:00:00.001000+00:00,0.000070580000,8.0
1788134400002,2026-08-31T00:00:00.002000+00:00,0.000072710000,8.0
1788163200002,2026-08-31T08:00:00.002000+00:00,0.000100000000,8.0
1788192000001,2026-08-31T16:00:00.001000+00:00,0.000100000000,8.0
