calc_time_ms,funding_time,rate,interval_hours
1609459200002,2021-01-01T00:00:00.002000+00:00,-0.001652380000,8.0
1609488000006,2021-01-01T08:00:00.006000+00:00,-0.002043830000,8.0
1609516800003,2021-01-01T16:00:00.003000+00:00,-0.000807500000,8.0
1609545600000,2021-01-02T00:00:00+00:00,-0.001205670000,8.0
1609574400000,2021-01-02T08:00:00+00:00,0.000100000000,8.0
1609603200006,2021-01-02T16:00:00.006000+00:00,-0.000078710000,8.0
1609632000018,2021-01-03T00:00:00.018000+00:00,-0.000093180000,8.0
1609660800000,2021-01-03T08:00:00+00:00,-0.000482960000,8.0
1609689600002,2021-01-03T16:00:00.002000+00:00,-0.002532890000,8.0
1609718400000,2021-01-04T00:00:00+00:00,-0.003027740000,8.0
1609747200000,2021-01-04T08:00:00+00:00,0.000100000000,8.0
1609776000000,2021-01-04T16:00:00+00:00,-0.002403320000,8.0
1609804800020,2021-01-05T00:00:00.020000+00:00,-0.006671020000,8.0
1609833600003,2021-01-05T08:00:00.003000+00:00,-0.002853950000,8.0
1609862400003,2021-01-05T16:00:00.003000+00:00,-0.004825380000,8.0
1609891200010,2021-01-06T00:00:00.010000+00:00,-0.007500000000,8.0
1609920000003,2021-01-06T08:00:00.003000+00:00,-0.007500000000,8.0
1609948800000,2021-01-06T16:00:00+00:00,-0.007500000000,8.0
1609977600007,2021-01-07T00:00:00.007000+00:00,-0.007500000000,8.0
1610006400000,2021-01-07T08:00:00+00:00,-0.007500000000,8.0
1610035200004,2021-01-07T16:00:00.004000+00:00,0.000000000000,8.0
1610064000000,2021-01-08T00:00:00+00:00,-0.000942620000,8.0
1610092800000,2021-01-08T08:00:00+00:00,0.000712560000,8.0
1610121600000,2021-01-08T16:00:00+00:00,0.000128720000,8.0
1610150400009,2021-01-09T00:00:00.009000+00:00,0.000329400000,8.0
1610179200004,2021-01-09T08:00:00.004000+00:00,0.001386690000,8.0
1610208000000,2021-01-09T16:00:00+00:00,0.000517470000,8.0
1610236800000,2021-01-10T00:00:00+00:00,0.003183110000,8.0
1610265600005,2021-01-10T08:00:00.005000+00:00,0.002013980000,8.0
1610294400000,2021-01-10T16:00:00+00:00,0.000800740000,8.0
1610323200000,2021-01-11T00:00:00+00:00,0.000244410000,8.0
1610352000012,2021-01-11T08:00:00.012000+00:00,0.000100000000,8.0
1610380800000,2021-01-11T16:00:00+00:00,0.000872740000,8.0
1610409600000,2021-01-12T00:00:00+00:00,0.000100000000,8.0
1610438400000,2021-01-12T08:00:00+00:00,-0.000040750000,8.0
1610467200008,2021-01-12T16:00:00.008000+00:00,0.000100000000,8.0
1610496000001,2021-01-13T00:00:00.001000+00:00,0.000309060000,8.0
1610524800000,2021-01-13T08:00:00+00:00,0.000282850000,8.0
1610553600003,2021-01-13T16:00:00.003000+00:00,0.000100000000,8.0
1610582400000,2021-01-14T00:00:00+00:00,0.000100000000,8.0
1610611200012,2021-01-14T08:00:00.012000+00:00,0.000130770000,8.0
1610640000000,2021-01-14T16:00:00+00:00,0.001271620000,8.0
1610668800002,2021-01-15T00:00:00.002000+00:00,0.000100000000,8.0
1610697600000,2021-01-15T08:00:00+00:00,0.000100000000,8.0
1610726400004,2021-01-15T16:00:00.004000+00:00,0.000998570000,8.0
1610755200000,2021-01-16T00:00:00+00:00,0.000632010000,8.0
1610784000008,2021-01-16T08:00:00.008000+00:00,0.000824270000,8.0
1610812800000,2021-01-16T16:00:00+00:00,0.001991510000,8.0
1610841600009,2021-01-17T00:00:00.009000+00:00,0.001131600000,8.0
1610870400000,2021-01-17T08:00:00+00:00,0.000885880000,8.0
1610899200001,2021-01-17T16:00:00.001000+00:00,0.000260750000,8.0
1610928000000,2021-01-18T00:00:00+00:00,0.001225170000,8.0
1610956800004,2021-01-18T08:00:00.004000+00:00,0.000726400000,8.0
1610985600000,2021-01-18T16:00:00+00:00,0.001461140000,8.0
1611014400000,2021-01-19T00:00:00+00:00,0.001201460000,8.0
1611043200005,2021-01-19T08:00:00.005000+00:00,0.001234940000,8.0
1611072000012,2021-01-19T16:00:00.012000+00:00,0.000100000000,8.0
1611100800012,2021-01-20T00:00:00.012000+00:00,0.000100000000,8.0
1611129600001,2021-01-20T08:00:00.001000+00:00,0.000100000000,8.0
1611158400001,2021-01-20T16:00:00.001000+00:00,-0.000347210000,8.0
1611187200000,2021-01-21T00:00:00+00:00,-0.000046680000,8.0
1611216000000,2021-01-21T08:00:00+00:00,0.000100000000,8.0
1611244800004,2021-01-21T16:00:00.004000+00:00,-0.000083570000,8.0
1611273600012,2021-01-22T00:00:00.012000+00:00,-0.000545890000,8.0
1611302400003,2021-01-22T08:00:00.003000+00:00,-0.000284120000,8.0
1611331200001,2021-01-22T16:00:00.001000+00:00,0.000100000000,8.0
1611360000000,2021-01-23T00:00:00+00:00,0.000100000000,8.0
1611388800002,2021-01-23T08:00:00.002000+00:00,0.000100000000,8.0
1611417600000,2021-01-23T16:00:00+00:00,0.000100000000,8.0
1611446400001,2021-01-24T00:00:00.001000+00:00,0.000100000000,8.0
1611475200011,2021-01-24T08:00:00.011000+00:00,0.000140370000,8.0
1611504000005,2021-01-24T16:00:00.005000+00:00,0.000100000000,8.0
1611532800007,2021-01-25T00:00:00.007000+00:00,0.000196940000,8.0
1611561600012,2021-01-25T08:00:00.012000+00:00,0.001132400000,8.0
1611590400000,2021-01-25T16:00:00+00:00,0.000100000000,8.0
1611619200007,2021-01-26T00:00:00.007000+00:00,0.000100000000,8.0
1611648000000,2021-01-26T08:00:00+00:00,0.000100000000,8.0
1611676800000,2021-01-26T16:00:00+00:00,0.000100000000,8.0
1611705600000,2021-01-27T00:00:00+00:00,0.000100000000,8.0
1611734400011,2021-01-27T08:00:00.011000+00:00,0.000100000000,8.0
1611763200003,2021-01-27T16:00:00.003000+00:00,0.000100000000,8.0
1611792000000,2021-01-28T00:00:00+00:00,0.000100000000,8.0
1611820800000,2021-01-28T08:00:00+00:00,0.000100000000,8.0
1611849600000,2021-01-28T16:00:00+00:00,0.000322460000,8.0
1611878400009,2021-01-29T00:00:00.009000+00:00,0.000102700000,8.0
1611907200000,2021-01-29T08:00:00+00:00,0.000468970000,8.0
1611936000000,2021-01-29T16:00:00+00:00,0.001355270000,8.0
1611964800000,2021-01-30T00:00:00+00:00,0.000745220000,8.0
1611993600000,2021-01-30T08:00:00+00:00,0.000426000000,8.0
1612022400000,2021-01-30T16:00:00+00:00,0.000838670000,8.0
1612051200009,2021-01-31T00:00:00.009000+00:00,0.001362820000,8.0
1612080000000,2021-01-31T08:00:00+00:00,0.000689970000,8.0
1612108800000,2021-01-31T16:00:00+00:00,0.001251940000,8.0
1612137600001,2021-02-01T00:00:00.001000+00:00,0.000255190000,8.0
1612166400014,2021-02-01T08:00:00.014000+00:00,0.000370170000,8.0
1612195200000,2021-02-01T16:00:00+00:00,0.000232430000,8.0
1612224000000,2021-02-02T00:00:00+00:00,0.000491850000,8.0
1612252800006,2021-02-02T08:00:00.006000+00:00,0.000490580000,8.0
1612281600000,2021-02-02T16:00:00+00:00,0.001782220000,8.0
1612310400009,2021-02-03T00:00:00.009000+00:00,0.001852230000,8.0
1612339200006,2021-02-03T08:00:00.006000+00:00,0.000904230000,8.0
1612368000006,2021-02-03T16:00:00.006000+00:00,0.001036020000,8.0
1612396800005,2021-02-04T00:00:00.005000+00:00,0.001146120000,8.0
1612425600000,2021-02-04T08:00:00+00:00,0.001965340000,8.0
1612454400011,2021-02-04T16:00:00.011000+00:00,0.001160310000,8.0
1612483200009,2021-02-05T00:00:00.009000+00:00,0.001399040000,8.0
1612512000004,2021-02-05T08:00:00.004000+00:00,0.002504090000,8.0
1612540800000,2021-02-05T16:00:00+00:00,0.002488490000,8.0
1612569600008,2021-02-06T00:00:00.008000+00:00,0.001252300000,8.0
1612598400009,2021-02-06T08:00:00.009000+00:00,0.001777720000,8.0
1612627200000,2021-02-06T16:00:00+00:00,0.001549500000,8.0
1612656000000,2021-02-07T00:00:00+00:00,0.000693170000,8.0
1612684800005,2021-02-07T08:00:00.005000+00:00,0.000100000000,8.0
1612713600001,2021-02-07T16:00:00.001000+00:00,0.000100000000,8.0
1612742400000,2021-02-08T00:00:00+00:00,0.000451290000,8.0
1612771200001,2021-02-08T08:00:00.001000+00:00,0.000858610000,8.0
1612800000000,2021-02-08T16:00:00+00:00,0.001892720000,8.0
1612828800010,2021-02-09T00:00:00.010000+00:00,0.002093190000,8.0
1612857600006,2021-02-09T08:00:00.006000+00:00,0.003049150000,8.0
1612886400007,2021-02-09T16:00:00.007000+00:00,0.002866900000,8.0
1612915200009,2021-02-10T00:00:00.009000+00:00,0.002434430000,8.0
1612944000014,2021-02-10T08:00:00.014000+00:00,0.003324690000,8.0
1612972800005,2021-02-10T16:00:00.005000+00:00,0.001139410000,8.0
1613001600000,2021-02-11T00:00:00+00:00,0.001626800000,8.0
1613030400000,2021-02-11T08:00:00+00:00,0.001517910000,8.0
1613059200000,2021-02-11T16:00:00+00:00,0.001285690000,8.0
1613088000000,2021-02-12T00:00:00+00:00,0.002111260000,8.0
1613116800000,2021-02-12T08:00:00+00:00,0.000768340000,8.0
1613145600000,2021-02-12T16:00:00+00:00,0.000874380000,8.0
1613174400001,2021-02-13T00:00:00.001000+00:00,0.002605100000,8.0
1613203200003,2021-02-13T08:00:00.003000+00:00,0.001886270000,8.0
1613232000000,2021-02-13T16:00:00+00:00,0.001414900000,8.0
1613260800013,2021-02-14T00:00:00.013000+00:00,0.002515140000,8.0
1613289600000,2021-02-14T08:00:00+00:00,0.002523310000,8.0
1613318400008,2021-02-14T16:00:00.008000+00:00,0.002574190000,8.0
1613347200000,2021-02-15T00:00:00+00:00,0.000664180000,8.0
1613376000006,2021-02-15T08:00:00.006000+00:00,0.000100000000,8.0
1613404800000,2021-02-15T16:00:00+00:00,0.000100000000,8.0
1613433600001,2021-02-16T00:00:00.001000+00:00,0.000100000000,8.0
1613462400000,2021-02-16T08:00:00+00:00,0.001586270000,8.0
1613491200010,2021-02-16T16:00:00.010000+00:00,0.001479310000,8.0
1613520000005,2021-02-17T00:00:00.005000+00:00,0.000100000000,8.0
1613548800010,2021-02-17T08:00:00.010000+00:00,0.001001290000,8.0
1613577600008,2021-02-17T16:00:00.008000+00:00,0.001421020000,8.0
1613606400012,2021-02-18T00:00:00.012000+00:00,0.001040790000,8.0
1613635200000,2021-02-18T08:00:00+00:00,0.001554950000,8.0
1613664000009,2021-02-18T16:00:00.009000+00:00,0.000831080000,8.0
1613692800010,2021-02-19T00:00:00.010000+00:00,0.000947040000,8.0
1613721600002,2021-02-19T08:00:00.002000+00:00,0.000949710000,8.0
1613750400008,2021-02-19T16:00:00.008000+00:00,0.000771140000,8.0
1613779200000,2021-02-20T00:00:00+00:00,0.001340720000,8.0
1613808000009,2021-02-20T08:00:00.009000+00:00,0.001675080000,8.0
1613836800000,2021-02-20T16:00:00+00:00,0.002481550000,8.0
1613865600007,2021-02-21T00:00:00.007000+00:00,0.000878490000,8.0
1613894400012,2021-02-21T08:00:00.012000+00:00,0.000975120000,8.0
1613923200001,2021-02-21T16:00:00.001000+00:00,0.001019350000,8.0
1613952000006,2021-02-22T00:00:00.006000+00:00,0.000903670000,8.0
1613980800002,2021-02-22T08:00:00.002000+00:00,0.000609760000,8.0
1614009600000,2021-02-22T16:00:00+00:00,0.000100000000,8.0
1614038400000,2021-02-23T00:00:00+00:00,-0.001144580000,8.0
1614067200006,2021-02-23T08:00:00.006000+00:00,0.000100000000,8.0
1614096000000,2021-02-23T16:00:00+00:00,0.000100000000,8.0
1614124800012,2021-02-24T00:00:00.012000+00:00,0.000100000000,8.0
1614153600016,2021-02-24T08:00:00.016000+00:00,0.000318680000,8.0
1614182400011,2021-02-24T16:00:00.011000+00:00,0.000100000000,8.0
1614211200007,2021-02-25T00:00:00.007000+00:00,0.000100000000,8.0
1614240000000,2021-02-25T08:00:00+00:00,0.000100000000,8.0
1614268800010,2021-02-25T16:00:00.010000+00:00,0.000384250000,8.0
1614297600000,2021-02-26T00:00:00+00:00,0.000100000000,8.0
1614326400025,2021-02-26T08:00:00.025000+00:00,0.000100000000,8.0
1614355200010,2021-02-26T16:00:00.010000+00:00,0.000100000000,8.0
1614384000001,2021-02-27T00:00:00.001000+00:00,0.000100000000,8.0
1614412800000,2021-02-27T08:00:00+00:00,0.000100000000,8.0
1614441600000,2021-02-27T16:00:00+00:00,0.000138020000,8.0
1614470400021,2021-02-28T00:00:00.021000+00:00,0.000100000000,8.0
1614499200009,2021-02-28T08:00:00.009000+00:00,0.000100000000,8.0
1614528000000,2021-02-28T16:00:00+00:00,0.000100000000,8.0
1614556800000,2021-03-01T00:00:00+00:00,0.000100000000,8.0
1614585600003,2021-03-01T08:00:00.003000+00:00,0.000125340000,8.0
1614614400001,2021-03-01T16:00:00.001000+00:00,0.000381750000,8.0
1614643200000,2021-03-02T00:00:00+00:00,0.000216570000,8.0
1614672000000,2021-03-02T08:00:00+00:00,0.000511190000,8.0
1614700800004,2021-03-02T16:00:00.004000+00:00,0.000238720000,8.0
1614729600000,2021-03-03T00:00:00+00:00,0.000724300000,8.0
1614758400016,2021-03-03T08:00:00.016000+00:00,0.000263290000,8.0
1614787200000,2021-03-03T16:00:00+00:00,0.000960150000,8.0
1614816000000,2021-03-04T00:00:00+00:00,0.000171930000,8.0
1614844800015,2021-03-04T08:00:00.015000+00:00,0.000481910000,8.0
1614873600001,2021-03-04T16:00:00.001000+00:00,0.000589710000,8.0
1614902400000,2021-03-05T00:00:00+00:00,0.000188640000,8.0
1614931200002,2021-03-05T08:00:00.002000+00:00,0.000100000000,8.0
1614960000008,2021-03-05T16:00:00.008000+00:00,0.000188120000,8.0
1614988800000,2021-03-06T00:00:00+00:00,0.000511490000,8.0
1615017600000,2021-03-06T08:00:00+00:00,0.000589790000,8.0
1615046400000,2021-03-06T16:00:00+00:00,0.000233590000,8.0
1615075200006,2021-03-07T00:00:00.006000+00:00,0.000616500000,8.0
1615104000005,2021-03-07T08:00:00.005000+00:00,0.000931100000,8.0
1615132800008,2021-03-07T16:00:00.008000+00:00,0.000510220000,8.0
1615161600000,2021-03-08T00:00:00+00:00,0.000494500000,8.0
1615190400000,2021-03-08T08:00:00+00:00,0.000484680000,8.0
1615219200006,2021-03-08T16:00:00.006000+00:00,0.001278540000,8.0
1615248000000,2021-03-09T00:00:00+00:00,0.001420950000,8.0
1615276800000,2021-03-09T08:00:00+00:00,0.001399880000,8.0
1615305600000,2021-03-09T16:00:00+00:00,0.001317680000,8.0
1615334400009,2021-03-10T00:00:00.009000+00:00,0.001672460000,8.0
1615363200006,2021-03-10T08:00:00.006000+00:00,0.000783120000,8.0
1615392000008,2021-03-10T16:00:00.008000+00:00,0.001100160000,8.0
1615420800000,2021-03-11T00:00:00+00:00,0.000591160000,8.0
1615449600000,2021-03-11T08:00:00+00:00,0.000647660000,8.0
1615478400014,2021-03-11T16:00:00.014000+00:00,0.000689540000,8.0
1615507200002,2021-03-12T00:00:00.002000+00:00,0.000657550000,8.0
1615536000005,2021-03-12T08:00:00.005000+00:00,0.000870950000,8.0
1615564800011,2021-03-12T16:00:00.011000+00:00,0.000567490000,8.0
1615593600000,2021-03-13T00:00:00+00:00,0.000770280000,8.0
1615622400002,2021-03-13T08:00:00.002000+00:00,0.000454600000,8.0
1615651200000,2021-03-13T16:00:00+00:00,0.001439060000,8.0
1615680000011,2021-03-14T00:00:00.011000+00:00,0.001151390000,8.0
1615708800000,2021-03-14T08:00:00+00:00,0.001232320000,8.0
1615737600000,2021-03-14T16:00:00+00:00,0.001312390000,8.0
1615766400012,2021-03-15T00:00:00.012000+00:00,0.001318650000,8.0
1615795200016,2021-03-15T08:00:00.016000+00:00,0.000744560000,8.0
1615824000030,2021-03-15T16:00:00.030000+00:00,0.000891870000,8.0
1615852800005,2021-03-16T00:00:00.005000+00:00,0.000911040000,8.0
1615881600008,2021-03-16T08:00:00.008000+00:00,0.000382950000,8.0
1615910400012,2021-03-16T16:00:00.012000+00:00,0.000869700000,8.0
1615939200010,2021-03-17T00:00:00.010000+00:00,0.000839670000,8.0
1615968000000,2021-03-17T08:00:00+00:00,0.001144110000,8.0
1615996800009,2021-03-17T16:00:00.009000+00:00,0.000745670000,8.0
1616025600001,2021-03-18T00:00:00.001000+00:00,0.001431860000,8.0
1616054400000,2021-03-18T08:00:00+00:00,0.000993330000,8.0
1616083200000,2021-03-18T16:00:00+00:00,0.001857660000,8.0
1616112000011,2021-03-19T00:00:00.011000+00:00,0.000229600000,8.0
1616140800001,2021-03-19T08:00:00.001000+00:00,0.000447390000,8.0
1616169600000,2021-03-19T16:00:00+00:00,0.000187880000,8.0
1616198400000,2021-03-20T00:00:00+00:00,0.000119490000,8.0
1616227200000,2021-03-20T08:00:00+00:00,0.000100000000,8.0
1616256000007,2021-03-20T16:00:00.007000+00:00,0.000279570000,8.0
1616284800000,2021-03-21T00:00:00+00:00,0.000127120000,8.0
1616313600000,2021-03-21T08:00:00+00:00,0.000100000000,8.0
1616342400000,2021-03-21T16:00:00+00:00,0.000100000000,8.0
1616371200007,2021-03-22T00:00:00.007000+00:00,0.000100000000,8.0
1616400000001,2021-03-22T08:00:00.001000+00:00,-0.000159960000,8.0
1616428800000,2021-03-22T16:00:00+00:00,0.000187830000,8.0
1616457600000,2021-03-23T00:00:00+00:00,0.000100000000,8.0
1616486400010,2021-03-23T08:00:00.010000+00:00,0.000100000000,8.0
1616515200023,2021-03-23T16:00:00.023000+00:00,0.000073870000,8.0
1616544000002,2021-03-24T00:00:00.002000+00:00,0.000100000000,8.0
1616572800000,2021-03-24T08:00:00+00:00,0.000100000000,8.0
1616601600000,2021-03-24T16:00:00+00:00,0.000100000000,8.0
1616630400000,2021-03-25T00:00:00+00:00,0.000100000000,8.0
1616659200000,2021-03-25T08:00:00+00:00,0.000100000000,8.0
1616688000000,2021-03-25T16:00:00+00:00,0.000100000000,8.0
1616716800008,2021-03-26T00:00:00.008000+00:00,0.000100000000,8.0
1616745600000,2021-03-26T08:00:00+00:00,0.000100000000,8.0
1616774400012,2021-03-26T16:00:00.012000+00:00,0.000315360000,8.0
1616803200018,2021-03-27T00:00:00.018000+00:00,0.000100000000,8.0
1616832000000,2021-03-27T08:00:00+00:00,0.000142630000,8.0
1616860800001,2021-03-27T16:00:00.001000+00:00,0.000345320000,8.0
1616889600000,2021-03-28T00:00:00+00:00,0.000344000000,8.0
1616918400000,2021-03-28T08:00:00+00:00,0.000334890000,8.0
1616947200005,2021-03-28T16:00:00.005000+00:00,0.000819740000,8.0
1616976000003,2021-03-29T00:00:00.003000+00:00,0.000855820000,8.0
1617004800000,2021-03-29T08:00:00+00:00,0.000759590000,8.0
1617033600000,2021-03-29T16:00:00+00:00,0.000775120000,8.0
1617062400018,2021-03-30T00:00:00.018000+00:00,0.000458340000,8.0
1617091200012,2021-03-30T08:00:00.012000+00:00,0.001197440000,8.0
1617120000001,2021-03-30T16:00:00.001000+00:00,0.001343490000,8.0
1617148800000,2021-03-31T00:00:00+00:00,0.000893950000,8.0
1617177600000,2021-03-31T08:00:00+00:00,0.000548550000,8.0
1617206400000,2021-03-31T16:00:00+00:00,0.000578770000,8.0
1617235200025,2021-04-01T00:00:00.025000+00:00,0.001032630000,8.0
1617264000011,2021-04-01T08:00:00.011000+00:00,0.001047920000,8.0
1617292800004,2021-04-01T16:00:00.004000+00:00,0.000843340000,8.0
1617321600000,2021-04-02T00:00:00+00:00,0.000564000000,8.0
1617350400000,2021-04-02T08:00:00+00:00,0.001501690000,8.0
1617379200000,2021-04-02T16:00:00+00:00,0.000966560000,8.0
1617408000003,2021-04-03T00:00:00.003000+00:00,0.000901080000,8.0
1617436800000,2021-04-03T08:00:00+00:00,0.001425130000,8.0
1617465600000,2021-04-03T16:00:00+00:00,0.001677530000,8.0
1617494400000,2021-04-04T00:00:00+00:00,0.000165720000,8.0
1617523200000,2021-04-04T08:00:00+00:00,0.000803580000,8.0
1617552000016,2021-04-04T16:00:00.016000+00:00,0.000100000000,8.0
1617580800000,2021-04-05T00:00:00+00:00,0.000852270000,8.0
1617609600001,2021-04-05T08:00:00.001000+00:00,0.000121990000,8.0
1617638400001,2021-04-05T16:00:00.001000+00:00,0.001360060000,8.0
1617667200010,2021-04-06T00:00:00.010000+00:00,0.001409620000,8.0
1617696000000,2021-04-06T08:00:00+00:00,0.001495040000,8.0
1617724800003,2021-04-06T16:00:00.003000+00:00,0.000468720000,8.0
1617753600000,2021-04-07T00:00:00+00:00,0.000100000000,8.0
1617782400006,2021-04-07T08:00:00.006000+00:00,0.000100000000,8.0
1617811200004,2021-04-07T16:00:00.004000+00:00,0.000100000000,8.0
1617840000013,2021-04-08T00:00:00.013000+00:00,0.000306980000,8.0
1617868800003,2021-04-08T08:00:00.003000+00:00,0.000100000000,8.0
1617897600005,2021-04-08T16:00:00.005000+00:00,0.000179520000,8.0
1617926400000,2021-04-09T00:00:00+00:00,0.000100000000,8.0
1617955200004,2021-04-09T08:00:00.004000+00:00,0.000100000000,8.0
1617984000004,2021-04-09T16:00:00.004000+00:00,0.000272320000,8.0
1618012800011,2021-04-10T00:00:00.011000+00:00,0.000100000000,8.0
1618041600005,2021-04-10T08:00:00.005000+00:00,0.000918250000,8.0
1618070400000,2021-04-10T16:00:00+00:00,0.000834530000,8.0
1618099200004,2021-04-11T00:00:00.004000+00:00,0.000764440000,8.0
1618128000000,2021-04-11T08:00:00+00:00,0.000763460000,8.0
1618156800000,2021-04-11T16:00:00+00:00,0.000422570000,8.0
1618185600001,2021-04-12T00:00:00.001000+00:00,0.001132910000,8.0
1618214400001,2021-04-12T08:00:00.001000+00:00,0.000865060000,8.0
1618243200008,2021-04-12T16:00:00.008000+00:00,0.000654680000,8.0
1618272000003,2021-04-13T00:00:00.003000+00:00,0.000653550000,8.0
1618300800008,2021-04-13T08:00:00.008000+00:00,0.001067330000,8.0
1618329600008,2021-04-13T16:00:00.008000+00:00,0.001616170000,8.0
1618358400008,2021-04-14T00:00:00.008000+00:00,0.000828830000,8.0
1618387200000,2021-04-14T08:00:00+00:00,0.001502530000,8.0
1618416000012,2021-04-14T16:00:00.012000+00:00,0.000587800000,8.0
1618444800006,2021-04-15T00:00:00.006000+00:00,0.001057900000,8.0
1618473600000,2021-04-15T08:00:00+00:00,0.001418310000,8.0
1618502400008,2021-04-15T16:00:00.008000+00:00,0.000546640000,8.0
1618531200008,2021-04-16T00:00:00.008000+00:00,0.000744930000,8.0
1618560000000,2021-04-16T08:00:00+00:00,0.000634610000,8.0
1618588800002,2021-04-16T16:00:00.002000+00:00,0.001776200000,8.0
1618617600008,2021-04-17T00:00:00.008000+00:00,0.001142950000,8.0
1618646400000,2021-04-17T08:00:00+00:00,0.000698250000,8.0
1618675200001,2021-04-17T16:00:00.001000+00:00,0.000988680000,8.0
1618704000006,2021-04-18T00:00:00.006000+00:00,0.000690420000,8.0
1618732800004,2021-04-18T08:00:00.004000+00:00,-0.000815870000,8.0
1618761600000,2021-04-18T16:00:00+00:00,0.000384600000,8.0
1618790400000,2021-04-19T00:00:00+00:00,0.000119350000,8.0
1618819200000,2021-04-19T08:00:00+00:00,0.000527710000,8.0
1618848000009,2021-04-19T16:00:00.009000+00:00,0.000100000000,8.0
1618876800004,2021-04-20T00:00:00.004000+00:00,0.000691280000,8.0
1618905600000,2021-04-20T08:00:00+00:00,0.000315730000,8.0
1618934400001,2021-04-20T16:00:00.001000+00:00,0.000137980000,8.0
1618963200013,2021-04-21T00:00:00.013000+00:00,0.000100000000,8.0
1618992000001,2021-04-21T08:00:00.001000+00:00,0.000291160000,8.0
1619020800002,2021-04-21T16:00:00.002000+00:00,0.000100000000,8.0
1619049600000,2021-04-22T00:00:00+00:00,0.000100000000,8.0
1619078400000,2021-04-22T08:00:00+00:00,0.000100000000,8.0
1619107200001,2021-04-22T16:00:00.001000+00:00,0.000100000000,8.0
1619136000002,2021-04-23T00:00:00.002000+00:00,0.000100000000,8.0
1619164800009,2021-04-23T08:00:00.009000+00:00,0.000225170000,8.0
1619193600001,2021-04-23T16:00:00.001000+00:00,0.000100000000,8.0
1619222400019,2021-04-24T00:00:00.019000+00:00,0.000100000000,8.0
1619251200001,2021-04-24T08:00:00.001000+00:00,0.000100000000,8.0
1619280000011,2021-04-24T16:00:00.011000+00:00,0.000100000000,8.0
1619308800000,2021-04-25T00:00:00+00:00,0.000100000000,8.0
1619337600010,2021-04-25T08:00:00.010000+00:00,0.000153700000,8.0
1619366400000,2021-04-25T16:00:00+00:00,0.000052500000,8.0
1619395200003,2021-04-26T00:00:00.003000+00:00,0.000100000000,8.0
1619424000002,2021-04-26T08:00:00.002000+00:00,0.000100000000,8.0
1619452800004,2021-04-26T16:00:00.004000+00:00,0.000100000000,8.0
1619481600000,2021-04-27T00:00:00+00:00,0.000414220000,8.0
1619510400000,2021-04-27T08:00:00+00:00,0.000285320000,8.0
1619539200009,2021-04-27T16:00:00.009000+00:00,0.000552670000,8.0
1619568000000,2021-04-28T00:00:00+00:00,0.000671110000,8.0
1619596800000,2021-04-28T08:00:00+00:00,0.000182190000,8.0
1619625600001,2021-04-28T16:00:00.001000+00:00,0.000225700000,8.0
1619654400004,2021-04-29T00:00:00.004000+00:00,0.000100000000,8.0
1619683200013,2021-04-29T08:00:00.013000+00:00,0.000474340000,8.0
1619712000003,2021-04-29T16:00:00.003000+00:00,0.000131040000,8.0
1619740800004,2021-04-30T00:00:00.004000+00:00,0.000190410000,8.0
1619769600019,2021-04-30T08:00:00.019000+00:00,0.000451930000,8.0
1619798400003,2021-04-30T16:00:00.003000+00:00,0.000346390000,8.0
1619827200002,2021-05-01T00:00:00.002000+00:00,0.000500750000,8.0
1619856000006,2021-05-01T08:00:00.006000+00:00,0.001047650000,8.0
1619884800000,2021-05-01T16:00:00+00:00,0.000407180000,8.0
1619913600010,2021-05-02T00:00:00.010000+00:00,0.000400600000,8.0
1619942400011,2021-05-02T08:00:00.011000+00:00,0.000618870000,8.0
1619971200007,2021-05-02T16:00:00.007000+00:00,0.000628170000,8.0
1620000000003,2021-05-03T00:00:00.003000+00:00,0.000276810000,8.0
1620028800000,2021-05-03T08:00:00+00:00,0.000473320000,8.0
1620057600043,2021-05-03T16:00:00.043000+00:00,0.000681010000,8.0
1620086400004,2021-05-04T00:00:00.004000+00:00,0.000893780000,8.0
1620115200003,2021-05-04T08:00:00.003000+00:00,0.000332920000,8.0
1620144000011,2021-05-04T16:00:00.011000+00:00,0.000489840000,8.0
1620172800001,2021-05-05T00:00:00.001000+00:00,0.000216860000,8.0
1620201600007,2021-05-05T08:00:00.007000+00:00,0.000606780000,8.0
1620230400001,2021-05-05T16:00:00.001000+00:00,0.000751340000,8.0
1620259200003,2021-05-06T00:00:00.003000+00:00,0.000779370000,8.0
1620288000001,2021-05-06T08:00:00.001000+00:00,0.001177060000,8.0
1620316800000,2021-05-06T16:00:00+00:00,0.001724830000,8.0
1620345600000,2021-05-07T00:00:00+00:00,0.000906950000,8.0
1620374400000,2021-05-07T08:00:00+00:00,0.000865460000,8.0
1620403200001,2021-05-07T16:00:00.001000+00:00,0.001190540000,8.0
1620432000006,2021-05-08T00:00:00.006000+00:00,0.000754130000,8.0
1620460800000,2021-05-08T08:00:00+00:00,0.000821460000,8.0
1620489600000,2021-05-08T16:00:00+00:00,0.000720610000,8.0
1620518400005,2021-05-09T00:00:00.005000+00:00,0.000430050000,8.0
1620547200016,2021-05-09T08:00:00.016000+00:00,0.000441950000,8.0
1620576000000,2021-05-09T16:00:00+00:00,0.000570520000,8.0
1620604800004,2021-05-10T00:00:00.004000+00:00,0.000574190000,8.0
1620633600000,2021-05-10T08:00:00+00:00,0.000742430000,8.0
1620662400013,2021-05-10T16:00:00.013000+00:00,0.001110080000,8.0
1620691200000,2021-05-11T00:00:00+00:00,0.000100000000,8.0
1620720000000,2021-05-11T08:00:00+00:00,0.000100000000,8.0
1620748800002,2021-05-11T16:00:00.002000+00:00,0.000371510000,8.0
1620777600004,2021-05-12T00:00:00.004000+00:00,0.000100000000,8.0
1620806400007,2021-05-12T08:00:00.007000+00:00,0.000361440000,8.0
1620835200012,2021-05-12T16:00:00.012000+00:00,0.000348710000,8.0
1620864000016,2021-05-13T00:00:00.016000+00:00,0.000221130000,8.0
1620892800000,2021-05-13T08:00:00+00:00,0.000100000000,8.0
1620921600008,2021-05-13T16:00:00.008000+00:00,0.000100000000,8.0
1620950400007,2021-05-14T00:00:00.007000+00:00,0.000100000000,8.0
1620979200001,2021-05-14T08:00:00.001000+00:00,0.000100000000,8.0
1621008000004,2021-05-14T16:00:00.004000+00:00,0.000144390000,8.0
1621036800022,2021-05-15T00:00:00.022000+00:00,0.000217900000,8.0
1621065600014,2021-05-15T08:00:00.014000+00:00,0.000398310000,8.0
1621094400002,2021-05-15T16:00:00.002000+00:00,0.000463680000,8.0
1621123200000,2021-05-16T00:00:00+00:00,0.000140560000,8.0
1621152000003,2021-05-16T08:00:00.003000+00:00,0.000578020000,8.0
1621180800002,2021-05-16T16:00:00.002000+00:00,0.000449380000,8.0
1621209600005,2021-05-17T00:00:00.005000+00:00,0.000631160000,8.0
1621238400001,2021-05-17T08:00:00.001000+00:00,0.000368400000,8.0
1621267200000,2021-05-17T16:00:00+00:00,0.000403710000,8.0
1621296000019,2021-05-18T00:00:00.019000+00:00,0.000100000000,8.0
1621324800001,2021-05-18T08:00:00.001000+00:00,0.000212920000,8.0
1621353600006,2021-05-18T16:00:00.006000+00:00,0.000482790000,8.0
1621382400000,2021-05-19T00:00:00+00:00,0.000100000000,8.0
1621411200003,2021-05-19T08:00:00.003000+00:00,0.000236080000,8.0
1621440000018,2021-05-19T16:00:00.018000+00:00,-0.005364020000,8.0
1621468800005,2021-05-20T00:00:00.005000+00:00,0.000111770000,8.0
1621497600000,2021-05-20T08:00:00+00:00,0.000100000000,8.0
1621526400005,2021-05-20T16:00:00.005000+00:00,0.000100000000,8.0
1621555200000,2021-05-21T00:00:00+00:00,0.000100000000,8.0
1621584000000,2021-05-21T08:00:00+00:00,0.000100000000,8.0
1621612800001,2021-05-21T16:00:00.001000+00:00,0.000100000000,8.0
1621641600001,2021-05-22T00:00:00.001000+00:00,0.000100000000,8.0
1621670400002,2021-05-22T08:00:00.002000+00:00,0.000100000000,8.0
1621699200005,2021-05-22T16:00:00.005000+00:00,0.000100000000,8.0
1621728000006,2021-05-23T00:00:00.006000+00:00,0.000100000000,8.0
1621756800004,2021-05-23T08:00:00.004000+00:00,0.000100000000,8.0
1621785600002,2021-05-23T16:00:00.002000+00:00,0.000100000000,8.0
1621814400007,2021-05-24T00:00:00.007000+00:00,0.000100000000,8.0
1621843200005,2021-05-24T08:00:00.005000+00:00,0.000100000000,8.0
1621872000005,2021-05-24T16:00:00.005000+00:00,0.000100000000,8.0
1621900800000,2021-05-25T00:00:00+00:00,0.000100000000,8.0
1621929600014,2021-05-25T08:00:00.014000+00:00,0.000100000000,8.0
1621958400000,2021-05-25T16:00:00+00:00,0.000100000000,8.0
1621987200022,2021-05-26T00:00:00.022000+00:00,0.000100000000,8.0
1622016000018,2021-05-26T08:00:00.018000+00:00,0.000100000000,8.0
1622044800004,2021-05-26T16:00:00.004000+00:00,0.000100000000,8.0
1622073600000,2021-05-27T00:00:00+00:00,0.000100000000,8.0
1622102400017,2021-05-27T08:00:00.017000+00:00,0.000100000000,8.0
1622131200000,2021-05-27T16:00:00+00:00,0.000100000000,8.0
1622160000005,2021-05-28T00:00:00.005000+00:00,0.000100000000,8.0
1622188800009,2021-05-28T08:00:00.009000+00:00,0.000100000000,8.0
1622217600000,2021-05-28T16:00:00+00:00,0.000100000000,8.0
1622246400006,2021-05-29T00:00:00.006000+00:00,0.000100000000,8.0
1622275200000,2021-05-29T08:00:00+00:00,0.000100000000,8.0
1622304000000,2021-05-29T16:00:00+00:00,0.000100000000,8.0
1622332800003,2021-05-30T00:00:00.003000+00:00,0.000100000000,8.0
1622361600004,2021-05-30T08:00:00.004000+00:00,0.000100000000,8.0
1622390400018,2021-05-30T16:00:00.018000+00:00,0.000100000000,8.0
1622419200002,2021-05-31T00:00:00.002000+00:00,0.000100000000,8.0
1622448000000,2021-05-31T08:00:00+00:00,0.000100000000,8.0
1622476800000,2021-05-31T16:00:00+00:00,0.000100000000,8.0
1622505600001,2021-06-01T00:00:00.001000+00:00,0.000100000000,8.0
1622534400010,2021-06-01T08:00:00.010000+00:00,0.000100000000,8.0
1622563200010,2021-06-01T16:00:00.010000+00:00,0.000100000000,8.0
1622592000008,2021-06-02T00:00:00.008000+00:00,0.000100000000,8.0
1622620800000,2021-06-02T08:00:00+00:00,0.000100000000,8.0
1622649600007,2021-06-02T16:00:00.007000+00:00,0.000100000000,8.0
1622678400019,2021-06-03T00:00:00.019000+00:00,0.000100000000,8.0
1622707200002,2021-06-03T08:00:00.002000+00:00,0.000100000000,8.0
1622736000003,2021-06-03T16:00:00.003000+00:00,0.000100000000,8.0
1622764800003,2021-06-04T00:00:00.003000+00:00,0.000100000000,8.0
1622793600006,2021-06-04T08:00:00.006000+00:00,0.000100000000,8.0
1622822400002,2021-06-04T16:00:00.002000+00:00,0.000100000000,8.0
1622851200000,2021-06-05T00:00:00+00:00,0.000100000000,8.0
1622880000004,2021-06-05T08:00:00.004000+00:00,0.000100000000,8.0
1622908800020,2021-06-05T16:00:00.020000+00:00,0.000100000000,8.0
1622937600000,2021-06-06T00:00:00+00:00,0.000100000000,8.0
1622966400004,2021-06-06T08:00:00.004000+00:00,0.000100000000,8.0
1622995200000,2021-06-06T16:00:00+00:00,0.000100000000,8.0
1623024000007,2021-06-07T00:00:00.007000+00:00,0.000100000000,8.0
1623052800007,2021-06-07T08:00:00.007000+00:00,0.000100000000,8.0
1623081600003,2021-06-07T16:00:00.003000+00:00,0.000100000000,8.0
1623110400000,2021-06-08T00:00:00+00:00,0.000100000000,8.0
1623139200000,2021-06-08T08:00:00+00:00,0.000100000000,8.0
1623168000002,2021-06-08T16:00:00.002000+00:00,0.000100000000,8.0
1623196800009,2021-06-09T00:00:00.009000+00:00,-0.000016300000,8.0
1623225600002,2021-06-09T08:00:00.002000+00:00,0.000010530000,8.0
1623254400000,2021-06-09T16:00:00+00:00,-0.000060880000,8.0
1623283200007,2021-06-10T00:00:00.007000+00:00,0.000100000000,8.0
1623312000003,2021-06-10T08:00:00.003000+00:00,0.000100000000,8.0
1623340800000,2021-06-10T16:00:00+00:00,0.000100000000,8.0
1623369600010,2021-06-11T00:00:00.010000+00:00,0.000100000000,8.0
1623398400007,2021-06-11T08:00:00.007000+00:00,0.000100000000,8.0
1623427200006,2021-06-11T16:00:00.006000+00:00,0.000100000000,8.0
1623456000005,2021-06-12T00:00:00.005000+00:00,0.000100000000,8.0
1623484800000,2021-06-12T08:00:00+00:00,0.000100000000,8.0
1623513600018,2021-06-12T16:00:00.018000+00:00,0.000100000000,8.0
1623542400002,2021-06-13T00:00:00.002000+00:00,0.000100000000,8.0
1623571200000,2021-06-13T08:00:00+00:00,0.000100000000,8.0
1623600000003,2021-06-13T16:00:00.003000+00:00,0.000100000000,8.0
1623628800000,2021-06-14T00:00:00+00:00,0.000100000000,8.0
1623657600015,2021-06-14T08:00:00.015000+00:00,0.000100000000,8.0
1623686400000,2021-06-14T16:00:00+00:00,0.000100000000,8.0
1623715200000,2021-06-15T00:00:00+00:00,0.000100000000,8.0
1623744000000,2021-06-15T08:00:00+00:00,0.000100000000,8.0
1623772800004,2021-06-15T16:00:00.004000+00:00,0.000100000000,8.0
1623801600004,2021-06-16T00:00:00.004000+00:00,0.000100000000,8.0
1623830400001,2021-06-16T08:00:00.001000+00:00,0.000100000000,8.0
1623859200000,2021-06-16T16:00:00+00:00,0.000100000000,8.0
1623888000004,2021-06-17T00:00:00.004000+00:00,0.000100000000,8.0
1623916800000,2021-06-17T08:00:00+00:00,0.000100000000,8.0
1623945600002,2021-06-17T16:00:00.002000+00:00,0.000100000000,8.0
1623974400009,2021-06-18T00:00:00.009000+00:00,0.000100000000,8.0
1624003200014,2021-06-18T08:00:00.014000+00:00,0.000100000000,8.0
1624032000007,2021-06-18T16:00:00.007000+00:00,0.000100000000,8.0
1624060800003,2021-06-19T00:00:00.003000+00:00,0.000100000000,8.0
1624089600001,2021-06-19T08:00:00.001000+00:00,0.000052860000,8.0
1624118400000,2021-06-19T16:00:00+00:00,0.000100000000,8.0
1624147200005,2021-06-20T00:00:00.005000+00:00,0.000051390000,8.0
1624176000000,2021-06-20T08:00:00+00:00,0.000012430000,8.0
1624204800002,2021-06-20T16:00:00.002000+00:00,-0.000155060000,8.0
1624233600019,2021-06-21T00:00:00.019000+00:00,0.000100000000,8.0
1624262400000,2021-06-21T08:00:00+00:00,-0.000145270000,8.0
1624291200024,2021-06-21T16:00:00.024000+00:00,-0.000122220000,8.0
1624320000008,2021-06-22T00:00:00.008000+00:00,-0.000159390000,8.0
1624348800009,2021-06-22T08:00:00.009000+00:00,0.000088490000,8.0
1624377600001,2021-06-22T16:00:00.001000+00:00,-0.000638660000,8.0
1624406400003,2021-06-23T00:00:00.003000+00:00,0.000037780000,8.0
1624435200000,2021-06-23T08:00:00+00:00,-0.000169830000,8.0
1624464000000,2021-06-23T16:00:00+00:00,-0.000483760000,8.0
1624492800009,2021-06-24T00:00:00.009000+00:00,-0.000405130000,8.0
1624521600018,2021-06-24T08:00:00.018000+00:00,-0.000039800000,8.0
1624550400001,2021-06-24T16:00:00.001000+00:00,-0.000032740000,8.0
1624579200009,2021-06-25T00:00:00.009000+00:00,-0.000008450000,8.0
1624608000004,2021-06-25T08:00:00.004000+00:00,-0.000005360000,8.0
1624636800000,2021-06-25T16:00:00+00:00,0.000085090000,8.0
1624665600007,2021-06-26T00:00:00.007000+00:00,0.000014870000,8.0
1624694400000,2021-06-26T08:00:00+00:00,0.000023560000,8.0
1624723200002,2021-06-26T16:00:00.002000+00:00,-0.000278790000,8.0
1624752000005,2021-06-27T00:00:00.005000+00:00,-0.000107670000,8.0
1624780800010,2021-06-27T08:00:00.010000+00:00,0.000100000000,8.0
1624809600001,2021-06-27T16:00:00.001000+00:00,0.000100000000,8.0
1624838400025,2021-06-28T00:00:00.025000+00:00,0.000100000000,8.0
1624867200017,2021-06-28T08:00:00.017000+00:00,0.000100000000,8.0
1624896000007,2021-06-28T16:00:00.007000+00:00,0.000100000000,8.0
1624924800008,2021-06-29T00:00:00.008000+00:00,0.000100000000,8.0
1624953600000,2021-06-29T08:00:00+00:00,0.000100000000,8.0
1624982400000,2021-06-29T16:00:00+00:00,-0.000048140000,8.0
1625011200011,2021-06-30T00:00:00.011000+00:00,0.000100000000,8.0
1625040000044,2021-06-30T08:00:00.044000+00:00,0.000100000000,8.0
1625068800005,2021-06-30T16:00:00.005000+00:00,0.000100000000,8.0
1625097600000,2021-07-01T00:00:00+00:00,0.000088240000,8.0
1625126400004,2021-07-01T08:00:00.004000+00:00,0.000100000000,8.0
1625155200028,2021-07-01T16:00:00.028000+00:00,0.000100000000,8.0
1625184000002,2021-07-02T00:00:00.002000+00:00,0.000100000000,8.0
1625212800016,2021-07-02T08:00:00.016000+00:00,0.000100000000,8.0
1625241600007,2021-07-02T16:00:00.007000+00:00,0.000100000000,8.0
1625270400008,2021-07-03T00:00:00.008000+00:00,0.000100000000,8.0
1625299200000,2021-07-03T08:00:00+00:00,0.000100000000,8.0
1625328000004,2021-07-03T16:00:00.004000+00:00,0.000100000000,8.0
1625356800012,2021-07-04T00:00:00.012000+00:00,0.000100000000,8.0
1625385600002,2021-07-04T08:00:00.002000+00:00,0.000100000000,8.0
1625414400003,2021-07-04T16:00:00.003000+00:00,0.000100000000,8.0
1625443200004,2021-07-05T00:00:00.004000+00:00,0.000100000000,8.0
1625472000000,2021-07-05T08:00:00+00:00,0.000100000000,8.0
1625500800009,2021-07-05T16:00:00.009000+00:00,0.000100000000,8.0
1625529600008,2021-07-06T00:00:00.008000+00:00,0.000100000000,8.0
1625558400019,2021-07-06T08:00:00.019000+00:00,0.000100000000,8.0
1625587200000,2021-07-06T16:00:00+00:00,0.000100000000,8.0
1625616000007,2021-07-07T00:00:00.007000+00:00,0.000100000000,8.0
1625644800001,2021-07-07T08:00:00.001000+00:00,0.000100000000,8.0
1625673600008,2021-07-07T16:00:00.008000+00:00,0.000100000000,8.0
1625702400002,2021-07-08T00:00:00.002000+00:00,0.000100000000,8.0
1625731200010,2021-07-08T08:00:00.010000+00:00,0.000100000000,8.0
1625760000003,2021-07-08T16:00:00.003000+00:00,0.000100000000,8.0
1625788800000,2021-07-09T00:00:00+00:00,0.000100000000,8.0
1625817600006,2021-07-09T08:00:00.006000+00:00,0.000100000000,8.0
1625846400000,2021-07-09T16:00:00+00:00,0.000025730000,8.0
1625875200002,2021-07-10T00:00:00.002000+00:00,0.000100000000,8.0
1625904000000,2021-07-10T08:00:00+00:00,0.000100000000,8.0
1625932800001,2021-07-10T16:00:00.001000+00:00,0.000100000000,8.0
1625961600001,2021-07-11T00:00:00.001000+00:00,0.000100000000,8.0
1625990400025,2021-07-11T08:00:00.025000+00:00,0.000100000000,8.0
1626019200006,2021-07-11T16:00:00.006000+00:00,0.000100000000,8.0
1626048000000,2021-07-12T00:00:00+00:00,0.000100000000,8.0
1626076800021,2021-07-12T08:00:00.021000+00:00,0.000100000000,8.0
1626105600000,2021-07-12T16:00:00+00:00,0.000100000000,8.0
1626134400000,2021-07-13T00:00:00+00:00,0.000100000000,8.0
1626163200013,2021-07-13T08:00:00.013000+00:00,0.000100000000,8.0
1626192000005,2021-07-13T16:00:00.005000+00:00,0.000100000000,8.0
1626220800000,2021-07-14T00:00:00+00:00,0.000100000000,8.0
1626249600000,2021-07-14T08:00:00+00:00,0.000100000000,8.0
1626278400005,2021-07-14T16:00:00.005000+00:00,0.000100000000,8.0
1626307200005,2021-07-15T00:00:00.005000+00:00,0.000100000000,8.0
1626336000001,2021-07-15T08:00:00.001000+00:00,0.000100000000,8.0
1626364800000,2021-07-15T16:00:00+00:00,0.000100000000,8.0
1626393600000,2021-07-16T00:00:00+00:00,0.000100000000,8.0
1626422400000,2021-07-16T08:00:00+00:00,0.000100000000,8.0
1626451200001,2021-07-16T16:00:00.001000+00:00,0.000100000000,8.0
1626480000004,2021-07-17T00:00:00.004000+00:00,0.000100000000,8.0
1626508800009,2021-07-17T08:00:00.009000+00:00,0.000100000000,8.0
1626537600006,2021-07-17T16:00:00.006000+00:00,0.000100000000,8.0
1626566400000,2021-07-18T00:00:00+00:00,0.000100000000,8.0
1626595200001,2021-07-18T08:00:00.001000+00:00,0.000100000000,8.0
1626624000003,2021-07-18T16:00:00.003000+00:00,0.000100000000,8.0
1626652800002,2021-07-19T00:00:00.002000+00:00,0.000100000000,8.0
1626681600006,2021-07-19T08:00:00.006000+00:00,0.000100000000,8.0
1626710400006,2021-07-19T16:00:00.006000+00:00,0.000100000000,8.0
1626739200002,2021-07-20T00:00:00.002000+00:00,0.000098540000,8.0
1626768000011,2021-07-20T08:00:00.011000+00:00,-0.000008310000,8.0
1626796800001,2021-07-20T16:00:00.001000+00:00,-0.000112970000,8.0
1626825600022,2021-07-21T00:00:00.022000+00:00,-0.000113330000,8.0
1626854400000,2021-07-21T08:00:00+00:00,0.000028760000,8.0
1626883200018,2021-07-21T16:00:00.018000+00:00,0.000082640000,8.0
1626912000002,2021-07-22T00:00:00.002000+00:00,0.000100000000,8.0
1626940800006,2021-07-22T08:00:00.006000+00:00,0.000100000000,8.0
1626969600010,2021-07-22T16:00:00.010000+00:00,0.000100000000,8.0
1626998400013,2021-07-23T00:00:00.013000+00:00,0.000100000000,8.0
1627027200000,2021-07-23T08:00:00+00:00,0.000100000000,8.0
1627056000005,2021-07-23T16:00:00.005000+00:00,0.000100000000,8.0
1627084800000,2021-07-24T00:00:00+00:00,0.000100000000,8.0
1627113600002,2021-07-24T08:00:00.002000+00:00,0.000100000000,8.0
1627142400001,2021-07-24T16:00:00.001000+00:00,0.000100000000,8.0
1627171200003,2021-07-25T00:00:00.003000+00:00,0.000100000000,8.0
1627200000015,2021-07-25T08:00:00.015000+00:00,0.000100000000,8.0
1627228800000,2021-07-25T16:00:00+00:00,0.000100000000,8.0
1627257600000,2021-07-26T00:00:00+00:00,0.000100000000,8.0
1627286400000,2021-07-26T08:00:00+00:00,0.000100000000,8.0
1627315200000,2021-07-26T16:00:00+00:00,0.000100000000,8.0
1627344000046,2021-07-27T00:00:00.046000+00:00,0.000100000000,8.0
1627372800014,2021-07-27T08:00:00.014000+00:00,0.000100000000,8.0
1627401600007,2021-07-27T16:00:00.007000+00:00,0.000100000000,8.0
1627430400000,2021-07-28T00:00:00+00:00,0.000100000000,8.0
1627459200002,2021-07-28T08:00:00.002000+00:00,0.000100000000,8.0
1627488000005,2021-07-28T16:00:00.005000+00:00,0.000100000000,8.0
1627516800004,2021-07-29T00:00:00.004000+00:00,0.000100000000,8.0
1627545600000,2021-07-29T08:00:00+00:00,0.000100000000,8.0
1627574400007,2021-07-29T16:00:00.007000+00:00,0.000100000000,8.0
1627603200004,2021-07-30T00:00:00.004000+00:00,0.000100000000,8.0
1627632000000,2021-07-30T08:00:00+00:00,0.000100000000,8.0
1627660800000,2021-07-30T16:00:00+00:00,0.000100000000,8.0
1627689600000,2021-07-31T00:00:00+00:00,0.000100000000,8.0
1627718400014,2021-07-31T08:00:00.014000+00:00,0.000100000000,8.0
1627747200003,2021-07-31T16:00:00.003000+00:00,0.000100000000,8.0
1627776000005,2021-08-01T00:00:00.005000+00:00,0.000100000000,8.0
1627804800016,2021-08-01T08:00:00.016000+00:00,0.000100000000,8.0
1627833600001,2021-08-01T16:00:00.001000+00:00,0.000100000000,8.0
1627862400000,2021-08-02T00:00:00+00:00,0.000100000000,8.0
1627891200014,2021-08-02T08:00:00.014000+00:00,0.000100000000,8.0
1627920000021,2021-08-02T16:00:00.021000+00:00,0.000100000000,8.0
1627948800000,2021-08-03T00:00:00+00:00,0.000100000000,8.0
1627977600000,2021-08-03T08:00:00+00:00,0.000100000000,8.0
1628006400009,2021-08-03T16:00:00.009000+00:00,0.000100000000,8.0
1628035200000,2021-08-04T00:00:00+00:00,0.000100000000,8.0
1628064000000,2021-08-04T08:00:00+00:00,0.000100000000,8.0
1628092800003,2021-08-04T16:00:00.003000+00:00,0.000100000000,8.0
1628121600000,2021-08-05T00:00:00+00:00,0.000100000000,8.0
1628150400000,2021-08-05T08:00:00+00:00,0.000100000000,8.0
1628179200001,2021-08-05T16:00:00.001000+00:00,0.000101940000,8.0
1628208000000,2021-08-06T00:00:00+00:00,0.000100000000,8.0
1628236800004,2021-08-06T08:00:00.004000+00:00,0.000100000000,8.0
1628265600003,2021-08-06T16:00:00.003000+00:00,0.000100000000,8.0
1628294400015,2021-08-07T00:00:00.015000+00:00,0.000179640000,8.0
1628323200001,2021-08-07T08:00:00.001000+00:00,0.000139940000,8.0
1628352000002,2021-08-07T16:00:00.002000+00:00,0.000575490000,8.0
1628380800000,2021-08-08T00:00:00+00:00,0.000310140000,8.0
1628409600002,2021-08-08T08:00:00.002000+00:00,0.000225650000,8.0
1628438400018,2021-08-08T16:00:00.018000+00:00,0.000251360000,8.0
1628467200000,2021-08-09T00:00:00+00:00,0.000100000000,8.0
1628496000000,2021-08-09T08:00:00+00:00,0.000122330000,8.0
1628524800002,2021-08-09T16:00:00.002000+00:00,0.000100000000,8.0
1628553600000,2021-08-10T00:00:00+00:00,0.000134350000,8.0
1628582400003,2021-08-10T08:00:00.003000+00:00,0.000181250000,8.0
1628611200000,2021-08-10T16:00:00+00:00,0.000245000000,8.0
1628640000006,2021-08-11T00:00:00.006000+00:00,0.000152420000,8.0
1628668800003,2021-08-11T08:00:00.003000+00:00,0.000325060000,8.0
1628697600000,2021-08-11T16:00:00+00:00,0.000414090000,8.0
1628726400013,2021-08-12T00:00:00.013000+00:00,0.000285420000,8.0
1628755200001,2021-08-12T08:00:00.001000+00:00,0.000100000000,8.0
1628784000000,2021-08-12T16:00:00+00:00,0.000182200000,8.0
1628812800000,2021-08-13T00:00:00+00:00,0.000100000000,8.0
1628841600000,2021-08-13T08:00:00+00:00,0.000100000000,8.0
1628870400002,2021-08-13T16:00:00.002000+00:00,0.000130080000,8.0
1628899200006,2021-08-14T00:00:00.006000+00:00,0.000104580000,8.0
1628928000000,2021-08-14T08:00:00+00:00,0.000297330000,8.0
1628956800000,2021-08-14T16:00:00+00:00,0.000109980000,8.0
1628985600003,2021-08-15T00:00:00.003000+00:00,0.000219550000,8.0
1629014400000,2021-08-15T08:00:00+00:00,0.000276310000,8.0
1629043200007,2021-08-15T16:00:00.007000+00:00,0.000400550000,8.0
1629072000012,2021-08-16T00:00:00.012000+00:00,0.000699570000,8.0
1629100800003,2021-08-16T08:00:00.003000+00:00,0.000868700000,8.0
1629129600010,2021-08-16T16:00:00.010000+00:00,0.000202610000,8.0
1629158400018,2021-08-17T00:00:00.018000+00:00,0.000844220000,8.0
1629187200015,2021-08-17T08:00:00.015000+00:00,0.000489430000,8.0
1629216000006,2021-08-17T16:00:00.006000+00:00,0.000593620000,8.0
1629244800000,2021-08-18T00:00:00+00:00,0.000100000000,8.0
1629273600000,2021-08-18T08:00:00+00:00,0.000100000000,8.0
1629302400011,2021-08-18T16:00:00.011000+00:00,0.000100000000,8.0
1629331200000,2021-08-19T00:00:00+00:00,0.000436290000,8.0
1629360000014,2021-08-19T08:00:00.014000+00:00,0.000197320000,8.0
1629388800000,2021-08-19T16:00:00+00:00,0.000100000000,8.0
1629417600000,2021-08-20T00:00:00+00:00,0.000122840000,8.0
1629446400001,2021-08-20T08:00:00.001000+00:00,0.000530920000,8.0
1629475200001,2021-08-20T16:00:00.001000+00:00,0.000600410000,8.0
1629504000005,2021-08-21T00:00:00.005000+00:00,0.000534110000,8.0
1629532800001,2021-08-21T08:00:00.001000+00:00,0.000580590000,8.0
1629561600000,2021-08-21T16:00:00+00:00,0.000234140000,8.0
1629590400005,2021-08-22T00:00:00.005000+00:00,0.000100000000,8.0
1629619200007,2021-08-22T08:00:00.007000+00:00,0.000239230000,8.0
1629648000002,2021-08-22T16:00:00.002000+00:00,0.000232490000,8.0
1629676800003,2021-08-23T00:00:00.003000+00:00,0.000100000000,8.0
1629705600005,2021-08-23T08:00:00.005000+00:00,0.000392200000,8.0
1629734400002,2021-08-23T16:00:00.002000+00:00,0.000418880000,8.0
1629763200006,2021-08-24T00:00:00.006000+00:00,0.000377560000,8.0
1629792000004,2021-08-24T08:00:00.004000+00:00,0.000719250000,8.0
1629820800000,2021-08-24T16:00:00+00:00,0.000256470000,8.0
1629849600015,2021-08-25T00:00:00.015000+00:00,0.000100000000,8.0
1629878400000,2021-08-25T08:00:00+00:00,0.000100000000,8.0
1629907200000,2021-08-25T16:00:00+00:00,0.000100000000,8.0
1629936000001,2021-08-26T00:00:00.001000+00:00,0.000100000000,8.0
1629964800016,2021-08-26T08:00:00.016000+00:00,0.000100000000,8.0
1629993600004,2021-08-26T16:00:00.004000+00:00,0.000100000000,8.0
1630022400013,2021-08-27T00:00:00.013000+00:00,0.000100000000,8.0
1630051200001,2021-08-27T08:00:00.001000+00:00,0.000100000000,8.0
1630080000004,2021-08-27T16:00:00.004000+00:00,0.000100000000,8.0
1630108800000,2021-08-28T00:00:00+00:00,0.000094740000,8.0
1630137600000,2021-08-28T08:00:00+00:00,0.000100000000,8.0
1630166400000,2021-08-28T16:00:00+00:00,0.000100000000,8.0
1630195200000,2021-08-29T00:00:00+00:00,0.000100000000,8.0
1630224000002,2021-08-29T08:00:00.002000+00:00,0.000100000000,8.0
1630252800005,2021-08-29T16:00:00.005000+00:00,0.000141020000,8.0
1630281600013,2021-08-30T00:00:00.013000+00:00,0.000100000000,8.0
1630310400008,2021-08-30T08:00:00.008000+00:00,0.000207700000,8.0
1630339200000,2021-08-30T16:00:00+00:00,0.000100000000,8.0
1630368000000,2021-08-31T00:00:00+00:00,0.000313690000,8.0
1630396800007,2021-08-31T08:00:00.007000+00:00,0.000100000000,8.0
1630425600003,2021-08-31T16:00:00.003000+00:00,0.000594600000,8.0
1630454400000,2021-09-01T00:00:00+00:00,0.000687530000,8.0
1630483200006,2021-09-01T08:00:00.006000+00:00,0.000429450000,8.0
1630512000000,2021-09-01T16:00:00+00:00,0.000302610000,8.0
1630540800009,2021-09-02T00:00:00.009000+00:00,0.000954560000,8.0
1630569600006,2021-09-02T08:00:00.006000+00:00,0.000860890000,8.0
1630598400007,2021-09-02T16:00:00.007000+00:00,0.000821640000,8.0
1630627200011,2021-09-03T00:00:00.011000+00:00,0.000692430000,8.0
1630656000000,2021-09-03T08:00:00+00:00,0.000100000000,8.0
1630684800002,2021-09-03T16:00:00.002000+00:00,0.000829310000,8.0
1630713600003,2021-09-04T00:00:00.003000+00:00,0.000382320000,8.0
1630742400008,2021-09-04T08:00:00.008000+00:00,0.000509160000,8.0
1630771200009,2021-09-04T16:00:00.009000+00:00,0.000920710000,8.0
1630800000002,2021-09-05T00:00:00.002000+00:00,0.000513700000,8.0
1630828800002,2021-09-05T08:00:00.002000+00:00,0.000944660000,8.0
1630857600000,2021-09-05T16:00:00+00:00,0.001215320000,8.0
1630886400003,2021-09-06T00:00:00.003000+00:00,0.000770470000,8.0
1630915200008,2021-09-06T08:00:00.008000+00:00,0.000936180000,8.0
1630944000009,2021-09-06T16:00:00.009000+00:00,0.000288080000,8.0
1630972800004,2021-09-07T00:00:00.004000+00:00,0.000100000000,8.0
1631001600002,2021-09-07T08:00:00.002000+00:00,0.000100000000,8.0
1631030400001,2021-09-07T16:00:00.001000+00:00,0.000100000000,8.0
1631059200005,2021-09-08T00:00:00.005000+00:00,0.000322690000,8.0
1631088000000,2021-09-08T08:00:00+00:00,0.000345890000,8.0
1631116800000,2021-09-08T16:00:00+00:00,0.000236830000,8.0
1631145600006,2021-09-09T00:00:00.006000+00:00,0.000100000000,8.0
1631174400014,2021-09-09T08:00:00.014000+00:00,0.000308280000,8.0
1631203200002,2021-09-09T16:00:00.002000+00:00,0.000100000000,8.0
1631232000001,2021-09-10T00:00:00.001000+00:00,0.000105250000,8.0
1631260800018,2021-09-10T08:00:00.018000+00:00,0.000245680000,8.0
1631289600006,2021-09-10T16:00:00.006000+00:00,0.000270750000,8.0
1631318400000,2021-09-11T00:00:00+00:00,0.000132680000,8.0
1631347200001,2021-09-11T08:00:00.001000+00:00,0.000109140000,8.0
1631376000000,2021-09-11T16:00:00+00:00,0.000100000000,8.0
1631404800000,2021-09-12T00:00:00+00:00,0.000100000000,8.0
1631433600002,2021-09-12T08:00:00.002000+00:00,0.000200960000,8.0
1631462400000,2021-09-12T16:00:00+00:00,0.000344870000,8.0
1631491200000,2021-09-13T00:00:00+00:00,0.000238500000,8.0
1631520000007,2021-09-13T08:00:00.007000+00:00,0.000166580000,8.0
1631548800005,2021-09-13T16:00:00.005000+00:00,0.000100000000,8.0
1631577600002,2021-09-14T00:00:00.002000+00:00,0.000100000000,8.0
1631606400000,2021-09-14T08:00:00+00:00,0.000100000000,8.0
1631635200007,2021-09-14T16:00:00.007000+00:00,0.000100000000,8.0
1631664000012,2021-09-15T00:00:00.012000+00:00,0.000181550000,8.0
1631692800003,2021-09-15T08:00:00.003000+00:00,0.000248000000,8.0
1631721600006,2021-09-15T16:00:00.006000+00:00,0.000375170000,8.0
1631750400008,2021-09-16T00:00:00.008000+00:00,0.000399010000,8.0
1631779200005,2021-09-16T08:00:00.005000+00:00,0.000551440000,8.0
1631808000002,2021-09-16T16:00:00.002000+00:00,0.000519060000,8.0
1631836800000,2021-09-17T00:00:00+00:00,0.000499340000,8.0
1631865600047,2021-09-17T08:00:00.047000+00:00,0.000563570000,8.0
1631894400013,2021-09-17T16:00:00.013000+00:00,0.000136590000,8.0
1631923200000,2021-09-18T00:00:00+00:00,0.000100000000,8.0
1631952000010,2021-09-18T08:00:00.010000+00:00,0.000100000000,8.0
1631980800005,2021-09-18T16:00:00.005000+00:00,0.000100000000,8.0
1632009600006,2021-09-19T00:00:00.006000+00:00,0.000100000000,8.0
1632038400015,2021-09-19T08:00:00.015000+00:00,0.000127450000,8.0
1632067200007,2021-09-19T16:00:00.007000+00:00,0.000100000000,8.0
1632096000018,2021-09-20T00:00:00.018000+00:00,0.000203170000,8.0
1632124800000,2021-09-20T08:00:00+00:00,0.000100000000,8.0
1632153600005,2021-09-20T16:00:00.005000+00:00,0.000100000000,8.0
1632182400005,2021-09-21T00:00:00.005000+00:00,0.000100000000,8.0
1632211200007,2021-09-21T08:00:00.007000+00:00,0.000100000000,8.0
1632240000000,2021-09-21T16:00:00+00:00,0.000100000000,8.0
1632268800005,2021-09-22T00:00:00.005000+00:00,0.000100000000,8.0
1632297600006,2021-09-22T08:00:00.006000+00:00,0.000100000000,8.0
1632326400000,2021-09-22T16:00:00+00:00,0.000100000000,8.0
1632355200003,2021-09-23T00:00:00.003000+00:00,0.000100000000,8.0
1632384000000,2021-09-23T08:00:00+00:00,0.000100000000,8.0
1632412800007,2021-09-23T16:00:00.007000+00:00,0.000100000000,8.0
1632441600000,2021-09-24T00:00:00+00:00,0.000100000000,8.0
1632470400017,2021-09-24T08:00:00.017000+00:00,0.000100000000,8.0
1632499200000,2021-09-24T16:00:00+00:00,0.000100000000,8.0
1632528000007,2021-09-25T00:00:00.007000+00:00,0.000100000000,8.0
1632556800002,2021-09-25T08:00:00.002000+00:00,0.000100000000,8.0
1632585600004,2021-09-25T16:00:00.004000+00:00,0.000100000000,8.0
1632614400013,2021-09-26T00:00:00.013000+00:00,0.000100000000,8.0
1632643200000,2021-09-26T08:00:00+00:00,0.000100000000,8.0
1632672000005,2021-09-26T16:00:00.005000+00:00,0.000100000000,8.0
1632700800000,2021-09-27T00:00:00+00:00,0.000100000000,8.0
1632729600001,2021-09-27T08:00:00.001000+00:00,0.000100000000,8.0
1632758400000,2021-09-27T16:00:00+00:00,0.000100000000,8.0
1632787200000,2021-09-28T00:00:00+00:00,0.000100000000,8.0
1632816000014,2021-09-28T08:00:00.014000+00:00,0.000100000000,8.0
1632844800000,2021-09-28T16:00:00+00:00,0.000100000000,8.0
1632873600000,2021-09-29T00:00:00+00:00,0.000100000000,8.0
1632902400002,2021-09-29T08:00:00.002000+00:00,0.000100000000,8.0
1632931200000,2021-09-29T16:00:00+00:00,0.000100000000,8.0
1632960000000,2021-09-30T00:00:00+00:00,0.000100000000,8.0
1632988800004,2021-09-30T08:00:00.004000+00:00,0.000100000000,8.0
1633017600005,2021-09-30T16:00:00.005000+00:00,0.000100000000,8.0
1633046400012,2021-10-01T00:00:00.012000+00:00,0.000100000000,8.0
1633075200008,2021-10-01T08:00:00.008000+00:00,0.000100000000,8.0
1633104000000,2021-10-01T16:00:00+00:00,0.000100000000,8.0
1633132800000,2021-10-02T00:00:00+00:00,0.000100000000,8.0
1633161600002,2021-10-02T08:00:00.002000+00:00,0.000100000000,8.0
1633190400011,2021-10-02T16:00:00.011000+00:00,0.000100000000,8.0
1633219200019,2021-10-03T00:00:00.019000+00:00,0.000100000000,8.0
1633248000011,2021-10-03T08:00:00.011000+00:00,0.000100000000,8.0
1633276800004,2021-10-03T16:00:00.004000+00:00,0.000100000000,8.0
1633305600004,2021-10-04T00:00:00.004000+00:00,0.000100000000,8.0
1633334400000,2021-10-04T08:00:00+00:00,0.000100000000,8.0
1633363200000,2021-10-04T16:00:00+00:00,0.000100000000,8.0
1633392000007,2021-10-05T00:00:00.007000+00:00,0.000100000000,8.0
1633420800007,2021-10-05T08:00:00.007000+00:00,0.000100000000,8.0
1633449600004,2021-10-05T16:00:00.004000+00:00,0.000118490000,8.0
1633478400002,2021-10-06T00:00:00.002000+00:00,0.000322760000,8.0
1633507200000,2021-10-06T08:00:00+00:00,0.000410100000,8.0
1633536000003,2021-10-06T16:00:00.003000+00:00,0.000106530000,8.0
1633564800007,2021-10-07T00:00:00.007000+00:00,0.000400090000,8.0
1633593600002,2021-10-07T08:00:00.002000+00:00,0.000369120000,8.0
1633622400000,2021-10-07T16:00:00+00:00,0.000446230000,8.0
1633651200011,2021-10-08T00:00:00.011000+00:00,0.000207170000,8.0
1633680000003,2021-10-08T08:00:00.003000+00:00,0.000215340000,8.0
1633708800002,2021-10-08T16:00:00.002000+00:00,0.000107590000,8.0
1633737600006,2021-10-09T00:00:00.006000+00:00,0.000201490000,8.0
1633766400003,2021-10-09T08:00:00.003000+00:00,0.000100000000,8.0
1633795200000,2021-10-09T16:00:00+00:00,0.000388390000,8.0
1633824000000,2021-10-10T00:00:00+00:00,0.000285100000,8.0
1633852800008,2021-10-10T08:00:00.008000+00:00,0.000525090000,8.0
1633881600000,2021-10-10T16:00:00+00:00,0.000308080000,8.0
1633910400002,2021-10-11T00:00:00.002000+00:00,0.000100000000,8.0
1633939200001,2021-10-11T08:00:00.001000+00:00,0.000112730000,8.0
1633968000006,2021-10-11T16:00:00.006000+00:00,0.000299440000,8.0
1633996800008,2021-10-12T00:00:00.008000+00:00,0.000100000000,8.0
1634025600013,2021-10-12T08:00:00.013000+00:00,0.000100000000,8.0
1634054400003,2021-10-12T16:00:00.003000+00:00,0.000100000000,8.0
1634083200003,2021-10-13T00:00:00.003000+00:00,0.000100000000,8.0
1634112000015,2021-10-13T08:00:00.015000+00:00,0.000100000000,8.0
1634140800000,2021-10-13T16:00:00+00:00,0.000100000000,8.0
1634169600011,2021-10-14T00:00:00.011000+00:00,0.000100000000,8.0
1634198400017,2021-10-14T08:00:00.017000+00:00,0.000169170000,8.0
1634227200000,2021-10-14T16:00:00+00:00,0.000254170000,8.0
1634256000005,2021-10-15T00:00:00.005000+00:00,0.000244800000,8.0
1634284800002,2021-10-15T08:00:00.002000+00:00,0.000100000000,8.0
1634313600005,2021-10-15T16:00:00.005000+00:00,0.000100000000,8.0
1634342400009,2021-10-16T00:00:00.009000+00:00,0.000100000000,8.0
1634371200000,2021-10-16T08:00:00+00:00,0.000347790000,8.0
1634400000003,2021-10-16T16:00:00.003000+00:00,0.000237320000,8.0
1634428800001,2021-10-17T00:00:00.001000+00:00,0.000323880000,8.0
1634457600002,2021-10-17T08:00:00.002000+00:00,0.000179790000,8.0
1634486400002,2021-10-17T16:00:00.002000+00:00,0.000452110000,8.0
1634515200006,2021-10-18T00:00:00.006000+00:00,0.000100000000,8.0
1634544000004,2021-10-18T08:00:00.004000+00:00,0.000237520000,8.0
1634572800001,2021-10-18T16:00:00.001000+00:00,0.000181970000,8.0
1634601600002,2021-10-19T00:00:00.002000+00:00,0.000319470000,8.0
1634630400000,2021-10-19T08:00:00+00:00,0.000287920000,8.0
1634659200000,2021-10-19T16:00:00+00:00,0.000207990000,8.0
1634688000017,2021-10-20T00:00:00.017000+00:00,0.000236480000,8.0
1634716800004,2021-10-20T08:00:00.004000+00:00,0.000148740000,8.0
1634745600020,2021-10-20T16:00:00.020000+00:00,0.000138810000,8.0
1634774400000,2021-10-21T00:00:00+00:00,0.000196970000,8.0
1634803200000,2021-10-21T08:00:00+00:00,0.000560630000,8.0
1634832000008,2021-10-21T16:00:00.008000+00:00,0.000517290000,8.0
1634860800005,2021-10-22T00:00:00.005000+00:00,0.000100000000,8.0
1634889600005,2021-10-22T08:00:00.005000+00:00,0.000311600000,8.0
1634918400018,2021-10-22T16:00:00.018000+00:00,0.000410340000,8.0
1634947200005,2021-10-23T00:00:00.005000+00:00,0.000537160000,8.0
1634976000001,2021-10-23T08:00:00.001000+00:00,0.000261640000,8.0
1635004800004,2021-10-23T16:00:00.004000+00:00,0.000414950000,8.0
1635033600006,2021-10-24T00:00:00.006000+00:00,0.000398630000,8.0
1635062400012,2021-10-24T08:00:00.012000+00:00,0.000819550000,8.0
1635091200001,2021-10-24T16:00:00.001000+00:00,0.000746790000,8.0
1635120000012,2021-10-25T00:00:00.012000+00:00,0.000345640000,8.0
1635148800002,2021-10-25T08:00:00.002000+00:00,0.000318440000,8.0
1635177600022,2021-10-25T16:00:00.022000+00:00,0.000251570000,8.0
1635206400005,2021-10-26T00:00:00.005000+00:00,0.000438420000,8.0
1635235200016,2021-10-26T08:00:00.016000+00:00,0.000564650000,8.0
1635264000000,2021-10-26T16:00:00+00:00,0.000539610000,8.0
1635292800004,2021-10-27T00:00:00.004000+00:00,0.000314080000,8.0
1635321600000,2021-10-27T08:00:00+00:00,0.000546730000,8.0
1635350400002,2021-10-27T16:00:00.002000+00:00,0.000100000000,8.0
1635379200002,2021-10-28T00:00:00.002000+00:00,0.000100000000,8.0
1635408000000,2021-10-28T08:00:00+00:00,0.000100000000,8.0
1635436800005,2021-10-28T16:00:00.005000+00:00,0.000100000000,8.0
1635465600000,2021-10-29T00:00:00+00:00,0.000100000000,8.0
1635494400007,2021-10-29T08:00:00.007000+00:00,0.000100000000,8.0
1635523200001,2021-10-29T16:00:00.001000+00:00,0.000100000000,8.0
1635552000000,2021-10-30T00:00:00+00:00,0.000100000000,8.0
1635580800001,2021-10-30T08:00:00.001000+00:00,0.000102690000,8.0
1635609600013,2021-10-30T16:00:00.013000+00:00,0.000100000000,8.0
1635638400008,2021-10-31T00:00:00.008000+00:00,0.000100000000,8.0
1635667200010,2021-10-31T08:00:00.010000+00:00,0.000278560000,8.0
1635696000001,2021-10-31T16:00:00.001000+00:00,0.000100000000,8.0
1635724800009,2021-11-01T00:00:00.009000+00:00,0.000214060000,8.0
1635753600014,2021-11-01T08:00:00.014000+00:00,0.000100000000,8.0
1635782400001,2021-11-01T16:00:00.001000+00:00,0.000470330000,8.0
1635811200000,2021-11-02T00:00:00+00:00,0.000219780000,8.0
1635840000007,2021-11-02T08:00:00.007000+00:00,0.000437410000,8.0
1635868800010,2021-11-02T16:00:00.010000+00:00,0.000449480000,8.0
1635897600019,2021-11-03T00:00:00.019000+00:00,0.000577130000,8.0
1635926400000,2021-11-03T08:00:00+00:00,0.000312990000,8.0
1635955200005,2021-11-03T16:00:00.005000+00:00,0.000100000000,8.0
1635984000006,2021-11-04T00:00:00.006000+00:00,0.000100000000,8.0
1636012800004,2021-11-04T08:00:00.004000+00:00,0.000100000000,8.0
1636041600004,2021-11-04T16:00:00.004000+00:00,0.000100000000,8.0
1636070400000,2021-11-05T00:00:00+00:00,0.000100000000,8.0
1636099200013,2021-11-05T08:00:00.013000+00:00,0.000100000000,8.0
1636128000016,2021-11-05T16:00:00.016000+00:00,0.000398140000,8.0
1636156800010,2021-11-06T00:00:00.010000+00:00,0.000100000000,8.0
1636185600000,2021-11-06T08:00:00+00:00,0.000100000000,8.0
1636214400007,2021-11-06T16:00:00.007000+00:00,0.000100000000,8.0
1636243200013,2021-11-07T00:00:00.013000+00:00,0.000100000000,8.0
1636272000005,2021-11-07T08:00:00.005000+00:00,0.000100000000,8.0
1636300800004,2021-11-07T16:00:00.004000+00:00,0.000100000000,8.0
1636329600001,2021-11-08T00:00:00.001000+00:00,0.000163110000,8.0
1636358400000,2021-11-08T08:00:00+00:00,0.000650610000,8.0
1636387200000,2021-11-08T16:00:00+00:00,0.000727280000,8.0
1636416000000,2021-11-09T00:00:00+00:00,0.000308370000,8.0
1636444800014,2021-11-09T08:00:00.014000+00:00,0.000317590000,8.0
1636473600001,2021-11-09T16:00:00.001000+00:00,0.000405830000,8.0
1636502400000,2021-11-10T00:00:00+00:00,0.000421210000,8.0
1636531200003,2021-11-10T08:00:00.003000+00:00,0.000325770000,8.0
1636560000001,2021-11-10T16:00:00.001000+00:00,0.000436480000,8.0
1636588800008,2021-11-11T00:00:00.008000+00:00,0.000100000000,8.0
1636617600012,2021-11-11T08:00:00.012000+00:00,0.000100000000,8.0
1636646400007,2021-11-11T16:00:00.007000+00:00,0.000258370000,8.0
1636675200000,2021-11-12T00:00:00+00:00,0.000100000000,8.0
1636704000000,2021-11-12T08:00:00+00:00,0.000100000000,8.0
1636732800004,2021-11-12T16:00:00.004000+00:00,0.000100000000,8.0
1636761600000,2021-11-13T00:00:00+00:00,0.000100000000,8.0
1636790400004,2021-11-13T08:00:00.004000+00:00,0.000222580000,8.0
1636819200006,2021-11-13T16:00:00.006000+00:00,0.000100000000,8.0
1636848000010,2021-11-14T00:00:00.010000+00:00,0.000100000000,8.0
1636876800001,2021-11-14T08:00:00.001000+00:00,0.000100000000,8.0
1636905600000,2021-11-14T16:00:00+00:00,0.000100000000,8.0
1636934400008,2021-11-15T00:00:00.008000+00:00,0.000100000000,8.0
1636963200000,2021-11-15T08:00:00+00:00,0.000106130000,8.0
1636992000000,2021-11-15T16:00:00+00:00,0.000100000000,8.0
1637020800000,2021-11-16T00:00:00+00:00,0.000100000000,8.0
1637049600001,2021-11-16T08:00:00.001000+00:00,0.000100000000,8.0
1637078400018,2021-11-16T16:00:00.018000+00:00,0.000100000000,8.0
1637107200005,2021-11-17T00:00:00.005000+00:00,0.000100000000,8.0
1637136000007,2021-11-17T08:00:00.007000+00:00,0.000100000000,8.0
1637164800003,2021-11-17T16:00:00.003000+00:00,0.000100000000,8.0
1637193600017,2021-11-18T00:00:00.017000+00:00,0.000100000000,8.0
1637222400007,2021-11-18T08:00:00.007000+00:00,0.000100000000,8.0
1637251200011,2021-11-18T16:00:00.011000+00:00,0.000100000000,8.0
1637280000000,2021-11-19T00:00:00+00:00,0.000100000000,8.0
1637308800000,2021-11-19T08:00:00+00:00,0.000100000000,8.0
1637337600005,2021-11-19T16:00:00.005000+00:00,0.000100000000,8.0
1637366400012,2021-11-20T00:00:00.012000+00:00,0.000100000000,8.0
1637395200000,2021-11-20T08:00:00+00:00,0.000100000000,8.0
1637424000007,2021-11-20T16:00:00.007000+00:00,0.000100000000,8.0
1637452800000,2021-11-21T00:00:00+00:00,0.000100000000,8.0
1637481600006,2021-11-21T08:00:00.006000+00:00,0.000100000000,8.0
1637510400000,2021-11-21T16:00:00+00:00,0.000155180000,8.0
1637539200004,2021-11-22T00:00:00.004000+00:00,0.000100000000,8.0
1637568000000,2021-11-22T08:00:00+00:00,0.000100000000,8.0
1637596800000,2021-11-22T16:00:00+00:00,0.000100000000,8.0
1637625600004,2021-11-23T00:00:00.004000+00:00,0.000100000000,8.0
1637654400010,2021-11-23T08:00:00.010000+00:00,0.000100000000,8.0
1637683200005,2021-11-23T16:00:00.005000+00:00,0.000100000000,8.0
1637712000001,2021-11-24T00:00:00.001000+00:00,0.000100000000,8.0
1637740800003,2021-11-24T08:00:00.003000+00:00,0.000100000000,8.0
1637769600010,2021-11-24T16:00:00.010000+00:00,0.000100000000,8.0
1637798400000,2021-11-25T00:00:00+00:00,0.000100000000,8.0
1637827200010,2021-11-25T08:00:00.010000+00:00,0.000406620000,8.0
1637856000000,2021-11-25T16:00:00+00:00,0.000100000000,8.0
1637884800000,2021-11-26T00:00:00+00:00,0.000284350000,8.0
1637913600000,2021-11-26T08:00:00+00:00,0.000378400000,8.0
1637942400016,2021-11-26T16:00:00.016000+00:00,0.000100000000,8.0
1637971200005,2021-11-27T00:00:00.005000+00:00,0.000100000000,8.0
1638000000008,2021-11-27T08:00:00.008000+00:00,0.000100000000,8.0
1638028800007,2021-11-27T16:00:00.007000+00:00,0.000100000000,8.0
1638057600018,2021-11-28T00:00:00.018000+00:00,0.000100000000,8.0
1638086400000,2021-11-28T08:00:00+00:00,0.000100000000,8.0
1638115200004,2021-11-28T16:00:00.004000+00:00,0.000100000000,8.0
1638144000002,2021-11-29T00:00:00.002000+00:00,0.000100000000,8.0
1638172800004,2021-11-29T08:00:00.004000+00:00,0.000100000000,8.0
1638201600000,2021-11-29T16:00:00+00:00,0.000100000000,8.0
1638230400000,2021-11-30T00:00:00+00:00,0.000100000000,8.0
1638259200006,2021-11-30T08:00:00.006000+00:00,0.000100000000,8.0
1638288000000,2021-11-30T16:00:00+00:00,0.000100000000,8.0
1638316800000,2021-12-01T00:00:00+00:00,0.000100000000,8.0
1638345600000,2021-12-01T08:00:00+00:00,0.000100000000,8.0
1638374400001,2021-12-01T16:00:00.001000+00:00,0.000100000000,8.0
1638403200000,2021-12-02T00:00:00+00:00,0.000100000000,8.0
1638432000007,2021-12-02T08:00:00.007000+00:00,0.000100000000,8.0
1638460800008,2021-12-02T16:00:00.008000+00:00,0.000100000000,8.0
1638489600004,2021-12-03T00:00:00.004000+00:00,0.000100000000,8.0
1638518400002,2021-12-03T08:00:00.002000+00:00,0.000100000000,8.0
1638547200006,2021-12-03T16:00:00.006000+00:00,0.000100000000,8.0
1638576000006,2021-12-04T00:00:00.006000+00:00,0.000100000000,8.0
1638604800004,2021-12-04T08:00:00.004000+00:00,-0.000105380000,8.0
1638633600000,2021-12-04T16:00:00+00:00,0.000100000000,8.0
1638662400003,2021-12-05T00:00:00.003000+00:00,0.000100000000,8.0
1638691200008,2021-12-05T08:00:00.008000+00:00,0.000100000000,8.0
1638720000007,2021-12-05T16:00:00.007000+00:00,0.000100000000,8.0
1638748800009,2021-12-06T00:00:00.009000+00:00,0.000100000000,8.0
1638777600001,2021-12-06T08:00:00.001000+00:00,0.000100000000,8.0
1638806400000,2021-12-06T16:00:00+00:00,0.000100000000,8.0
1638835200018,2021-12-07T00:00:00.018000+00:00,0.000100000000,8.0
1638864000000,2021-12-07T08:00:00+00:00,-0.000028740000,8.0
1638892800000,2021-12-07T16:00:00+00:00,0.000100000000,8.0
1638921600000,2021-12-08T00:00:00+00:00,0.000100000000,8.0
1638950400018,2021-12-08T08:00:00.018000+00:00,0.000100000000,8.0
1638979200010,2021-12-08T16:00:00.010000+00:00,0.000100000000,8.0
1639008000010,2021-12-09T00:00:00.010000+00:00,0.000100000000,8.0
1639036800000,2021-12-09T08:00:00+00:00,0.000100000000,8.0
1639065600000,2021-12-09T16:00:00+00:00,0.000100000000,8.0
1639094400000,2021-12-10T00:00:00+00:00,0.000100000000,8.0
1639123200008,2021-12-10T08:00:00.008000+00:00,0.000100000000,8.0
1639152000012,2021-12-10T16:00:00.012000+00:00,0.000100000000,8.0
1639180800009,2021-12-11T00:00:00.009000+00:00,0.000100000000,8.0
1639209600008,2021-12-11T08:00:00.008000+00:00,0.000100000000,8.0
1639238400000,2021-12-11T16:00:00+00:00,0.000100000000,8.0
1639267200001,2021-12-12T00:00:00.001000+00:00,0.000100000000,8.0
1639296000015,2021-12-12T08:00:00.015000+00:00,0.000100000000,8.0
1639324800011,2021-12-12T16:00:00.011000+00:00,0.000100000000,8.0
1639353600006,2021-12-13T00:00:00.006000+00:00,0.000100000000,8.0
1639382400019,2021-12-13T08:00:00.019000+00:00,0.000100000000,8.0
1639411200000,2021-12-13T16:00:00+00:00,0.000100000000,8.0
1639440000004,2021-12-14T00:00:00.004000+00:00,-0.000125130000,8.0
1639468800000,2021-12-14T08:00:00+00:00,0.000100000000,8.0
1639497600015,2021-12-14T16:00:00.015000+00:00,0.000100000000,8.0
1639526400000,2021-12-15T00:00:00+00:00,0.000100000000,8.0
1639555200008,2021-12-15T08:00:00.008000+00:00,0.000100000000,8.0
1639584000005,2021-12-15T16:00:00.005000+00:00,0.000100000000,8.0
1639612800006,2021-12-16T00:00:00.006000+00:00,0.000100000000,8.0
1639641600009,2021-12-16T08:00:00.009000+00:00,0.000100000000,8.0
1639670400000,2021-12-16T16:00:00+00:00,0.000073860000,8.0
1639699200000,2021-12-17T00:00:00+00:00,0.000100000000,8.0
1639728000005,2021-12-17T08:00:00.005000+00:00,0.000100000000,8.0
1639756800006,2021-12-17T16:00:00.006000+00:00,0.000100000000,8.0
1639785600014,2021-12-18T00:00:00.014000+00:00,0.000100000000,8.0
1639814400012,2021-12-18T08:00:00.012000+00:00,0.000100000000,8.0
1639843200000,2021-12-18T16:00:00+00:00,0.000100000000,8.0
1639872000031,2021-12-19T00:00:00.031000+00:00,0.000100000000,8.0
1639900800000,2021-12-19T08:00:00+00:00,0.000100000000,8.0
1639929600003,2021-12-19T16:00:00.003000+00:00,0.000100000000,8.0
1639958400015,2021-12-20T00:00:00.015000+00:00,0.000100000000,8.0
1639987200007,2021-12-20T08:00:00.007000+00:00,0.000100000000,8.0
1640016000005,2021-12-20T16:00:00.005000+00:00,0.000100000000,8.0
1640044800003,2021-12-21T00:00:00.003000+00:00,0.000100000000,8.0
1640073600012,2021-12-21T08:00:00.012000+00:00,0.000100000000,8.0
1640102400005,2021-12-21T16:00:00.005000+00:00,0.000100000000,8.0
1640131200000,2021-12-22T00:00:00+00:00,0.000100000000,8.0
1640160000001,2021-12-22T08:00:00.001000+00:00,0.000100000000,8.0
1640188800006,2021-12-22T16:00:00.006000+00:00,0.000100000000,8.0
1640217600011,2021-12-23T00:00:00.011000+00:00,0.000100000000,8.0
1640246400000,2021-12-23T08:00:00+00:00,0.000100000000,8.0
1640275200000,2021-12-23T16:00:00+00:00,0.000100000000,8.0
1640304000005,2021-12-24T00:00:00.005000+00:00,0.000100000000,8.0
1640332800000,2021-12-24T08:00:00+00:00,0.000100000000,8.0
1640361600011,2021-12-24T16:00:00.011000+00:00,0.000100000000,8.0
1640390400000,2021-12-25T00:00:00+00:00,0.000100000000,8.0
1640419200001,2021-12-25T08:00:00.001000+00:00,0.000100000000,8.0
1640448000005,2021-12-25T16:00:00.005000+00:00,0.000100000000,8.0
1640476800004,2021-12-26T00:00:00.004000+00:00,0.000100000000,8.0
1640505600002,2021-12-26T08:00:00.002000+00:00,0.000100000000,8.0
1640534400000,2021-12-26T16:00:00+00:00,0.000100000000,8.0
1640563200002,2021-12-27T00:00:00.002000+00:00,0.000100000000,8.0
1640592000005,2021-12-27T08:00:00.005000+00:00,0.000100000000,8.0
1640620800000,2021-12-27T16:00:00+00:00,0.000100000000,8.0
1640649600000,2021-12-28T00:00:00+00:00,0.000100000000,8.0
1640678400012,2021-12-28T08:00:00.012000+00:00,0.000100000000,8.0
1640707200000,2021-12-28T16:00:00+00:00,0.000100000000,8.0
1640736000006,2021-12-29T00:00:00.006000+00:00,0.000100000000,8.0
1640764800003,2021-12-29T08:00:00.003000+00:00,0.000100000000,8.0
1640793600004,2021-12-29T16:00:00.004000+00:00,0.000100000000,8.0
1640822400003,2021-12-30T00:00:00.003000+00:00,0.000100000000,8.0
1640851200001,2021-12-30T08:00:00.001000+00:00,0.000100000000,8.0
1640880000017,2021-12-30T16:00:00.017000+00:00,0.000100000000,8.0
1640908800006,2021-12-31T00:00:00.006000+00:00,0.000100000000,8.0
1640937600009,2021-12-31T08:00:00.009000+00:00,0.000100000000,8.0
1640966400000,2021-12-31T16:00:00+00:00,0.000100000000,8.0
1640995200006,2022-01-01T00:00:00.006000+00:00,0.000100000000,8.0
1641024000009,2022-01-01T08:00:00.009000+00:00,0.000100000000,8.0
1641052800000,2022-01-01T16:00:00+00:00,0.000100000000,8.0
1641081600028,2022-01-02T00:00:00.028000+00:00,0.000100000000,8.0
1641110400000,2022-01-02T08:00:00+00:00,0.000100000000,8.0
1641139200000,2022-01-02T16:00:00+00:00,0.000100000000,8.0
1641168000010,2022-01-03T00:00:00.010000+00:00,0.000100000000,8.0
1641196800013,2022-01-03T08:00:00.013000+00:00,0.000100000000,8.0
1641225600018,2022-01-03T16:00:00.018000+00:00,0.000100000000,8.0
1641254400000,2022-01-04T00:00:00+00:00,0.000100000000,8.0
1641283200010,2022-01-04T08:00:00.010000+00:00,0.000100000000,8.0
1641312000002,2022-01-04T16:00:00.002000+00:00,0.000100000000,8.0
1641340800001,2022-01-05T00:00:00.001000+00:00,0.000100000000,8.0
1641369600017,2022-01-05T08:00:00.017000+00:00,0.000100000000,8.0
1641398400000,2022-01-05T16:00:00+00:00,0.000100000000,8.0
1641427200002,2022-01-06T00:00:00.002000+00:00,0.000100000000,8.0
1641456000021,2022-01-06T08:00:00.021000+00:00,0.000100000000,8.0
1641484800006,2022-01-06T16:00:00.006000+00:00,0.000100000000,8.0
1641513600005,2022-01-07T00:00:00.005000+00:00,0.000100000000,8.0
1641542400000,2022-01-07T08:00:00+00:00,0.000100000000,8.0
1641571200001,2022-01-07T16:00:00.001000+00:00,0.000100000000,8.0
1641600000014,2022-01-08T00:00:00.014000+00:00,0.000100000000,8.0
1641628800013,2022-01-08T08:00:00.013000+00:00,0.000100000000,8.0
1641657600000,2022-01-08T16:00:00+00:00,0.000100000000,8.0
1641686400003,2022-01-09T00:00:00.003000+00:00,0.000100000000,8.0
1641715200000,2022-01-09T08:00:00+00:00,0.000100000000,8.0
1641744000000,2022-01-09T16:00:00+00:00,0.000100000000,8.0
1641772800000,2022-01-10T00:00:00+00:00,0.000100000000,8.0
1641801600010,2022-01-10T08:00:00.010000+00:00,0.000100000000,8.0
1641830400007,2022-01-10T16:00:00.007000+00:00,0.000100000000,8.0
1641859200013,2022-01-11T00:00:00.013000+00:00,0.000100000000,8.0
1641888000004,2022-01-11T08:00:00.004000+00:00,0.000100000000,8.0
1641916800000,2022-01-11T16:00:00+00:00,0.000100000000,8.0
1641945600012,2022-01-12T00:00:00.012000+00:00,0.000100000000,8.0
1641974400015,2022-01-12T08:00:00.015000+00:00,0.000100000000,8.0
1642003200000,2022-01-12T16:00:00+00:00,0.000100000000,8.0
1642032000007,2022-01-13T00:00:00.007000+00:00,0.000100000000,8.0
1642060800000,2022-01-13T08:00:00+00:00,0.000100000000,8.0
1642089600014,2022-01-13T16:00:00.014000+00:00,0.000100000000,8.0
1642118400000,2022-01-14T00:00:00+00:00,0.000100000000,8.0
1642147200006,2022-01-14T08:00:00.006000+00:00,0.000100000000,8.0
1642176000014,2022-01-14T16:00:00.014000+00:00,0.000100000000,8.0
1642204800000,2022-01-15T00:00:00+00:00,0.000100000000,8.0
1642233600002,2022-01-15T08:00:00.002000+00:00,0.000100000000,8.0
1642262400000,2022-01-15T16:00:00+00:00,0.000100000000,8.0
1642291200000,2022-01-16T00:00:00+00:00,0.000100000000,8.0
1642320000017,2022-01-16T08:00:00.017000+00:00,0.000100000000,8.0
1642348800011,2022-01-16T16:00:00.011000+00:00,0.000100000000,8.0
1642377600005,2022-01-17T00:00:00.005000+00:00,0.000100000000,8.0
1642406400006,2022-01-17T08:00:00.006000+00:00,0.000100000000,8.0
1642435200012,2022-01-17T16:00:00.012000+00:00,0.000100000000,8.0
1642464000020,2022-01-18T00:00:00.020000+00:00,0.000100000000,8.0
1642492800000,2022-01-18T08:00:00+00:00,0.000100000000,8.0
1642521600013,2022-01-18T16:00:00.013000+00:00,0.000100000000,8.0
1642550400001,2022-01-19T00:00:00.001000+00:00,0.000100000000,8.0
1642579200000,2022-01-19T08:00:00+00:00,0.000100000000,8.0
1642608000000,2022-01-19T16:00:00+00:00,0.000100000000,8.0
1642636800015,2022-01-20T00:00:00.015000+00:00,0.000100000000,8.0
1642665600000,2022-01-20T08:00:00+00:00,0.000100000000,8.0
1642694400000,2022-01-20T16:00:00+00:00,0.000100000000,8.0
1642723200007,2022-01-21T00:00:00.007000+00:00,0.000100000000,8.0
1642752000015,2022-01-21T08:00:00.015000+00:00,0.000100000000,8.0
1642780800000,2022-01-21T16:00:00+00:00,0.000047650000,8.0
1642809600017,2022-01-22T00:00:00.017000+00:00,0.000100000000,8.0
1642838400003,2022-01-22T08:00:00.003000+00:00,0.000100000000,8.0
1642867200021,2022-01-22T16:00:00.021000+00:00,-0.000029090000,8.0
1642896000026,2022-01-23T00:00:00.026000+00:00,-0.000241560000,8.0
1642924800010,2022-01-23T08:00:00.010000+00:00,-0.000141680000,8.0
1642953600009,2022-01-23T16:00:00.009000+00:00,-0.000131120000,8.0
1642982400010,2022-01-24T00:00:00.010000+00:00,-0.000033380000,8.0
1643011200000,2022-01-24T08:00:00+00:00,-0.000212010000,8.0
1643040000021,2022-01-24T16:00:00.021000+00:00,0.000100000000,8.0
1643068800000,2022-01-25T00:00:00+00:00,-0.000125300000,8.0
1643097600000,2022-01-25T08:00:00+00:00,-0.000007290000,8.0
1643126400012,2022-01-25T16:00:00.012000+00:00,-0.000119040000,8.0
1643155200000,2022-01-26T00:00:00+00:00,-0.000126520000,8.0
1643184000001,2022-01-26T08:00:00.001000+00:00,-0.000176980000,8.0
1643212800005,2022-01-26T16:00:00.005000+00:00,-0.000149550000,8.0
1643241600004,2022-01-27T00:00:00.004000+00:00,-0.000287090000,8.0
1643270400004,2022-01-27T08:00:00.004000+00:00,-0.000125890000,8.0
1643299200019,2022-01-27T16:00:00.019000+00:00,-0.000118550000,8.0
1643328000000,2022-01-28T00:00:00+00:00,-0.000078300000,8.0
1643356800000,2022-01-28T08:00:00+00:00,-0.000124910000,8.0
1643385600025,2022-01-28T16:00:00.025000+00:00,-0.000221880000,8.0
1643414400017,2022-01-29T00:00:00.017000+00:00,0.000034390000,8.0
1643443200000,2022-01-29T08:00:00+00:00,0.000005370000,8.0
1643472000013,2022-01-29T16:00:00.013000+00:00,-0.000013290000,8.0
1643500800025,2022-01-30T00:00:00.025000+00:00,-0.000167400000,8.0
1643529600009,2022-01-30T08:00:00.009000+00:00,-0.000005620000,8.0
1643558400000,2022-01-30T16:00:00+00:00,-0.000077030000,8.0
1643587200000,2022-01-31T00:00:00+00:00,-0.000265890000,8.0
1643616000000,2022-01-31T08:00:00+00:00,-0.000154900000,8.0
1643644800000,2022-01-31T16:00:00+00:00,0.000004160000,8.0
1643673600010,2022-02-01T00:00:00.010000+00:00,0.000022290000,8.0
1643702400000,2022-02-01T08:00:00+00:00,0.000068730000,8.0
1643731200004,2022-02-01T16:00:00.004000+00:00,-0.000199650000,8.0
1643760000004,2022-02-02T00:00:00.004000+00:00,-0.000111650000,8.0
1643788800000,2022-02-02T08:00:00+00:00,-0.000037360000,8.0
1643817600002,2022-02-02T16:00:00.002000+00:00,0.000035000000,8.0
1643846400002,2022-02-03T00:00:00.002000+00:00,-0.000053620000,8.0
1643875200000,2022-02-03T08:00:00+00:00,0.000028610000,8.0
1643904000000,2022-02-03T16:00:00+00:00,-0.000050580000,8.0
1643932800018,2022-02-04T00:00:00.018000+00:00,-0.000337180000,8.0
1643961600005,2022-02-04T08:00:00.005000+00:00,-0.000026570000,8.0
1643990400010,2022-02-04T16:00:00.010000+00:00,0.000100000000,8.0
1644019200014,2022-02-05T00:00:00.014000+00:00,0.000069890000,8.0
1644048000000,2022-02-05T08:00:00+00:00,0.000082900000,8.0
1644076800000,2022-02-05T16:00:00+00:00,0.000100000000,8.0
1644105600000,2022-02-06T00:00:00+00:00,0.000031950000,8.0
1644134400000,2022-02-06T08:00:00+00:00,0.000100000000,8.0
1644163200000,2022-02-06T16:00:00+00:00,0.000100000000,8.0
1644192000003,2022-02-07T00:00:00.003000+00:00,0.000100000000,8.0
1644220800014,2022-02-07T08:00:00.014000+00:00,0.000045860000,8.0
1644249600003,2022-02-07T16:00:00.003000+00:00,-0.000090250000,8.0
1644278400001,2022-02-08T00:00:00.001000+00:00,-0.000250250000,8.0
1644307200003,2022-02-08T08:00:00.003000+00:00,-0.000257850000,8.0
1644336000002,2022-02-08T16:00:00.002000+00:00,0.000100000000,8.0
1644364800000,2022-02-09T00:00:00+00:00,-0.000133900000,8.0
1644393600005,2022-02-09T08:00:00.005000+00:00,0.000027180000,8.0
1644422400001,2022-02-09T16:00:00.001000+00:00,0.000091880000,8.0
1644451200012,2022-02-10T00:00:00.012000+00:00,0.000032460000,8.0
1644480000000,2022-02-10T08:00:00+00:00,-0.000095180000,8.0
1644508800006,2022-02-10T16:00:00.006000+00:00,-0.000197470000,8.0
1644537600000,2022-02-11T00:00:00+00:00,-0.000184940000,8.0
1644566400009,2022-02-11T08:00:00.009000+00:00,0.000100000000,8.0
1644595200015,2022-02-11T16:00:00.015000+00:00,-0.000094820000,8.0
1644624000020,2022-02-12T00:00:00.020000+00:00,-0.000025870000,8.0
1644652800001,2022-02-12T08:00:00.001000+00:00,-0.000020090000,8.0
1644681600007,2022-02-12T16:00:00.007000+00:00,-0.000073540000,8.0
1644710400022,2022-02-13T00:00:00.022000+00:00,-0.000284160000,8.0
1644739200001,2022-02-13T08:00:00.001000+00:00,-0.000164710000,8.0
1644768000007,2022-02-13T16:00:00.007000+00:00,-0.000199930000,8.0
1644796800005,2022-02-14T00:00:00.005000+00:00,-0.000199750000,8.0
1644825600013,2022-02-14T08:00:00.013000+00:00,0.000083720000,8.0
1644854400019,2022-02-14T16:00:00.019000+00:00,0.000010730000,8.0
1644883200012,2022-02-15T00:00:00.012000+00:00,-0.000038030000,8.0
1644912000005,2022-02-15T08:00:00.005000+00:00,0.000033620000,8.0
1644940800011,2022-02-15T16:00:00.011000+00:00,-0.000071380000,8.0
1644969600009,2022-02-16T00:00:00.009000+00:00,0.000100000000,8.0
1644998400001,2022-02-16T08:00:00.001000+00:00,0.000083250000,8.0
1645027200014,2022-02-16T16:00:00.014000+00:00,0.000100000000,8.0
1645056000018,2022-02-17T00:00:00.018000+00:00,0.000100000000,8.0
1645084800000,2022-02-17T08:00:00+00:00,0.000007980000,8.0
1645113600010,2022-02-17T16:00:00.010000+00:00,0.000100000000,8.0
1645142400000,2022-02-18T00:00:00+00:00,-0.000101350000,8.0
1645171200002,2022-02-18T08:00:00.002000+00:00,0.000008490000,8.0
1645200000000,2022-02-18T16:00:00+00:00,0.000098530000,8.0
1645228800007,2022-02-19T00:00:00.007000+00:00,-0.000059370000,8.0
1645257600000,2022-02-19T08:00:00+00:00,0.000015210000,8.0
1645286400023,2022-02-19T16:00:00.023000+00:00,0.000100000000,8.0
1645315200001,2022-02-20T00:00:00.001000+00:00,0.000100000000,8.0
1645344000003,2022-02-20T08:00:00.003000+00:00,-0.000089360000,8.0
1645372800001,2022-02-20T16:00:00.001000+00:00,0.000100000000,8.0
1645401600000,2022-02-21T00:00:00+00:00,0.000046230000,8.0
1645430400001,2022-02-21T08:00:00.001000+00:00,-0.000000130000,8.0
1645459200005,2022-02-21T16:00:00.005000+00:00,-0.000123280000,8.0
1645488000005,2022-02-22T00:00:00.005000+00:00,-0.000238250000,8.0
1645516800000,2022-02-22T08:00:00+00:00,-0.000231260000,8.0
1645545600000,2022-02-22T16:00:00+00:00,-0.000255320000,8.0
1645574400002,2022-02-23T00:00:00.002000+00:00,-0.000108270000,8.0
1645603200005,2022-02-23T08:00:00.005000+00:00,-0.000234490000,8.0
1645632000010,2022-02-23T16:00:00.010000+00:00,0.000077350000,8.0
1645660800008,2022-02-24T00:00:00.008000+00:00,0.000038820000,8.0
1645689600003,2022-02-24T08:00:00.003000+00:00,0.000100000000,8.0
1645718400001,2022-02-24T16:00:00.001000+00:00,0.000100000000,8.0
1645747200000,2022-02-25T00:00:00+00:00,0.000100000000,8.0
1645776000006,2022-02-25T08:00:00.006000+00:00,0.000100000000,8.0
1645804800001,2022-02-25T16:00:00.001000+00:00,0.000009400000,8.0
1645833600004,2022-02-26T00:00:00.004000+00:00,-0.000041160000,8.0
1645862400004,2022-02-26T08:00:00.004000+00:00,0.000010920000,8.0
1645891200007,2022-02-26T16:00:00.007000+00:00,-0.000079330000,8.0
1645920000012,2022-02-27T00:00:00.012000+00:00,0.000019300000,8.0
1645948800000,2022-02-27T08:00:00+00:00,-0.000137110000,8.0
1645977600000,2022-02-27T16:00:00+00:00,0.000032430000,8.0
1646006400000,2022-02-28T00:00:00+00:00,-0.000099490000,8.0
1646035200001,2022-02-28T08:00:00.001000+00:00,-0.000021050000,8.0
1646064000002,2022-02-28T16:00:00.002000+00:00,0.000100000000,8.0
1646092800002,2022-03-01T00:00:00.002000+00:00,0.000100000000,8.0
1646121600001,2022-03-01T08:00:00.001000+00:00,0.000100000000,8.0
1646150400000,2022-03-01T16:00:00+00:00,0.000100000000,8.0
1646179200000,2022-03-02T00:00:00+00:00,0.000100000000,8.0
1646208000000,2022-03-02T08:00:00+00:00,0.000100000000,8.0
1646236800002,2022-03-02T16:00:00.002000+00:00,0.000100000000,8.0
1646265600000,2022-03-03T00:00:00+00:00,0.000100000000,8.0
1646294400000,2022-03-03T08:00:00+00:00,0.000100000000,8.0
1646323200005,2022-03-03T16:00:00.005000+00:00,0.000100000000,8.0
1646352000018,2022-03-04T00:00:00.018000+00:00,0.000100000000,8.0
1646380800000,2022-03-04T08:00:00+00:00,0.000053200000,8.0
1646409600000,2022-03-04T16:00:00+00:00,0.000068220000,8.0
1646438400006,2022-03-05T00:00:00.006000+00:00,0.000100000000,8.0
1646467200004,2022-03-05T08:00:00.004000+00:00,-0.000056950000,8.0
1646496000000,2022-03-05T16:00:00+00:00,-0.000007340000,8.0
1646524800004,2022-03-06T00:00:00.004000+00:00,0.000031460000,8.0
1646553600000,2022-03-06T08:00:00+00:00,0.000100000000,8.0
1646582400013,2022-03-06T16:00:00.013000+00:00,0.000067640000,8.0
1646611200008,2022-03-07T00:00:00.008000+00:00,-0.000043230000,8.0
1646640000006,2022-03-07T08:00:00.006000+00:00,-0.000047750000,8.0
1646668800000,2022-03-07T16:00:00+00:00,0.000000670000,8.0
1646697600008,2022-03-08T00:00:00.008000+00:00,0.000028140000,8.0
1646726400002,2022-03-08T08:00:00.002000+00:00,0.000100000000,8.0
1646755200000,2022-03-08T16:00:00+00:00,0.000100000000,8.0
1646784000008,2022-03-09T00:00:00.008000+00:00,-0.000050220000,8.0
1646812800000,2022-03-09T08:00:00+00:00,0.000100000000,8.0
1646841600004,2022-03-09T16:00:00.004000+00:00,0.000100000000,8.0
1646870400000,2022-03-10T00:00:00+00:00,0.000100000000,8.0
1646899200017,2022-03-10T08:00:00.017000+00:00,0.000100000000,8.0
1646928000000,2022-03-10T16:00:00+00:00,-0.000068810000,8.0
1646956800008,2022-03-11T00:00:00.008000+00:00,-0.000014870000,8.0
1646985600000,2022-03-11T08:00:00+00:00,-0.000038580000,8.0
1647014400001,2022-03-11T16:00:00.001000+00:00,0.000073240000,8.0
1647043200010,2022-03-12T00:00:00.010000+00:00,0.000077350000,8.0
1647072000001,2022-03-12T08:00:00.001000+00:00,0.000096810000,8.0
1647100800002,2022-03-12T16:00:00.002000+00:00,0.000098970000,8.0
1647129600008,2022-03-13T00:00:00.008000+00:00,0.000100000000,8.0
1647158400000,2022-03-13T08:00:00+00:00,0.000100000000,8.0
1647187200002,2022-03-13T16:00:00.002000+00:00,0.000033200000,8.0
1647216000014,2022-03-14T00:00:00.014000+00:00,0.000100000000,8.0
1647244800005,2022-03-14T08:00:00.005000+00:00,0.000100000000,8.0
1647273600002,2022-03-14T16:00:00.002000+00:00,0.000100000000,8.0
1647302400008,2022-03-15T00:00:00.008000+00:00,0.000100000000,8.0
1647331200000,2022-03-15T08:00:00+00:00,0.000100000000,8.0
1647360000006,2022-03-15T16:00:00.006000+00:00,0.000100000000,8.0
1647388800013,2022-03-16T00:00:00.013000+00:00,0.000100000000,8.0
1647417600000,2022-03-16T08:00:00+00:00,0.000100000000,8.0
1647446400008,2022-03-16T16:00:00.008000+00:00,0.000100000000,8.0
1647475200004,2022-03-17T00:00:00.004000+00:00,0.000100000000,8.0
1647504000000,2022-03-17T08:00:00+00:00,0.000100000000,8.0
1647532800004,2022-03-17T16:00:00.004000+00:00,0.000100000000,8.0
1647561600000,2022-03-18T00:00:00+00:00,0.000100000000,8.0
1647590400000,2022-03-18T08:00:00+00:00,0.000100000000,8.0
1647619200017,2022-03-18T16:00:00.017000+00:00,0.000100000000,8.0
1647648000008,2022-03-19T00:00:00.008000+00:00,0.000100000000,8.0
1647676800015,2022-03-19T08:00:00.015000+00:00,0.000100000000,8.0
1647705600000,2022-03-19T16:00:00+00:00,0.000100000000,8.0
1647734400000,2022-03-20T00:00:00+00:00,0.000100000000,8.0
1647763200001,2022-03-20T08:00:00.001000+00:00,0.000100000000,8.0
1647792000002,2022-03-20T16:00:00.002000+00:00,0.000100000000,8.0
1647820800013,2022-03-21T00:00:00.013000+00:00,0.000100000000,8.0
1647849600004,2022-03-21T08:00:00.004000+00:00,0.000061830000,8.0
1647878400010,2022-03-21T16:00:00.010000+00:00,0.000043680000,8.0
1647907200012,2022-03-22T00:00:00.012000+00:00,0.000100000000,8.0
1647936000001,2022-03-22T08:00:00.001000+00:00,0.000100000000,8.0
1647964800022,2022-03-22T16:00:00.022000+00:00,0.000100000000,8.0
1647993600007,2022-03-23T00:00:00.007000+00:00,0.000100000000,8.0
1648022400000,2022-03-23T08:00:00+00:00,0.000100000000,8.0
1648051200006,2022-03-23T16:00:00.006000+00:00,0.000100000000,8.0
1648080000013,2022-03-24T00:00:00.013000+00:00,0.000100000000,8.0
1648108800006,2022-03-24T08:00:00.006000+00:00,0.000100000000,8.0
1648137600020,2022-03-24T16:00:00.020000+00:00,0.000100000000,8.0
1648166400010,2022-03-25T00:00:00.010000+00:00,0.000100000000,8.0
1648195200001,2022-03-25T08:00:00.001000+00:00,0.000100000000,8.0
1648224000014,2022-03-25T16:00:00.014000+00:00,0.000100000000,8.0
1648252800020,2022-03-26T00:00:00.020000+00:00,0.000100000000,8.0
1648281600006,2022-03-26T08:00:00.006000+00:00,0.000100000000,8.0
1648310400000,2022-03-26T16:00:00+00:00,0.000100000000,8.0
1648339200004,2022-03-27T00:00:00.004000+00:00,0.000100000000,8.0
1648368000001,2022-03-27T08:00:00.001000+00:00,0.000100000000,8.0
1648396800006,2022-03-27T16:00:00.006000+00:00,0.000085690000,8.0
1648425600012,2022-03-28T00:00:00.012000+00:00,0.000038850000,8.0
1648454400007,2022-03-28T08:00:00.007000+00:00,0.000100000000,8.0
1648483200000,2022-03-28T16:00:00+00:00,0.000100000000,8.0
1648512000000,2022-03-29T00:00:00+00:00,0.000100000000,8.0
1648540800015,2022-03-29T08:00:00.015000+00:00,0.000100000000,8.0
1648569600000,2022-03-29T16:00:00+00:00,0.000100000000,8.0
1648598400000,2022-03-30T00:00:00+00:00,0.000100000000,8.0
1648627200002,2022-03-30T08:00:00.002000+00:00,0.000100000000,8.0
1648656000028,2022-03-30T16:00:00.028000+00:00,0.000100000000,8.0
1648684800017,2022-03-31T00:00:00.017000+00:00,0.000100000000,8.0
1648713600000,2022-03-31T08:00:00+00:00,0.000100000000,8.0
1648742400015,2022-03-31T16:00:00.015000+00:00,0.000100000000,8.0
1648771200000,2022-04-01T00:00:00+00:00,0.000100000000,8.0
1648800000000,2022-04-01T08:00:00+00:00,0.000100000000,8.0
1648828800018,2022-04-01T16:00:00.018000+00:00,0.000100000000,8.0
1648857600000,2022-04-02T00:00:00+00:00,0.000100000000,8.0
1648886400002,2022-04-02T08:00:00.002000+00:00,0.000100000000,8.0
1648915200006,2022-04-02T16:00:00.006000+00:00,0.000100000000,8.0
1648944000018,2022-04-03T00:00:00.018000+00:00,0.000100000000,8.0
1648972800018,2022-04-03T08:00:00.018000+00:00,0.000100000000,8.0
1649001600015,2022-04-03T16:00:00.015000+00:00,0.000100000000,8.0
1649030400006,2022-04-04T00:00:00.006000+00:00,0.000100000000,8.0
1649059200000,2022-04-04T08:00:00+00:00,0.000100000000,8.0
1649088000016,2022-04-04T16:00:00.016000+00:00,0.000100000000,8.0
1649116800000,2022-04-05T00:00:00+00:00,0.000100000000,8.0
1649145600010,2022-04-05T08:00:00.010000+00:00,0.000100000000,8.0
1649174400008,2022-04-05T16:00:00.008000+00:00,0.000100000000,8.0
1649203200001,2022-04-06T00:00:00.001000+00:00,0.000100000000,8.0
1649232000021,2022-04-06T08:00:00.021000+00:00,0.000100000000,8.0
1649260800000,2022-04-06T16:00:00+00:00,0.000100000000,8.0
1649289600009,2022-04-07T00:00:00.009000+00:00,0.000100000000,8.0
1649318400000,2022-04-07T08:00:00+00:00,0.000100000000,8.0
1649347200000,2022-04-07T16:00:00+00:00,-0.000019990000,8.0
1649376000000,2022-04-08T00:00:00+00:00,0.000100000000,8.0
1649404800004,2022-04-08T08:00:00.004000+00:00,0.000071410000,8.0
1649433600008,2022-04-08T16:00:00.008000+00:00,-0.000008670000,8.0
1649462400008,2022-04-09T00:00:00.008000+00:00,-0.000021020000,8.0
1649491200000,2022-04-09T08:00:00+00:00,-0.000100710000,8.0
1649520000001,2022-04-09T16:00:00.001000+00:00,-0.000049010000,8.0
1649548800004,2022-04-10T00:00:00.004000+00:00,0.000046210000,8.0
1649577600007,2022-04-10T08:00:00.007000+00:00,-0.000003560000,8.0
1649606400016,2022-04-10T16:00:00.016000+00:00,-0.000058670000,8.0
1649635200000,2022-04-11T00:00:00+00:00,0.000087700000,8.0
1649664000000,2022-04-11T08:00:00+00:00,0.000100000000,8.0
1649692800009,2022-04-11T16:00:00.009000+00:00,0.000100000000,8.0
1649721600000,2022-04-12T00:00:00+00:00,0.000012340000,8.0
1649750400006,2022-04-12T08:00:00.006000+00:00,-0.000045180000,8.0
1649779200013,2022-04-12T16:00:00.013000+00:00,-0.000026140000,8.0
1649808000005,2022-04-13T00:00:00.005000+00:00,0.000003380000,8.0
1649836800008,2022-04-13T08:00:00.008000+00:00,0.000003300000,8.0
1649865600013,2022-04-13T16:00:00.013000+00:00,0.000007560000,8.0
1649894400007,2022-04-14T00:00:00.007000+00:00,0.000067180000,8.0
1649923200000,2022-04-14T08:00:00+00:00,0.000019280000,8.0
1649952000006,2022-04-14T16:00:00.006000+00:00,0.000024050000,8.0
1649980800008,2022-04-15T00:00:00.008000+00:00,0.000074770000,8.0
1650009600002,2022-04-15T08:00:00.002000+00:00,0.000010930000,8.0
1650038400000,2022-04-15T16:00:00+00:00,0.000003180000,8.0
1650067200011,2022-04-16T00:00:00.011000+00:00,0.000044200000,8.0
1650096000007,2022-04-16T08:00:00.007000+00:00,0.000000270000,8.0
1650124800007,2022-04-16T16:00:00.007000+00:00,0.000019000000,8.0
1650153600000,2022-04-17T00:00:00+00:00,0.000100000000,8.0
1650182400004,2022-04-17T08:00:00.004000+00:00,0.000068730000,8.0
1650211200000,2022-04-17T16:00:00+00:00,0.000100000000,8.0
1650240000008,2022-04-18T00:00:00.008000+00:00,0.000065090000,8.0
1650268800012,2022-04-18T08:00:00.012000+00:00,-0.000081040000,8.0
1650297600000,2022-04-18T16:00:00+00:00,-0.000082620000,8.0
1650326400021,2022-04-19T00:00:00.021000+00:00,0.000076190000,8.0
1650355200031,2022-04-19T08:00:00.031000+00:00,0.000100000000,8.0
1650384000000,2022-04-19T16:00:00+00:00,0.000100000000,8.0
1650412800025,2022-04-20T00:00:00.025000+00:00,0.000100000000,8.0
1650441600003,2022-04-20T08:00:00.003000+00:00,0.000100000000,8.0
1650470400000,2022-04-20T16:00:00+00:00,0.000100000000,8.0
1650499200000,2022-04-21T00:00:00+00:00,0.000100000000,8.0
1650528000000,2022-04-21T08:00:00+00:00,0.000100000000,8.0
1650556800024,2022-04-21T16:00:00.024000+00:00,0.000100000000,8.0
1650585600008,2022-04-22T00:00:00.008000+00:00,0.000100000000,8.0
1650614400008,2022-04-22T08:00:00.008000+00:00,0.000100000000,8.0
1650643200008,2022-04-22T16:00:00.008000+00:00,0.000045620000,8.0
1650672000000,2022-04-23T00:00:00+00:00,0.000100000000,8.0
1650700800000,2022-04-23T08:00:00+00:00,0.000100000000,8.0
1650729600012,2022-04-23T16:00:00.012000+00:00,-0.000103780000,8.0
1650758400004,2022-04-24T00:00:00.004000+00:00,-0.000049560000,8.0
1650787200003,2022-04-24T08:00:00.003000+00:00,0.000007340000,8.0
1650816000000,2022-04-24T16:00:00+00:00,0.000060850000,8.0
1650844800008,2022-04-25T00:00:00.008000+00:00,0.000049670000,8.0
1650873600018,2022-04-25T08:00:00.018000+00:00,-0.000045450000,8.0
1650902400000,2022-04-25T16:00:00+00:00,-0.000085710000,8.0
1650931200014,2022-04-26T00:00:00.014000+00:00,-0.000003700000,8.0
1650960000000,2022-04-26T08:00:00+00:00,0.000088350000,8.0
1650988800017,2022-04-26T16:00:00.017000+00:00,-0.000044300000,8.0
1651017600012,2022-04-27T00:00:00.012000+00:00,-0.000092440000,8.0
1651046400000,2022-04-27T08:00:00+00:00,0.000043280000,8.0
1651075200002,2022-04-27T16:00:00.002000+00:00,0.000056590000,8.0
1651104000000,2022-04-28T00:00:00+00:00,-0.000070660000,8.0
1651132800004,2022-04-28T08:00:00.004000+00:00,0.000028470000,8.0
1651161600030,2022-04-28T16:00:00.030000+00:00,-0.000147750000,8.0
1651190400000,2022-04-29T00:00:00+00:00,0.000048220000,8.0
1651219200016,2022-04-29T08:00:00.016000+00:00,0.000077760000,8.0
1651248000010,2022-04-29T16:00:00.010000+00:00,0.000039480000,8.0
1651276800000,2022-04-30T00:00:00+00:00,0.000041040000,8.0
1651305600005,2022-04-30T08:00:00.005000+00:00,0.000100000000,8.0
1651334400015,2022-04-30T16:00:00.015000+00:00,-0.000001960000,8.0
1651363200000,2022-05-01T00:00:00+00:00,-0.000334070000,8.0
1651392000000,2022-05-01T08:00:00+00:00,-0.000175400000,8.0
1651420800010,2022-05-01T16:00:00.010000+00:00,-0.000023660000,8.0
1651449600018,2022-05-02T00:00:00.018000+00:00,-0.000037640000,8.0
1651478400007,2022-05-02T08:00:00.007000+00:00,-0.000075050000,8.0
1651507200000,2022-05-02T16:00:00+00:00,-0.000057900000,8.0
1651536000006,2022-05-03T00:00:00.006000+00:00,0.000025270000,8.0
1651564800000,2022-05-03T08:00:00+00:00,0.000041760000,8.0
1651593600021,2022-05-03T16:00:00.021000+00:00,-0.000006520000,8.0
1651622400007,2022-05-04T00:00:00.007000+00:00,-0.000011730000,8.0
1651651200011,2022-05-04T08:00:00.011000+00:00,0.000003650000,8.0
1651680000000,2022-05-04T16:00:00+00:00,-0.000005210000,8.0
1651708800005,2022-05-05T00:00:00.005000+00:00,0.000012020000,8.0
1651737600019,2022-05-05T08:00:00.019000+00:00,0.000100000000,8.0
1651766400005,2022-05-05T16:00:00.005000+00:00,0.000014100000,8.0
1651795200005,2022-05-06T00:00:00.005000+00:00,-0.000199370000,8.0
1651824000001,2022-05-06T08:00:00.001000+00:00,0.000021190000,8.0
1651852800010,2022-05-06T16:00:00.010000+00:00,-0.000014530000,8.0
1651881600004,2022-05-07T00:00:00.004000+00:00,-0.000007630000,8.0
1651910400016,2022-05-07T08:00:00.016000+00:00,0.000005920000,8.0
1651939200011,2022-05-07T16:00:00.011000+00:00,-0.000069970000,8.0
1651968000000,2022-05-08T00:00:00+00:00,-0.000061560000,8.0
1651996800007,2022-05-08T08:00:00.007000+00:00,0.000005650000,8.0
1652025600015,2022-05-08T16:00:00.015000+00:00,0.000097820000,8.0
1652054400000,2022-05-09T00:00:00+00:00,-0.000139110000,8.0
1652083200001,2022-05-09T08:00:00.001000+00:00,-0.000039950000,8.0
1652112000000,2022-05-09T16:00:00+00:00,-0.000138950000,8.0
1652140800000,2022-05-10T00:00:00+00:00,-0.000151460000,8.0
1652169600007,2022-05-10T08:00:00.007000+00:00,0.000089770000,8.0
1652198400008,2022-05-10T16:00:00.008000+00:00,-0.000088770000,8.0
1652227200004,2022-05-11T00:00:00.004000+00:00,-0.000356300000,8.0
1652256000007,2022-05-11T08:00:00.007000+00:00,-0.000377820000,8.0
1652284800008,2022-05-11T16:00:00.008000+00:00,-0.001319560000,8.0
1652313600014,2022-05-12T00:00:00.014000+00:00,-0.001215580000,8.0
1652342400000,2022-05-12T08:00:00+00:00,-0.001364420000,8.0
1652371200007,2022-05-12T16:00:00.007000+00:00,-0.001324110000,8.0
1652400000014,2022-05-13T00:00:00.014000+00:00,-0.000666630000,8.0
1652428800001,2022-05-13T08:00:00.001000+00:00,-0.000862670000,8.0
1652457600000,2022-05-13T16:00:00+00:00,-0.000345870000,8.0
1652486400000,2022-05-14T00:00:00+00:00,-0.000183300000,8.0
1652515200000,2022-05-14T08:00:00+00:00,-0.000136040000,8.0
1652544000001,2022-05-14T16:00:00.001000+00:00,-0.000420460000,8.0
1652572800000,2022-05-15T00:00:00+00:00,-0.000064650000,8.0
1652601600000,2022-05-15T08:00:00+00:00,-0.000003590000,8.0
1652630400000,2022-05-15T16:00:00+00:00,-0.000135990000,8.0
1652659200021,2022-05-16T00:00:00.021000+00:00,-0.000123040000,8.0
1652688000013,2022-05-16T08:00:00.013000+00:00,-0.000051150000,8.0
1652716800006,2022-05-16T16:00:00.006000+00:00,-0.000214810000,8.0
1652745600000,2022-05-17T00:00:00+00:00,-0.000166720000,8.0
1652774400010,2022-05-17T08:00:00.010000+00:00,-0.000127520000,8.0
1652803200023,2022-05-17T16:00:00.023000+00:00,-0.000043050000,8.0
1652832000003,2022-05-18T00:00:00.003000+00:00,-0.000000760000,8.0
1652860800024,2022-05-18T08:00:00.024000+00:00,-0.000063760000,8.0
1652889600014,2022-05-18T16:00:00.014000+00:00,-0.000114680000,8.0
1652918400000,2022-05-19T00:00:00+00:00,-0.000077740000,8.0
1652947200008,2022-05-19T08:00:00.008000+00:00,-0.000065920000,8.0
1652976000015,2022-05-19T16:00:00.015000+00:00,0.000050650000,8.0
1653004800001,2022-05-20T00:00:00.001000+00:00,0.000033770000,8.0
1653033600003,2022-05-20T08:00:00.003000+00:00,-0.000019220000,8.0
1653062400012,2022-05-20T16:00:00.012000+00:00,-0.000061140000,8.0
1653091200008,2022-05-21T00:00:00.008000+00:00,-0.000043970000,8.0
1653120000001,2022-05-21T08:00:00.001000+00:00,-0.000037350000,8.0
1653148800007,2022-05-21T16:00:00.007000+00:00,-0.000062020000,8.0
1653177600003,2022-05-22T00:00:00.003000+00:00,0.000004620000,8.0
1653206400016,2022-05-22T08:00:00.016000+00:00,0.000030550000,8.0
1653235200000,2022-05-22T16:00:00+00:00,0.000016660000,8.0
1653264000011,2022-05-23T00:00:00.011000+00:00,0.000064020000,8.0
1653292800000,2022-05-23T08:00:00+00:00,0.000100000000,8.0
1653321600023,2022-05-23T16:00:00.023000+00:00,0.000050490000,8.0
1653350400011,2022-05-24T00:00:00.011000+00:00,-0.000123090000,8.0
1653379200000,2022-05-24T08:00:00+00:00,-0.000110510000,8.0
1653408000009,2022-05-24T16:00:00.009000+00:00,-0.000153710000,8.0
1653436800001,2022-05-25T00:00:00.001000+00:00,0.000061040000,8.0
1653465600000,2022-05-25T08:00:00+00:00,0.000078400000,8.0
1653494400015,2022-05-25T16:00:00.015000+00:00,-0.000028600000,8.0
1653523200005,2022-05-26T00:00:00.005000+00:00,0.000100000000,8.0
1653552000001,2022-05-26T08:00:00.001000+00:00,-0.000113890000,8.0
1653580800000,2022-05-26T16:00:00+00:00,-0.000219060000,8.0
1653609600007,2022-05-27T00:00:00.007000+00:00,-0.000142570000,8.0
1653638400008,2022-05-27T08:00:00.008000+00:00,-0.000005330000,8.0
1653667200000,2022-05-27T16:00:00+00:00,-0.000001810000,8.0
1653696000018,2022-05-28T00:00:00.018000+00:00,0.000007500000,8.0
1653724800016,2022-05-28T08:00:00.016000+00:00,-0.000014940000,8.0
1653753600013,2022-05-28T16:00:00.013000+00:00,-0.000018020000,8.0
1653782400000,2022-05-29T00:00:00+00:00,-0.000002490000,8.0
1653811200025,2022-05-29T08:00:00.025000+00:00,-0.000003260000,8.0
1653840000002,2022-05-29T16:00:00.002000+00:00,0.000100000000,8.0
1653868800000,2022-05-30T00:00:00+00:00,0.000088390000,8.0
1653897600013,2022-05-30T08:00:00.013000+00:00,0.000100000000,8.0
1653926400005,2022-05-30T16:00:00.005000+00:00,0.000100000000,8.0
1653955200016,2022-05-31T00:00:00.016000+00:00,0.000100000000,8.0
1653984000000,2022-05-31T08:00:00+00:00,0.000100000000,8.0
1654012800000,2022-05-31T16:00:00+00:00,0.000100000000,8.0
1654041600000,2022-06-01T00:00:00+00:00,0.000100000000,8.0
1654070400011,2022-06-01T08:00:00.011000+00:00,0.000100000000,8.0
1654099200000,2022-06-01T16:00:00+00:00,0.000100000000,8.0
1654128000000,2022-06-02T00:00:00+00:00,-0.000045260000,8.0
1654156800006,2022-06-02T08:00:00.006000+00:00,-0.000084970000,8.0
1654185600021,2022-06-02T16:00:00.021000+00:00,-0.000023300000,8.0
1654214400016,2022-06-03T00:00:00.016000+00:00,0.000060630000,8.0
1654243200016,2022-06-03T08:00:00.016000+00:00,0.000037260000,8.0
1654272000012,2022-06-03T16:00:00.012000+00:00,-0.000027720000,8.0
1654300800005,2022-06-04T00:00:00.005000+00:00,0.000065930000,8.0
1654329600000,2022-06-04T08:00:00+00:00,-0.000077990000,8.0
1654358400007,2022-06-04T16:00:00.007000+00:00,-0.000111710000,8.0
1654387200005,2022-06-05T00:00:00.005000+00:00,-0.000086880000,8.0
1654416000015,2022-06-05T08:00:00.015000+00:00,-0.000090310000,8.0
1654444800000,2022-06-05T16:00:00+00:00,-0.000049470000,8.0
1654473600000,2022-06-06T00:00:00+00:00,0.000011170000,8.0
1654502400017,2022-06-06T08:00:00.017000+00:00,0.000039230000,8.0
1654531200000,2022-06-06T16:00:00+00:00,0.000100000000,8.0
1654560000000,2022-06-07T00:00:00+00:00,0.000035190000,8.0
1654588800011,2022-06-07T08:00:00.011000+00:00,0.000066250000,8.0
1654617600000,2022-06-07T16:00:00+00:00,-0.000127040000,8.0
1654646400008,2022-06-08T00:00:00.008000+00:00,0.000022020000,8.0
1654675200020,2022-06-08T08:00:00.020000+00:00,-0.000056110000,8.0
1654704000012,2022-06-08T16:00:00.012000+00:00,-0.000005280000,8.0
1654732800000,2022-06-09T00:00:00+00:00,-0.000020600000,8.0
1654761600000,2022-06-09T08:00:00+00:00,0.000003940000,8.0
1654790400000,2022-06-09T16:00:00+00:00,0.000021970000,8.0
1654819200009,2022-06-10T00:00:00.009000+00:00,0.000096940000,8.0
1654848000000,2022-06-10T08:00:00+00:00,0.000046960000,8.0
1654876800006,2022-06-10T16:00:00.006000+00:00,-0.000099510000,8.0
1654905600018,2022-06-11T00:00:00.018000+00:00,-0.000099870000,8.0
1654934400014,2022-06-11T08:00:00.014000+00:00,-0.000094150000,8.0
1654963200000,2022-06-11T16:00:00+00:00,-0.000314400000,8.0
1654992000015,2022-06-12T00:00:00.015000+00:00,-0.000407300000,8.0
1655020800019,2022-06-12T08:00:00.019000+00:00,-0.000249370000,8.0
1655049600010,2022-06-12T16:00:00.010000+00:00,-0.000185270000,8.0
1655078400009,2022-06-13T00:00:00.009000+00:00,-0.000187210000,8.0
1655107200000,2022-06-13T08:00:00+00:00,-0.000354950000,8.0
1655136000007,2022-06-13T16:00:00.007000+00:00,-0.000272640000,8.0
1655164800013,2022-06-14T00:00:00.013000+00:00,-0.000188560000,8.0
1655193600008,2022-06-14T08:00:00.008000+00:00,-0.000247660000,8.0
1655222400006,2022-06-14T16:00:00.006000+00:00,-0.000122080000,8.0
1655251200000,2022-06-15T00:00:00+00:00,-0.000117270000,8.0
1655280000016,2022-06-15T08:00:00.016000+00:00,-0.000116170000,8.0
1655308800008,2022-06-15T16:00:00.008000+00:00,0.000024890000,8.0
1655337600009,2022-06-16T00:00:00.009000+00:00,-0.000094650000,8.0
1655366400016,2022-06-16T08:00:00.016000+00:00,0.000064630000,8.0
1655395200000,2022-06-16T16:00:00+00:00,-0.000153160000,8.0
1655424000008,2022-06-17T00:00:00.008000+00:00,-0.000089950000,8.0
1655452800003,2022-06-17T08:00:00.003000+00:00,-0.000237280000,8.0
1655481600000,2022-06-17T16:00:00+00:00,-0.000200390000,8.0
1655510400020,2022-06-18T00:00:00.020000+00:00,0.000100000000,8.0
1655539200025,2022-06-18T08:00:00.025000+00:00,-0.000193820000,8.0
1655568000014,2022-06-18T16:00:00.014000+00:00,-0.000157150000,8.0
1655596800012,2022-06-19T00:00:00.012000+00:00,-0.000272530000,8.0
1655625600012,2022-06-19T08:00:00.012000+00:00,0.000038510000,8.0
1655654400008,2022-06-19T16:00:00.008000+00:00,0.000031590000,8.0
1655683200016,2022-06-20T00:00:00.016000+00:00,0.000100000000,8.0
1655712000000,2022-06-20T08:00:00+00:00,-0.000007430000,8.0
1655740800013,2022-06-20T16:00:00.013000+00:00,0.000100000000,8.0
1655769600012,2022-06-21T00:00:00.012000+00:00,0.000013350000,8.0
1655798400018,2022-06-21T08:00:00.018000+00:00,-0.000048340000,8.0
1655827200010,2022-06-21T16:00:00.010000+00:00,-0.000111500000,8.0
1655856000000,2022-06-22T00:00:00+00:00,-0.000184740000,8.0
1655884800001,2022-06-22T08:00:00.001000+00:00,-0.000029890000,8.0
1655913600012,2022-06-22T16:00:00.012000+00:00,-0.000070870000,8.0
1655942400000,2022-06-23T00:00:00+00:00,-0.000055010000,8.0
1655971200000,2022-06-23T08:00:00+00:00,-0.000004230000,8.0
1656000000016,2022-06-23T16:00:00.016000+00:00,0.000048000000,8.0
1656028800005,2022-06-24T00:00:00.005000+00:00,-0.000034620000,8.0
1656057600004,2022-06-24T08:00:00.004000+00:00,-0.000034720000,8.0
1656086400018,2022-06-24T16:00:00.018000+00:00,0.000059410000,8.0
1656115200001,2022-06-25T00:00:00.001000+00:00,0.000045990000,8.0
1656144000010,2022-06-25T08:00:00.010000+00:00,0.000006690000,8.0
1656172800000,2022-06-25T16:00:00+00:00,0.000041340000,8.0
1656201600002,2022-06-26T00:00:00.002000+00:00,0.000100000000,8.0
1656230400016,2022-06-26T08:00:00.016000+00:00,0.000054220000,8.0
1656259200006,2022-06-26T16:00:00.006000+00:00,0.000029840000,8.0
1656288000008,2022-06-27T00:00:00.008000+00:00,-0.000085240000,8.0
1656316800000,2022-06-27T08:00:00+00:00,-0.000052120000,8.0
1656345600016,2022-06-27T16:00:00.016000+00:00,-0.000057940000,8.0
1656374400016,2022-06-28T00:00:00.016000+00:00,-0.000001660000,8.0
1656403200001,2022-06-28T08:00:00.001000+00:00,-0.000116070000,8.0
1656432000005,2022-06-28T16:00:00.005000+00:00,-0.000104390000,8.0
1656460800000,2022-06-29T00:00:00+00:00,-0.000038360000,8.0
1656489600013,2022-06-29T08:00:00.013000+00:00,-0.000009360000,8.0
1656518400000,2022-06-29T16:00:00+00:00,0.000054630000,8.0
1656547200000,2022-06-30T00:00:00+00:00,-0.000090580000,8.0
1656576000000,2022-06-30T08:00:00+00:00,0.000009260000,8.0
1656604800000,2022-06-30T16:00:00+00:00,-0.000016500000,8.0
1656633600001,2022-07-01T00:00:00.001000+00:00,-0.000075920000,8.0
1656662400017,2022-07-01T08:00:00.017000+00:00,-0.000126610000,8.0
1656691200005,2022-07-01T16:00:00.005000+00:00,-0.000038830000,8.0
1656720000000,2022-07-02T00:00:00+00:00,-0.000081150000,8.0
1656748800000,2022-07-02T08:00:00+00:00,-0.000068510000,8.0
1656777600008,2022-07-02T16:00:00.008000+00:00,-0.000026030000,8.0
1656806400015,2022-07-03T00:00:00.015000+00:00,-0.000012910000,8.0
1656835200004,2022-07-03T08:00:00.004000+00:00,0.000012830000,8.0
1656864000005,2022-07-03T16:00:00.005000+00:00,-0.000058170000,8.0
1656892800021,2022-07-04T00:00:00.021000+00:00,-0.000001790000,8.0
1656921600001,2022-07-04T08:00:00.001000+00:00,-0.000145140000,8.0
1656950400000,2022-07-04T16:00:00+00:00,0.000006370000,8.0
1656979200000,2022-07-05T00:00:00+00:00,-0.000037920000,8.0
1657008000000,2022-07-05T08:00:00+00:00,-0.000073500000,8.0
1657036800015,2022-07-05T16:00:00.015000+00:00,-0.000044870000,8.0
1657065600006,2022-07-06T00:00:00.006000+00:00,0.000006230000,8.0
1657094400000,2022-07-06T08:00:00+00:00,0.000036460000,8.0
1657123200000,2022-07-06T16:00:00+00:00,0.000041540000,8.0
1657152000010,2022-07-07T00:00:00.010000+00:00,-0.000018990000,8.0
1657180800010,2022-07-07T08:00:00.010000+00:00,0.000076890000,8.0
1657209600011,2022-07-07T16:00:00.011000+00:00,-0.000044950000,8.0
1657238400008,2022-07-08T00:00:00.008000+00:00,0.000039050000,8.0
1657267200009,2022-07-08T08:00:00.009000+00:00,0.000085170000,8.0
1657296000000,2022-07-08T16:00:00+00:00,-0.000102290000,8.0
1657324800000,2022-07-09T00:00:00+00:00,0.000062650000,8.0
1657353600000,2022-07-09T08:00:00+00:00,0.000100000000,8.0
1657382400009,2022-07-09T16:00:00.009000+00:00,0.000049840000,8.0
1657411200001,2022-07-10T00:00:00.001000+00:00,0.000059980000,8.0
1657440000002,2022-07-10T08:00:00.002000+00:00,0.000100000000,8.0
1657468800001,2022-07-10T16:00:00.001000+00:00,0.000100000000,8.0
1657497600000,2022-07-11T00:00:00+00:00,0.000100000000,8.0
1657526400003,2022-07-11T08:00:00.003000+00:00,0.000100000000,8.0
1657555200001,2022-07-11T16:00:00.001000+00:00,0.000061410000,8.0
1657584000000,2022-07-12T00:00:00+00:00,-0.000002610000,8.0
1657612800021,2022-07-12T08:00:00.021000+00:00,-0.000033650000,8.0
1657641600000,2022-07-12T16:00:00+00:00,0.000008500000,8.0
1657670400012,2022-07-13T00:00:00.012000+00:00,-0.000067280000,8.0
1657699200022,2022-07-13T08:00:00.022000+00:00,-0.000068220000,8.0
1657728000005,2022-07-13T16:00:00.005000+00:00,-0.000175960000,8.0
1657756800017,2022-07-14T00:00:00.017000+00:00,0.000016470000,8.0
1657785600001,2022-07-14T08:00:00.001000+00:00,0.000100000000,8.0
1657814400000,2022-07-14T16:00:00+00:00,-0.000000430000,8.0
1657843200004,2022-07-15T00:00:00.004000+00:00,0.000100000000,8.0
1657872000019,2022-07-15T08:00:00.019000+00:00,0.000100000000,8.0
1657900800017,2022-07-15T16:00:00.017000+00:00,0.000027870000,8.0
1657929600021,2022-07-16T00:00:00.021000+00:00,0.000077450000,8.0
1657958400014,2022-07-16T08:00:00.014000+00:00,0.000100000000,8.0
1657987200005,2022-07-16T16:00:00.005000+00:00,0.000048280000,8.0
1658016000000,2022-07-17T00:00:00+00:00,0.000100000000,8.0
1658044800003,2022-07-17T08:00:00.003000+00:00,0.000100000000,8.0
1658073600007,2022-07-17T16:00:00.007000+00:00,0.000100000000,8.0
1658102400001,2022-07-18T00:00:00.001000+00:00,0.000049560000,8.0
1658131200004,2022-07-18T08:00:00.004000+00:00,0.000100000000,8.0
1658160000019,2022-07-18T16:00:00.019000+00:00,0.000100000000,8.0
1658188800000,2022-07-19T00:00:00+00:00,0.000100000000,8.0
1658217600000,2022-07-19T08:00:00+00:00,0.000100000000,8.0
1658246400001,2022-07-19T16:00:00.001000+00:00,0.000100000000,8.0
1658275200004,2022-07-20T00:00:00.004000+00:00,0.000100000000,8.0
1658304000000,2022-07-20T08:00:00+00:00,0.000100000000,8.0
1658332800003,2022-07-20T16:00:00.003000+00:00,0.000100000000,8.0
1658361600000,2022-07-21T00:00:00+00:00,0.000100000000,8.0
1658390400018,2022-07-21T08:00:00.018000+00:00,0.000100000000,8.0
1658419200011,2022-07-21T16:00:00.011000+00:00,0.000100000000,8.0
1658448000014,2022-07-22T00:00:00.014000+00:00,0.000100000000,8.0
1658476800000,2022-07-22T08:00:00+00:00,0.000100000000,8.0
1658505600000,2022-07-22T16:00:00+00:00,0.000100000000,8.0
1658534400004,2022-07-23T00:00:00.004000+00:00,0.000059830000,8.0
1658563200002,2022-07-23T08:00:00.002000+00:00,0.000072180000,8.0
1658592000001,2022-07-23T16:00:00.001000+00:00,0.000100000000,8.0
1658620800000,2022-07-24T00:00:00+00:00,0.000015460000,8.0
1658649600011,2022-07-24T08:00:00.011000+00:00,0.000100000000,8.0
1658678400000,2022-07-24T16:00:00+00:00,0.000028700000,8.0
1658707200000,2022-07-25T00:00:00+00:00,0.000100000000,8.0
1658736000014,2022-07-25T08:00:00.014000+00:00,-0.000029600000,8.0
1658764800006,2022-07-25T16:00:00.006000+00:00,0.000013020000,8.0
1658793600010,2022-07-26T00:00:00.010000+00:00,0.000024730000,8.0
1658822400000,2022-07-26T08:00:00+00:00,0.000042150000,8.0
1658851200000,2022-07-26T16:00:00+00:00,0.000077940000,8.0
1658880000008,2022-07-27T00:00:00.008000+00:00,0.000007230000,8.0
1658908800000,2022-07-27T08:00:00+00:00,0.000060300000,8.0
1658937600003,2022-07-27T16:00:00.003000+00:00,-0.000007250000,8.0
1658966400009,2022-07-28T00:00:00.009000+00:00,0.000100000000,8.0
1658995200008,2022-07-28T08:00:00.008000+00:00,0.000100000000,8.0
1659024000013,2022-07-28T16:00:00.013000+00:00,0.000100000000,8.0
1659052800000,2022-07-29T00:00:00+00:00,0.000100000000,8.0
1659081600000,2022-07-29T08:00:00+00:00,0.000100000000,8.0
1659110400000,2022-07-29T16:00:00+00:00,0.000100000000,8.0
1659139200005,2022-07-30T00:00:00.005000+00:00,0.000100000000,8.0
1659168000009,2022-07-30T08:00:00.009000+00:00,0.000100000000,8.0
1659196800000,2022-07-30T16:00:00+00:00,0.000100000000,8.0
1659225600022,2022-07-31T00:00:00.022000+00:00,0.000100000000,8.0
1659254400011,2022-07-31T08:00:00.011000+00:00,0.000100000000,8.0
1659283200019,2022-07-31T16:00:00.019000+00:00,0.000100000000,8.0
1659312000010,2022-08-01T00:00:00.010000+00:00,0.000012200000,8.0
1659340800019,2022-08-01T08:00:00.019000+00:00,0.000100000000,8.0
1659369600017,2022-08-01T16:00:00.017000+00:00,0.000100000000,8.0
1659398400000,2022-08-02T00:00:00+00:00,0.000096080000,8.0
1659427200007,2022-08-02T08:00:00.007000+00:00,-0.000011380000,8.0
1659456000014,2022-08-02T16:00:00.014000+00:00,-0.000005700000,8.0
1659484800001,2022-08-03T00:00:00.001000+00:00,0.000039350000,8.0
1659513600020,2022-08-03T08:00:00.020000+00:00,-0.000082660000,8.0
1659542400008,2022-08-03T16:00:00.008000+00:00,-0.000182400000,8.0
1659571200001,2022-08-04T00:00:00.001000+00:00,-0.000036910000,8.0
1659600000009,2022-08-04T08:00:00.009000+00:00,-0.000053520000,8.0
1659628800015,2022-08-04T16:00:00.015000+00:00,-0.000001770000,8.0
1659657600005,2022-08-05T00:00:00.005000+00:00,0.000029350000,8.0
1659686400000,2022-08-05T08:00:00+00:00,0.000100000000,8.0
1659715200000,2022-08-05T16:00:00+00:00,0.000094330000,8.0
1659744000021,2022-08-06T00:00:00.021000+00:00,0.000100000000,8.0
1659772800000,2022-08-06T08:00:00+00:00,0.000100000000,8.0
1659801600015,2022-08-06T16:00:00.015000+00:00,0.000100000000,8.0
1659830400013,2022-08-07T00:00:00.013000+00:00,0.000100000000,8.0
1659859200000,2022-08-07T08:00:00+00:00,0.000083000000,8.0
1659888000014,2022-08-07T16:00:00.014000+00:00,0.000065060000,8.0
1659916800009,2022-08-08T00:00:00.009000+00:00,0.000100000000,8.0
1659945600006,2022-08-08T08:00:00.006000+00:00,0.000100000000,8.0
1659974400000,2022-08-08T16:00:00+00:00,0.000100000000,8.0
1660003200020,2022-08-09T00:00:00.020000+00:00,0.000100000000,8.0
1660032000000,2022-08-09T08:00:00+00:00,0.000100000000,8.0
1660060800000,2022-08-09T16:00:00+00:00,0.000100000000,8.0
1660089600000,2022-08-10T00:00:00+00:00,0.000061310000,8.0
1660118400016,2022-08-10T08:00:00.016000+00:00,0.000100000000,8.0
1660147200018,2022-08-10T16:00:00.018000+00:00,0.000100000000,8.0
1660176000012,2022-08-11T00:00:00.012000+00:00,0.000100000000,8.0
1660204800000,2022-08-11T08:00:00+00:00,0.000100000000,8.0
1660233600000,2022-08-11T16:00:00+00:00,0.000100000000,8.0
1660262400006,2022-08-12T00:00:00.006000+00:00,0.000100000000,8.0
1660291200000,2022-08-12T08:00:00+00:00,0.000100000000,8.0
1660320000005,2022-08-12T16:00:00.005000+00:00,0.000100000000,8.0
1660348800012,2022-08-13T00:00:00.012000+00:00,0.000100000000,8.0
1660377600006,2022-08-13T08:00:00.006000+00:00,0.000100000000,8.0
1660406400018,2022-08-13T16:00:00.018000+00:00,0.000100000000,8.0
1660435200000,2022-08-14T00:00:00+00:00,0.000100000000,8.0
1660464000000,2022-08-14T08:00:00+00:00,0.000100000000,8.0
1660492800000,2022-08-14T16:00:00+00:00,0.000059030000,8.0
1660521600010,2022-08-15T00:00:00.010000+00:00,0.000100000000,8.0
1660550400002,2022-08-15T08:00:00.002000+00:00,0.000100000000,8.0
1660579200010,2022-08-15T16:00:00.010000+00:00,0.000100000000,8.0
1660608000010,2022-08-16T00:00:00.010000+00:00,0.000053590000,8.0
1660636800002,2022-08-16T08:00:00.002000+00:00,0.000100000000,8.0
1660665600000,2022-08-16T16:00:00+00:00,0.000070230000,8.0
1660694400020,2022-08-17T00:00:00.020000+00:00,0.000052600000,8.0
1660723200016,2022-08-17T08:00:00.016000+00:00,0.000002940000,8.0
1660752000001,2022-08-17T16:00:00.001000+00:00,0.000037330000,8.0
1660780800005,2022-08-18T00:00:00.005000+00:00,-0.000138300000,8.0
1660809600012,2022-08-18T08:00:00.012000+00:00,0.000034370000,8.0
1660838400013,2022-08-18T16:00:00.013000+00:00,-0.000108460000,8.0
1660867200000,2022-08-19T00:00:00+00:00,0.000006210000,8.0
1660896000000,2022-08-19T08:00:00+00:00,-0.000388280000,8.0
1660924800009,2022-08-19T16:00:00.009000+00:00,-0.000333930000,8.0
1660953600000,2022-08-20T00:00:00+00:00,-0.000115060000,8.0
1660982400005,2022-08-20T08:00:00.005000+00:00,-0.000059970000,8.0
1661011200000,2022-08-20T16:00:00+00:00,-0.000014280000,8.0
1661040000010,2022-08-21T00:00:00.010000+00:00,-0.000104790000,8.0
1661068800013,2022-08-21T08:00:00.013000+00:00,-0.000085990000,8.0
1661097600000,2022-08-21T16:00:00+00:00,-0.000261810000,8.0
1661126400011,2022-08-22T00:00:00.011000+00:00,-0.000322700000,8.0
1661155200005,2022-08-22T08:00:00.005000+00:00,-0.000029100000,8.0
1661184000005,2022-08-22T16:00:00.005000+00:00,-0.000098170000,8.0
1661212800000,2022-08-23T00:00:00+00:00,-0.000044930000,8.0
1661241600021,2022-08-23T08:00:00.021000+00:00,0.000067550000,8.0
1661270400005,2022-08-23T16:00:00.005000+00:00,0.000041690000,8.0
1661299200017,2022-08-24T00:00:00.017000+00:00,0.000077890000,8.0
1661328000021,2022-08-24T08:00:00.021000+00:00,-0.000084710000,8.0
1661356800000,2022-08-24T16:00:00+00:00,-0.000005880000,8.0
1661385600003,2022-08-25T00:00:00.003000+00:00,0.000024380000,8.0
1661414400000,2022-08-25T08:00:00+00:00,-0.000158180000,8.0
1661443200004,2022-08-25T16:00:00.004000+00:00,-0.000108200000,8.0
1661472000001,2022-08-26T00:00:00.001000+00:00,-0.000086080000,8.0
1661500800004,2022-08-26T08:00:00.004000+00:00,-0.000305940000,8.0
1661529600000,2022-08-26T16:00:00+00:00,-0.000121590000,8.0
1661558400010,2022-08-27T00:00:00.010000+00:00,-0.000447810000,8.0
1661587200007,2022-08-27T08:00:00.007000+00:00,-0.000428880000,8.0
1661616000008,2022-08-27T16:00:00.008000+00:00,-0.000230030000,8.0
1661644800019,2022-08-28T00:00:00.019000+00:00,-0.000401420000,8.0
1661673600000,2022-08-28T08:00:00+00:00,-0.000261210000,8.0
1661702400000,2022-08-28T16:00:00+00:00,-0.000270650000,8.0
1661731200000,2022-08-29T00:00:00+00:00,-0.000495670000,8.0
1661760000000,2022-08-29T08:00:00+00:00,-0.000237220000,8.0
1661788800001,2022-08-29T16:00:00.001000+00:00,-0.000019510000,8.0
1661817600001,2022-08-30T00:00:00.001000+00:00,0.000040760000,8.0
1661846400005,2022-08-30T08:00:00.005000+00:00,-0.000005690000,8.0
1661875200010,2022-08-30T16:00:00.010000+00:00,-0.000096460000,8.0
1661904000000,2022-08-31T00:00:00+00:00,0.000033270000,8.0
1661932800005,2022-08-31T08:00:00.005000+00:00,0.000049430000,8.0
1661961600013,2022-08-31T16:00:00.013000+00:00,-0.000014110000,8.0
1661990400012,2022-09-01T00:00:00.012000+00:00,0.000010330000,8.0
1662019200000,2022-09-01T08:00:00+00:00,-0.000106180000,8.0
1662048000013,2022-09-01T16:00:00.013000+00:00,0.000003810000,8.0
1662076800002,2022-09-02T00:00:00.002000+00:00,0.000050400000,8.0
1662105600013,2022-09-02T08:00:00.013000+00:00,0.000100000000,8.0
1662134400000,2022-09-02T16:00:00+00:00,0.000077400000,8.0
1662163200000,2022-09-03T00:00:00+00:00,-0.000146960000,8.0
1662192000002,2022-09-03T08:00:00.002000+00:00,-0.000064060000,8.0
1662220800007,2022-09-03T16:00:00.007000+00:00,-0.000120610000,8.0
1662249600008,2022-09-04T00:00:00.008000+00:00,-0.000011640000,8.0
1662278400009,2022-09-04T08:00:00.009000+00:00,0.000065090000,8.0
1662307200000,2022-09-04T16:00:00+00:00,0.000100000000,8.0
1662336000015,2022-09-05T00:00:00.015000+00:00,0.000089130000,8.0
1662364800013,2022-09-05T08:00:00.013000+00:00,0.000100000000,8.0
1662393600007,2022-09-05T16:00:00.007000+00:00,0.000011620000,8.0
1662422400018,2022-09-06T00:00:00.018000+00:00,0.000090840000,8.0
1662451200020,2022-09-06T08:00:00.020000+00:00,0.000100000000,8.0
1662480000028,2022-09-06T16:00:00.028000+00:00,0.000100000000,8.0
1662508800013,2022-09-07T00:00:00.013000+00:00,-0.000167060000,8.0
1662537600022,2022-09-07T08:00:00.022000+00:00,-0.000071270000,8.0
1662566400021,2022-09-07T16:00:00.021000+00:00,-0.000017990000,8.0
1662595200010,2022-09-08T00:00:00.010000+00:00,0.000100000000,8.0
1662624000000,2022-09-08T08:00:00+00:00,0.000100000000,8.0
1662652800003,2022-09-08T16:00:00.003000+00:00,0.000100000000,8.0
1662681600011,2022-09-09T00:00:00.011000+00:00,0.000100000000,8.0
1662710400000,2022-09-09T08:00:00+00:00,0.000100000000,8.0
1662739200000,2022-09-09T16:00:00+00:00,0.000100000000,8.0
1662768000003,2022-09-10T00:00:00.003000+00:00,0.000100000000,8.0
1662796800000,2022-09-10T08:00:00+00:00,0.000100000000,8.0
1662825600012,2022-09-10T16:00:00.012000+00:00,0.000100000000,8.0
1662854400009,2022-09-11T00:00:00.009000+00:00,0.000100000000,8.0
1662883200012,2022-09-11T08:00:00.012000+00:00,0.000090560000,8.0
1662912000005,2022-09-11T16:00:00.005000+00:00,0.000057480000,8.0
1662940800007,2022-09-12T00:00:00.007000+00:00,0.000053310000,8.0
1662969600013,2022-09-12T08:00:00.013000+00:00,0.000068040000,8.0
1662998400000,2022-09-12T16:00:00+00:00,0.000100000000,8.0
1663027200004,2022-09-13T00:00:00.004000+00:00,0.000098160000,8.0
1663056000000,2022-09-13T08:00:00+00:00,0.000013010000,8.0
1663084800000,2022-09-13T16:00:00+00:00,0.000011020000,8.0
1663113600000,2022-09-14T00:00:00+00:00,-0.000120070000,8.0
1663142400000,2022-09-14T08:00:00+00:00,-0.000167330000,8.0
1663171200000,2022-09-14T16:00:00+00:00,-0.000174810000,8.0
1663200000019,2022-09-15T00:00:00.019000+00:00,-0.000037470000,8.0
1663228800012,2022-09-15T08:00:00.012000+00:00,0.000040540000,8.0
1663257600007,2022-09-15T16:00:00.007000+00:00,-0.000011900000,8.0
1663286400000,2022-09-16T00:00:00+00:00,0.000047180000,8.0
1663315200000,2022-09-16T08:00:00+00:00,0.000097350000,8.0
1663344000000,2022-09-16T16:00:00+00:00,0.000068560000,8.0
1663372800000,2022-09-17T00:00:00+00:00,0.000069190000,8.0
1663401600012,2022-09-17T08:00:00.012000+00:00,0.000058920000,8.0
1663430400017,2022-09-17T16:00:00.017000+00:00,-0.000022000000,8.0
1663459200000,2022-09-18T00:00:00+00:00,-0.000018510000,8.0
1663488000004,2022-09-18T08:00:00.004000+00:00,0.000086890000,8.0
1663516800000,2022-09-18T16:00:00+00:00,0.000100000000,8.0
1663545600018,2022-09-19T00:00:00.018000+00:00,-0.000060030000,8.0
1663574400006,2022-09-19T08:00:00.006000+00:00,0.000019020000,8.0
1663603200010,2022-09-19T16:00:00.010000+00:00,-0.000072400000,8.0
1663632000007,2022-09-20T00:00:00.007000+00:00,0.000045520000,8.0
1663660800001,2022-09-20T08:00:00.001000+00:00,0.000100000000,8.0
1663689600000,2022-09-20T16:00:00+00:00,0.000019070000,8.0
1663718400001,2022-09-21T00:00:00.001000+00:00,-0.000012120000,8.0
1663747200005,2022-09-21T08:00:00.005000+00:00,-0.000033180000,8.0
1663776000000,2022-09-21T16:00:00+00:00,0.000018370000,8.0
1663804800000,2022-09-22T00:00:00+00:00,-0.000188510000,8.0
1663833600000,2022-09-22T08:00:00+00:00,-0.000134280000,8.0
1663862400011,2022-09-22T16:00:00.011000+00:00,0.000100000000,8.0
1663891200023,2022-09-23T00:00:00.023000+00:00,0.000100000000,8.0
1663920000004,2022-09-23T08:00:00.004000+00:00,0.000100000000,8.0
1663948800005,2022-09-23T16:00:00.005000+00:00,-0.000101640000,8.0
1663977600000,2022-09-24T00:00:00+00:00,0.000100000000,8.0
1664006400005,2022-09-24T08:00:00.005000+00:00,0.000100000000,8.0
1664035200000,2022-09-24T16:00:00+00:00,0.000100000000,8.0
1664064000010,2022-09-25T00:00:00.010000+00:00,0.000100000000,8.0
1664092800000,2022-09-25T08:00:00+00:00,0.000100000000,8.0
1664121600003,2022-09-25T16:00:00.003000+00:00,0.000100000000,8.0
1664150400001,2022-09-26T00:00:00.001000+00:00,0.000036100000,8.0
1664179200006,2022-09-26T08:00:00.006000+00:00,0.000089880000,8.0
1664208000000,2022-09-26T16:00:00+00:00,0.000067610000,8.0
1664236800026,2022-09-27T00:00:00.026000+00:00,0.000100000000,8.0
1664265600004,2022-09-27T08:00:00.004000+00:00,0.000100000000,8.0
1664294400006,2022-09-27T16:00:00.006000+00:00,0.000095140000,8.0
1664323200011,2022-09-28T00:00:00.011000+00:00,-0.000137480000,8.0
1664352000000,2022-09-28T08:00:00+00:00,0.000013430000,8.0
1664380800000,2022-09-28T16:00:00+00:00,-0.000115990000,8.0
1664409600010,2022-09-29T00:00:00.010000+00:00,-0.000006720000,8.0
1664438400000,2022-09-29T08:00:00+00:00,0.000100000000,8.0
1664467200000,2022-09-29T16:00:00+00:00,0.000100000000,8.0
1664496000006,2022-09-30T00:00:00.006000+00:00,0.000100000000,8.0
1664524800002,2022-09-30T08:00:00.002000+00:00,-0.000011180000,8.0
1664553600007,2022-09-30T16:00:00.007000+00:00,0.000100000000,8.0
1664582400008,2022-10-01T00:00:00.008000+00:00,0.000057250000,8.0
1664611200011,2022-10-01T08:00:00.011000+00:00,-0.000009370000,8.0
1664640000000,2022-10-01T16:00:00+00:00,-0.000084540000,8.0
1664668800000,2022-10-02T00:00:00+00:00,-0.000003160000,8.0
1664697600000,2022-10-02T08:00:00+00:00,-0.000126940000,8.0
1664726400006,2022-10-02T16:00:00.006000+00:00,-0.000050760000,8.0
1664755200000,2022-10-03T00:00:00+00:00,0.000100000000,8.0
1664784000014,2022-10-03T08:00:00.014000+00:00,0.000100000000,8.0
1664812800010,2022-10-03T16:00:00.010000+00:00,-0.000039790000,8.0
1664841600006,2022-10-04T00:00:00.006000+00:00,0.000047220000,8.0
1664870400004,2022-10-04T08:00:00.004000+00:00,0.000100000000,8.0
1664899200013,2022-10-04T16:00:00.013000+00:00,-0.000057050000,8.0
1664928000000,2022-10-05T00:00:00+00:00,-0.000020020000,8.0
1664956800000,2022-10-05T08:00:00+00:00,0.000048000000,8.0
1664985600012,2022-10-05T16:00:00.012000+00:00,0.000078860000,8.0
1665014400008,2022-10-06T00:00:00.008000+00:00,0.000023690000,8.0
1665043200002,2022-10-06T08:00:00.002000+00:00,0.000100000000,8.0
1665072000006,2022-10-06T16:00:00.006000+00:00,0.000006340000,8.0
1665100800000,2022-10-07T00:00:00+00:00,0.000000050000,8.0
1665129600000,2022-10-07T08:00:00+00:00,0.000080210000,8.0
1665158400007,2022-10-07T16:00:00.007000+00:00,-0.000143550000,8.0
1665187200010,2022-10-08T00:00:00.010000+00:00,-0.000000800000,8.0
1665216000004,2022-10-08T08:00:00.004000+00:00,0.000100000000,8.0
1665244800018,2022-10-08T16:00:00.018000+00:00,0.000100000000,8.0
1665273600000,2022-10-09T00:00:00+00:00,-0.000054960000,8.0
1665302400007,2022-10-09T08:00:00.007000+00:00,0.000031660000,8.0
1665331200011,2022-10-09T16:00:00.011000+00:00,-0.000075350000,8.0
1665360000018,2022-10-10T00:00:00.018000+00:00,0.000100000000,8.0
1665388800000,2022-10-10T08:00:00+00:00,0.000100000000,8.0
1665417600026,2022-10-10T16:00:00.026000+00:00,0.000100000000,8.0
1665446400020,2022-10-11T00:00:00.020000+00:00,0.000100000000,8.0
1665475200027,2022-10-11T08:00:00.027000+00:00,0.000100000000,8.0
1665504000000,2022-10-11T16:00:00+00:00,0.000011730000,8.0
1665532800014,2022-10-12T00:00:00.014000+00:00,0.000032080000,8.0
1665561600000,2022-10-12T08:00:00+00:00,-0.000063560000,8.0
1665590400000,2022-10-12T16:00:00+00:00,0.000100000000,8.0
1665619200013,2022-10-13T00:00:00.013000+00:00,0.000029430000,8.0
1665648000016,2022-10-13T08:00:00.016000+00:00,-0.000005100000,8.0
1665676800009,2022-10-13T16:00:00.009000+00:00,-0.000186360000,8.0
1665705600020,2022-10-14T00:00:00.020000+00:00,-0.000050350000,8.0
1665734400000,2022-10-14T08:00:00+00:00,0.000038690000,8.0
1665763200009,2022-10-14T16:00:00.009000+00:00,0.000088470000,8.0
1665792000001,2022-10-15T00:00:00.001000+00:00,0.000023010000,8.0
1665820800005,2022-10-15T08:00:00.005000+00:00,-0.000079600000,8.0
1665849600004,2022-10-15T16:00:00.004000+00:00,-0.000066480000,8.0
1665878400012,2022-10-16T00:00:00.012000+00:00,0.000031290000,8.0
1665907200000,2022-10-16T08:00:00+00:00,-0.000107840000,8.0
1665936000010,2022-10-16T16:00:00.010000+00:00,-0.000088490000,8.0
1665964800012,2022-10-17T00:00:00.012000+00:00,-0.000117730000,8.0
1665993600010,2022-10-17T08:00:00.010000+00:00,0.000017240000,8.0
1666022400017,2022-10-17T16:00:00.017000+00:00,0.000057170000,8.0
1666051200010,2022-10-18T00:00:00.010000+00:00,0.000015670000,8.0
1666080000008,2022-10-18T08:00:00.008000+00:00,0.000100000000,8.0
1666108800000,2022-10-18T16:00:00+00:00,0.000097040000,8.0
1666137600007,2022-10-19T00:00:00.007000+00:00,0.000031310000,8.0
1666166400022,2022-10-19T08:00:00.022000+00:00,0.000100000000,8.0
1666195200016,2022-10-19T16:00:00.016000+00:00,0.000100000000,8.0
1666224000000,2022-10-20T00:00:00+00:00,0.000085550000,8.0
1666252800013,2022-10-20T08:00:00.013000+00:00,0.000100000000,8.0
1666281600000,2022-10-20T16:00:00+00:00,0.000098950000,8.0
1666310400005,2022-10-21T00:00:00.005000+00:00,0.000100000000,8.0
1666339200018,2022-10-21T08:00:00.018000+00:00,0.000007420000,8.0
1666368000000,2022-10-21T16:00:00+00:00,0.000041040000,8.0
1666396800000,2022-10-22T00:00:00+00:00,-0.000164970000,8.0
1666425600015,2022-10-22T08:00:00.015000+00:00,-0.000011210000,8.0
1666454400000,2022-10-22T16:00:00+00:00,-0.000093240000,8.0
1666483200025,2022-10-23T00:00:00.025000+00:00,0.000038940000,8.0
1666512000000,2022-10-23T08:00:00+00:00,0.000014050000,8.0
1666540800004,2022-10-23T16:00:00.004000+00:00,0.000075130000,8.0
1666569600009,2022-10-24T00:00:00.009000+00:00,0.000100000000,8.0
1666598400012,2022-10-24T08:00:00.012000+00:00,0.000100000000,8.0
1666627200002,2022-10-24T16:00:00.002000+00:00,-0.000032090000,8.0
1666656000013,2022-10-25T00:00:00.013000+00:00,-0.000019440000,8.0
1666684800013,2022-10-25T08:00:00.013000+00:00,0.000099470000,8.0
1666713600000,2022-10-25T16:00:00+00:00,0.000011660000,8.0
1666742400006,2022-10-26T00:00:00.006000+00:00,0.000100000000,8.0
1666771200013,2022-10-26T08:00:00.013000+00:00,0.000100000000,8.0
1666800000000,2022-10-26T16:00:00+00:00,0.000008930000,8.0
1666828800009,2022-10-27T00:00:00.009000+00:00,0.000065250000,8.0
1666857600006,2022-10-27T08:00:00.006000+00:00,0.000100000000,8.0
1666886400009,2022-10-27T16:00:00.009000+00:00,0.000087810000,8.0
1666915200000,2022-10-28T00:00:00+00:00,0.000061370000,8.0
1666944000000,2022-10-28T08:00:00+00:00,0.000075650000,8.0
1666972800007,2022-10-28T16:00:00.007000+00:00,-0.000067150000,8.0
1667001600000,2022-10-29T00:00:00+00:00,0.000100000000,8.0
1667030400003,2022-10-29T08:00:00.003000+00:00,0.000100000000,8.0
1667059200010,2022-10-29T16:00:00.010000+00:00,0.000100000000,8.0
1667088000000,2022-10-30T00:00:00+00:00,0.000070220000,8.0
1667116800013,2022-10-30T08:00:00.013000+00:00,0.000100000000,8.0
1667145600009,2022-10-30T16:00:00.009000+00:00,0.000100000000,8.0
1667174400012,2022-10-31T00:00:00.012000+00:00,0.000100000000,8.0
1667203200000,2022-10-31T08:00:00+00:00,0.000100000000,8.0
1667232000010,2022-10-31T16:00:00.010000+00:00,0.000056710000,8.0
1667260800000,2022-11-01T00:00:00+00:00,-0.000077850000,8.0
1667289600000,2022-11-01T08:00:00+00:00,-0.000038060000,8.0
1667318400000,2022-11-01T16:00:00+00:00,-0.000062340000,8.0
1667347200000,2022-11-02T00:00:00+00:00,0.000000950000,8.0
1667376000000,2022-11-02T08:00:00+00:00,0.000016280000,8.0
1667404800019,2022-11-02T16:00:00.019000+00:00,0.000004180000,8.0
1667433600011,2022-11-03T00:00:00.011000+00:00,-0.000258030000,8.0
1667462400016,2022-11-03T08:00:00.016000+00:00,0.000065710000,8.0
1667491200005,2022-11-03T16:00:00.005000+00:00,0.000027840000,8.0
1667520000000,2022-11-04T00:00:00+00:00,-0.000082900000,8.0
1667548800004,2022-11-04T08:00:00.004000+00:00,0.000100000000,8.0
1667577600020,2022-11-04T16:00:00.020000+00:00,0.000092620000,8.0
1667606400009,2022-11-05T00:00:00.009000+00:00,0.000100000000,8.0
1667635200007,2022-11-05T08:00:00.007000+00:00,0.000100000000,8.0
1667664000018,2022-11-05T16:00:00.018000+00:00,0.000100000000,8.0
1667692800009,2022-11-06T00:00:00.009000+00:00,0.000100000000,8.0
1667721600000,2022-11-06T08:00:00+00:00,0.000100000000,8.0
1667750400010,2022-11-06T16:00:00.010000+00:00,0.000100000000,8.0
1667779200012,2022-11-07T00:00:00.012000+00:00,0.000100000000,8.0
1667808000014,2022-11-07T08:00:00.014000+00:00,0.000093190000,8.0
1667836800006,2022-11-07T16:00:00.006000+00:00,0.000100000000,8.0
1667865600000,2022-11-08T00:00:00+00:00,-0.000353460000,8.0
1667894400001,2022-11-08T08:00:00.001000+00:00,-0.001246350000,8.0
1667923200005,2022-11-08T16:00:00.005000+00:00,-0.000590420000,8.0
1667952000000,2022-11-09T00:00:00+00:00,-0.007500000000,8.0
1667980800013,2022-11-09T08:00:00.013000+00:00,-0.007500000000,8.0
1668009600004,2022-11-09T16:00:00.004000+00:00,-0.015000000000,8.0
1668024000018,2022-11-09T20:00:00.018000+00:00,-0.020000000000,4.0
1668038400006,2022-11-10T00:00:00.006000+00:00,-0.020000000000,4.0
1668052800011,2022-11-10T04:00:00.011000+00:00,-0.020000000000,2.0
1668060000000,2022-11-10T06:00:00+00:00,-0.020000000000,2.0
1668067200000,2022-11-10T08:00:00+00:00,-0.020000000000,2.0
1668074400000,2022-11-10T10:00:00+00:00,-0.020000000000,2.0
1668081600000,2022-11-10T12:00:00+00:00,-0.020000000000,2.0
1668088800007,2022-11-10T14:00:00.007000+00:00,-0.009376830000,2.0
1668096000015,2022-11-10T16:00:00.015000+00:00,-0.008015790000,2.0
1668103200011,2022-11-10T18:00:00.011000+00:00,-0.016107490000,2.0
1668110400000,2022-11-10T20:00:00+00:00,-0.017929170000,2.0
1668117600000,2022-11-10T22:00:00+00:00,-0.000232090000,2.0
1668124800000,2022-11-11T00:00:00+00:00,-0.002629970000,2.0
1668132000011,2022-11-11T02:00:00.011000+00:00,-0.002292180000,2.0
1668139200003,2022-11-11T04:00:00.003000+00:00,-0.004070970000,2.0
1668146400007,2022-11-11T06:00:00.007000+00:00,-0.002093310000,2.0
1668153600015,2022-11-11T08:00:00.015000+00:00,-0.000972840000,2.0
1668160800009,2022-11-11T10:00:00.009000+00:00,-0.002295980000,2.0
1668168000005,2022-11-11T12:00:00.005000+00:00,-0.002663800000,2.0
1668175200000,2022-11-11T14:00:00+00:00,-0.003732710000,2.0
1668182400027,2022-11-11T16:00:00.027000+00:00,-0.011397310000,2.0
1668189600000,2022-11-11T18:00:00+00:00,-0.001456640000,2.0
1668196800004,2022-11-11T20:00:00.004000+00:00,-0.001534380000,2.0
1668204000000,2022-11-11T22:00:00+00:00,-0.000707300000,2.0
1668211200007,2022-11-12T00:00:00.007000+00:00,-0.000297180000,2.0
1668218400013,2022-11-12T02:00:00.013000+00:00,-0.001890300000,2.0
1668225600000,2022-11-12T04:00:00+00:00,-0.001945290000,2.0
1668232800015,2022-11-12T06:00:00.015000+00:00,-0.006784950000,2.0
1668240000016,2022-11-12T08:00:00.016000+00:00,-0.000904420000,2.0
1668247200015,2022-11-12T10:00:00.015000+00:00,-0.000433110000,2.0
1668254400014,2022-11-12T12:00:00.014000+00:00,-0.001666040000,2.0
1668261600013,2022-11-12T14:00:00.013000+00:00,-0.001535860000,2.0
1668268800000,2022-11-12T16:00:00+00:00,-0.000872120000,2.0
1668276000000,2022-11-12T18:00:00+00:00,-0.000189860000,2.0
1668283200000,2022-11-12T20:00:00+00:00,-0.000207200000,2.0
1668290400016,2022-11-12T22:00:00.016000+00:00,-0.000973670000,2.0
1668297600004,2022-11-13T00:00:00.004000+00:00,-0.000703420000,2.0
1668304800006,2022-11-13T02:00:00.006000+00:00,-0.000789740000,2.0
1668312000001,2022-11-13T04:00:00.001000+00:00,-0.001631010000,2.0
1668319200015,2022-11-13T06:00:00.015000+00:00,-0.000331470000,2.0
1668326400000,2022-11-13T08:00:00+00:00,-0.001770100000,2.0
1668333600000,2022-11-13T10:00:00+00:00,-0.000993680000,2.0
1668340800007,2022-11-13T12:00:00.007000+00:00,-0.000839740000,2.0
1668348000011,2022-11-13T14:00:00.011000+00:00,-0.000827500000,2.0
1668355200017,2022-11-13T16:00:00.017000+00:00,-0.000134990000,2.0
1668362400001,2022-11-13T18:00:00.001000+00:00,0.000014580000,2.0
1668369600011,2022-11-13T20:00:00.011000+00:00,-0.000193470000,2.0
1668376800003,2022-11-13T22:00:00.003000+00:00,-0.000492990000,2.0
1668384000000,2022-11-14T00:00:00+00:00,-0.001729300000,2.0
1668391200000,2022-11-14T02:00:00+00:00,-0.004447340000,2.0
1668398400004,2022-11-14T04:00:00.004000+00:00,-0.004698290000,2.0
1668405600000,2022-11-14T06:00:00+00:00,-0.000256640000,2.0
1668412800000,2022-11-14T08:00:00+00:00,-0.000207980000,2.0
1668420000000,2022-11-14T10:00:00+00:00,-0.000376760000,2.0
1668427200000,2022-11-14T12:00:00+00:00,-0.000658170000,2.0
1668434400013,2022-11-14T14:00:00.013000+00:00,0.000025000000,2.0
1668441600000,2022-11-14T16:00:00+00:00,-0.000788890000,2.0
1668448800000,2022-11-14T18:00:00+00:00,-0.001209370000,2.0
1668456000021,2022-11-14T20:00:00.021000+00:00,0.000025000000,2.0
1668463200015,2022-11-14T22:00:00.015000+00:00,-0.000074640000,2.0
1668470400014,2022-11-15T00:00:00.014000+00:00,0.000025000000,2.0
1668477600000,2022-11-15T02:00:00+00:00,0.000025000000,2.0
1668484800016,2022-11-15T04:00:00.016000+00:00,-0.000476900000,2.0
1668492000010,2022-11-15T06:00:00.010000+00:00,-0.000738280000,2.0
1668499200009,2022-11-15T08:00:00.009000+00:00,0.000025000000,2.0
1668506400018,2022-11-15T10:00:00.018000+00:00,0.000025000000,2.0
1668513600030,2022-11-15T12:00:00.030000+00:00,-0.000229030000,2.0
1668520800006,2022-11-15T14:00:00.006000+00:00,-0.000229590000,2.0
1668528000010,2022-11-15T16:00:00.010000+00:00,-0.000711410000,2.0
1668535200010,2022-11-15T18:00:00.010000+00:00,-0.001368160000,2.0
1668542400000,2022-11-15T20:00:00+00:00,-0.000662960000,2.0
1668549600000,2022-11-15T22:00:00+00:00,-0.000748480000,2.0
1668556800011,2022-11-16T00:00:00.011000+00:00,-0.000959850000,2.0
1668564000000,2022-11-16T02:00:00+00:00,-0.000551340000,2.0
1668571200014,2022-11-16T04:00:00.014000+00:00,-0.000944990000,2.0
1668578400006,2022-11-16T06:00:00.006000+00:00,-0.000458540000,2.0
1668585600004,2022-11-16T08:00:00.004000+00:00,-0.000913300000,2.0
1668592800000,2022-11-16T10:00:00+00:00,-0.001105500000,2.0
1668600000000,2022-11-16T12:00:00+00:00,-0.001075260000,2.0
1668607200000,2022-11-16T14:00:00+00:00,-0.000748670000,2.0
1668614400008,2022-11-16T16:00:00.008000+00:00,-0.000314760000,2.0
1668621600018,2022-11-16T18:00:00.018000+00:00,-0.000627080000,2.0
1668628800006,2022-11-16T20:00:00.006000+00:00,-0.000035560000,2.0
1668636000000,2022-11-16T22:00:00+00:00,-0.000043350000,2.0
1668643200000,2022-11-17T00:00:00+00:00,-0.000152750000,2.0
1668650400009,2022-11-17T02:00:00.009000+00:00,-0.000082990000,2.0
1668657600022,2022-11-17T04:00:00.022000+00:00,-0.000334430000,2.0
1668664800013,2022-11-17T06:00:00.013000+00:00,-0.000018520000,2.0
1668672000000,2022-11-17T08:00:00+00:00,-0.000091900000,2.0
1668679200022,2022-11-17T10:00:00.022000+00:00,-0.000032990000,2.0
1668686400009,2022-11-17T12:00:00.009000+00:00,0.000025000000,2.0
1668693600000,2022-11-17T14:00:00+00:00,-0.003367780000,2.0
1668700800006,2022-11-17T16:00:00.006000+00:00,-0.001419750000,2.0
1668708000003,2022-11-17T18:00:00.003000+00:00,-0.001414260000,2.0
1668715200020,2022-11-17T20:00:00.020000+00:00,-0.000389740000,2.0
1668722400008,2022-11-17T22:00:00.008000+00:00,-0.000403850000,2.0
1668729600004,2022-11-18T00:00:00.004000+00:00,-0.001074480000,2.0
1668736800004,2022-11-18T02:00:00.004000+00:00,-0.000465280000,2.0
1668744000000,2022-11-18T04:00:00+00:00,-0.000356740000,2.0
1668751200007,2022-11-18T06:00:00.007000+00:00,-0.000295660000,2.0
1668758400016,2022-11-18T08:00:00.016000+00:00,-0.000215310000,2.0
1668787200000,2022-11-18T16:00:00+00:00,-0.000827570000,8.0
1668816000000,2022-11-19T00:00:00+00:00,-0.000686420000,8.0
1668844800004,2022-11-19T08:00:00.004000+00:00,-0.001149380000,8.0
1668873600024,2022-11-19T16:00:00.024000+00:00,-0.000523270000,8.0
1668902400015,2022-11-20T00:00:00.015000+00:00,-0.000475710000,8.0
1668931200004,2022-11-20T08:00:00.004000+00:00,-0.000374080000,8.0
1668960000000,2022-11-20T16:00:00+00:00,-0.001129220000,8.0
1668988800006,2022-11-21T00:00:00.006000+00:00,-0.000759530000,8.0
1669017600015,2022-11-21T08:00:00.015000+00:00,-0.000508300000,8.0
1669046400000,2022-11-21T16:00:00+00:00,-0.001160960000,8.0
1669075200000,2022-11-22T00:00:00+00:00,-0.000166060000,8.0
1669104000000,2022-11-22T08:00:00+00:00,-0.000569770000,8.0
1669132800000,2022-11-22T16:00:00+00:00,-0.000895830000,8.0
1669161600000,2022-11-23T00:00:00+00:00,-0.000424760000,8.0
1669190400011,2022-11-23T08:00:00.011000+00:00,-0.000110530000,8.0
1669219200014,2022-11-23T16:00:00.014000+00:00,-0.000970510000,8.0
1669248000007,2022-11-24T00:00:00.007000+00:00,-0.001106610000,8.0
1669276800014,2022-11-24T08:00:00.014000+00:00,-0.001409600000,8.0
1669305600013,2022-11-24T16:00:00.013000+00:00,-0.002039980000,8.0
1669334400004,2022-11-25T00:00:00.004000+00:00,-0.000666950000,8.0
1669363200015,2022-11-25T08:00:00.015000+00:00,-0.000255290000,8.0
1669392000000,2022-11-25T16:00:00+00:00,-0.000569490000,8.0
1669420800011,2022-11-26T00:00:00.011000+00:00,-0.000153450000,8.0
1669449600000,2022-11-26T08:00:00+00:00,-0.000346160000,8.0
1669478400000,2022-11-26T16:00:00+00:00,-0.000558040000,8.0
1669507200012,2022-11-27T00:00:00.012000+00:00,-0.001477020000,8.0
1669536000000,2022-11-27T08:00:00+00:00,-0.000432910000,8.0
1669564800003,2022-11-27T16:00:00.003000+00:00,-0.000328640000,8.0
1669593600015,2022-11-28T00:00:00.015000+00:00,-0.000161170000,8.0
1669622400004,2022-11-28T08:00:00.004000+00:00,-0.005406190000,8.0
1669651200011,2022-11-28T16:00:00.011000+00:00,-0.002814660000,8.0
1669680000000,2022-11-29T00:00:00+00:00,-0.000210250000,8.0
1669708800015,2022-11-29T08:00:00.015000+00:00,-0.000462300000,8.0
1669737600000,2022-11-29T16:00:00+00:00,-0.000732990000,8.0
1669766400007,2022-11-30T00:00:00.007000+00:00,-0.000482480000,8.0
1669795200000,2022-11-30T08:00:00+00:00,-0.001406670000,8.0
1669824000015,2022-11-30T16:00:00.015000+00:00,-0.000419070000,8.0
1669852800001,2022-12-01T00:00:00.001000+00:00,-0.000836490000,8.0
1669881600006,2022-12-01T08:00:00.006000+00:00,-0.000151340000,8.0
1669910400000,2022-12-01T16:00:00+00:00,-0.000194900000,8.0
1669939200001,2022-12-02T00:00:00.001000+00:00,-0.000936450000,8.0
1669968000016,2022-12-02T08:00:00.016000+00:00,-0.001741920000,8.0
1669996800017,2022-12-02T16:00:00.017000+00:00,-0.000056280000,8.0
1670025600006,2022-12-03T00:00:00.006000+00:00,0.000093460000,8.0
1670054400000,2022-12-03T08:00:00+00:00,-0.000168970000,8.0
1670083200011,2022-12-03T16:00:00.011000+00:00,-0.000307330000,8.0
1670112000006,2022-12-04T00:00:00.006000+00:00,-0.000226840000,8.0
1670140800000,2022-12-04T08:00:00+00:00,0.000046420000,8.0
1670169600006,2022-12-04T16:00:00.006000+00:00,-0.000013620000,8.0
1670198400002,2022-12-05T00:00:00.002000+00:00,0.000100000000,8.0
1670227200011,2022-12-05T08:00:00.011000+00:00,-0.000066060000,8.0
1670256000008,2022-12-05T16:00:00.008000+00:00,0.000100000000,8.0
1670284800014,2022-12-06T00:00:00.014000+00:00,0.000100000000,8.0
1670313600027,2022-12-06T08:00:00.027000+00:00,0.000064670000,8.0
1670342400009,2022-12-06T16:00:00.009000+00:00,0.000014180000,8.0
1670371200000,2022-12-07T00:00:00+00:00,0.000044540000,8.0
1670400000000,2022-12-07T08:00:00+00:00,0.000031510000,8.0
1670428800000,2022-12-07T16:00:00+00:00,0.000050560000,8.0
1670457600006,2022-12-08T00:00:00.006000+00:00,0.000050170000,8.0
1670486400000,2022-12-08T08:00:00+00:00,-0.000283260000,8.0
1670515200014,2022-12-08T16:00:00.014000+00:00,0.000019990000,8.0
1670544000017,2022-12-09T00:00:00.017000+00:00,-0.000098950000,8.0
1670572800005,2022-12-09T08:00:00.005000+00:00,-0.000023720000,8.0
1670601600000,2022-12-09T16:00:00+00:00,0.000070540000,8.0
1670630400009,2022-12-10T00:00:00.009000+00:00,-0.000045520000,8.0
1670659200010,2022-12-10T08:00:00.010000+00:00,-0.000005930000,8.0
1670688000001,2022-12-10T16:00:00.001000+00:00,-0.000164540000,8.0
1670716800011,2022-12-11T00:00:00.011000+00:00,-0.000039420000,8.0
1670745600007,2022-12-11T08:00:00.007000+00:00,-0.000105620000,8.0
1670774400011,2022-12-11T16:00:00.011000+00:00,-0.000009440000,8.0
1670803200000,2022-12-12T00:00:00+00:00,-0.000184300000,8.0
1670832000004,2022-12-12T08:00:00.004000+00:00,-0.000286520000,8.0
1670860800000,2022-12-12T16:00:00+00:00,-0.000123710000,8.0
1670889600000,2022-12-13T00:00:00+00:00,-0.000016540000,8.0
1670918400018,2022-12-13T08:00:00.018000+00:00,0.000000200000,8.0
1670947200011,2022-12-13T16:00:00.011000+00:00,0.000100000000,8.0
1670976000010,2022-12-14T00:00:00.010000+00:00,0.000100000000,8.0
1671004800015,2022-12-14T08:00:00.015000+00:00,0.000100000000,8.0
1671033600004,2022-12-14T16:00:00.004000+00:00,0.000100000000,8.0
1671062400000,2022-12-15T00:00:00+00:00,0.000100000000,8.0
1671091200023,2022-12-15T08:00:00.023000+00:00,0.000100000000,8.0
1671120000010,2022-12-15T16:00:00.010000+00:00,0.000100000000,8.0
1671148800016,2022-12-16T00:00:00.016000+00:00,0.000100000000,8.0
1671177600011,2022-12-16T08:00:00.011000+00:00,0.000100000000,8.0
1671206400001,2022-12-16T16:00:00.001000+00:00,-0.000039320000,8.0
1671235200001,2022-12-17T00:00:00.001000+00:00,-0.000071610000,8.0
1671264000011,2022-12-17T08:00:00.011000+00:00,-0.000458900000,8.0
1671292800011,2022-12-17T16:00:00.011000+00:00,-0.000342970000,8.0
1671321600008,2022-12-18T00:00:00.008000+00:00,-0.000454930000,8.0
1671350400001,2022-12-18T08:00:00.001000+00:00,-0.000277760000,8.0
1671379200012,2022-12-18T16:00:00.012000+00:00,-0.000359660000,8.0
1671408000000,2022-12-19T00:00:00+00:00,-0.000185960000,8.0
1671436800000,2022-12-19T08:00:00+00:00,-0.000454280000,8.0
1671465600000,2022-12-19T16:00:00+00:00,-0.000376000000,8.0
1671494400005,2022-12-20T00:00:00.005000+00:00,-0.000292560000,8.0
1671523200016,2022-12-20T08:00:00.016000+00:00,-0.000206070000,8.0
1671552000000,2022-12-20T16:00:00+00:00,-0.000241390000,8.0
1671580800007,2022-12-21T00:00:00.007000+00:00,-0.000078390000,8.0
1671609600012,2022-12-21T08:00:00.012000+00:00,-0.000348590000,8.0
1671638400017,2022-12-21T16:00:00.017000+00:00,-0.000337560000,8.0
1671667200004,2022-12-22T00:00:00.004000+00:00,-0.000274370000,8.0
1671696000000,2022-12-22T08:00:00+00:00,-0.000274830000,8.0
1671724800001,2022-12-22T16:00:00.001000+00:00,-0.000107610000,8.0
1671753600018,2022-12-23T00:00:00.018000+00:00,-0.000097910000,8.0
1671782400000,2022-12-23T08:00:00+00:00,0.000099210000,8.0
1671811200000,2022-12-23T16:00:00+00:00,-0.000070190000,8.0
1671840000001,2022-12-24T00:00:00.001000+00:00,-0.000001740000,8.0
1671868800007,2022-12-24T08:00:00.007000+00:00,-0.001212490000,8.0
1671897600008,2022-12-24T16:00:00.008000+00:00,-0.001554840000,8.0
1671926400000,2022-12-25T00:00:00+00:00,-0.000634710000,8.0
1671955200013,2022-12-25T08:00:00.013000+00:00,-0.000808180000,8.0
1671984000000,2022-12-25T16:00:00+00:00,-0.000176880000,8.0
1672012800001,2022-12-26T00:00:00.001000+00:00,-0.000178390000,8.0
1672041600000,2022-12-26T08:00:00+00:00,-0.000359790000,8.0
1672070400005,2022-12-26T16:00:00.005000+00:00,-0.000342140000,8.0
1672099200005,2022-12-27T00:00:00.005000+00:00,-0.000144550000,8.0
1672128000010,2022-12-27T08:00:00.010000+00:00,0.000000290000,8.0
1672156800006,2022-12-27T16:00:00.006000+00:00,-0.000162840000,8.0
1672185600010,2022-12-28T00:00:00.010000+00:00,0.000100000000,8.0
1672214400010,2022-12-28T08:00:00.010000+00:00,-0.000494690000,8.0
1672243200010,2022-12-28T16:00:00.010000+00:00,-0.000626570000,8.0
1672272000011,2022-12-29T00:00:00.011000+00:00,-0.000495370000,8.0
1672300800000,2022-12-29T08:00:00+00:00,-0.000114080000,8.0
1672329600008,2022-12-29T16:00:00.008000+00:00,-0.000134980000,8.0
1672358400000,2022-12-30T00:00:00+00:00,-0.002777630000,8.0
1672387200000,2022-12-30T08:00:00+00:00,-0.002162530000,8.0
1672416000000,2022-12-30T16:00:00+00:00,-0.002408020000,8.0
1672444800014,2022-12-31T00:00:00.014000+00:00,-0.002841910000,8.0
1672473600000,2022-12-31T08:00:00+00:00,-0.001802980000,8.0
1672502400000,2022-12-31T16:00:00+00:00,-0.000951780000,8.0
1672531200000,2023-01-01T00:00:00+00:00,-0.000924520000,8.0
1672560000008,2023-01-01T08:00:00.008000+00:00,-0.000397290000,8.0
1672588800000,2023-01-01T16:00:00+00:00,-0.000974450000,8.0
1672617600000,2023-01-02T00:00:00+00:00,-0.001056040000,8.0
1672646400008,2023-01-02T08:00:00.008000+00:00,-0.000733950000,8.0
1672675200015,2023-01-02T16:00:00.015000+00:00,-0.000366780000,8.0
1672704000003,2023-01-03T00:00:00.003000+00:00,-0.001373890000,8.0
1672732800018,2023-01-03T08:00:00.018000+00:00,-0.003220600000,8.0
1672761600000,2023-01-03T16:00:00+00:00,-0.008201190000,8.0
1672790400000,2023-01-04T00:00:00+00:00,-0.003499050000,8.0
1672819200016,2023-01-04T08:00:00.016000+00:00,-0.009270780000,8.0
1672848000011,2023-01-04T16:00:00.011000+00:00,-0.001457420000,8.0
1672876800009,2023-01-05T00:00:00.009000+00:00,-0.001975740000,8.0
1672905600011,2023-01-05T08:00:00.011000+00:00,-0.000177970000,8.0
1672934400000,2023-01-05T16:00:00+00:00,-0.000358080000,8.0
1672963200005,2023-01-06T00:00:00.005000+00:00,-0.002867500000,8.0
1672992000001,2023-01-06T08:00:00.001000+00:00,-0.000051030000,8.0
1673020800000,2023-01-06T16:00:00+00:00,-0.000970630000,8.0
1673049600006,2023-01-07T00:00:00.006000+00:00,-0.000630980000,8.0
1673078400017,2023-01-07T08:00:00.017000+00:00,-0.000082220000,8.0
1673107200000,2023-01-07T16:00:00+00:00,-0.000493170000,8.0
1673136000015,2023-01-08T00:00:00.015000+00:00,-0.000324220000,8.0
1673164800000,2023-01-08T08:00:00+00:00,-0.000416860000,8.0
1673193600010,2023-01-08T16:00:00.010000+00:00,-0.000230700000,8.0
1673222400003,2023-01-09T00:00:00.003000+00:00,-0.000227500000,8.0
1673251200000,2023-01-09T08:00:00+00:00,0.000100000000,8.0
1673280000006,2023-01-09T16:00:00.006000+00:00,0.000100000000,8.0
1673308800003,2023-01-10T00:00:00.003000+00:00,0.000100000000,8.0
1673337600021,2023-01-10T08:00:00.021000+00:00,0.000100000000,8.0
1673366400000,2023-01-10T16:00:00+00:00,-0.000153470000,8.0
1673395200011,2023-01-11T00:00:00.011000+00:00,-0.000248500000,8.0
1673424000006,2023-01-11T08:00:00.006000+00:00,-0.000017680000,8.0
1673452800004,2023-01-11T16:00:00.004000+00:00,0.000100000000,8.0
1673481600000,2023-01-12T00:00:00+00:00,0.000100000000,8.0
1673510400000,2023-01-12T08:00:00+00:00,0.000100000000,8.0
1673539200000,2023-01-12T16:00:00+00:00,-0.000447720000,8.0
1673568000004,2023-01-13T00:00:00.004000+00:00,-0.000056160000,8.0
1673596800000,2023-01-13T08:00:00+00:00,0.000026030000,8.0
1673625600018,2023-01-13T16:00:00.018000+00:00,-0.000589020000,8.0
1673654400000,2023-01-14T00:00:00+00:00,0.000100000000,8.0
1673683200001,2023-01-14T08:00:00.001000+00:00,0.000277020000,8.0
1673712000000,2023-01-14T16:00:00+00:00,0.000100000000,8.0
1673740800010,2023-01-15T00:00:00.010000+00:00,0.000239780000,8.0
1673769600002,2023-01-15T08:00:00.002000+00:00,0.000365020000,8.0
1673798400000,2023-01-15T16:00:00+00:00,0.000123090000,8.0
1673827200010,2023-01-16T00:00:00.010000+00:00,0.000199790000,8.0
1673856000007,2023-01-16T08:00:00.007000+00:00,0.000416240000,8.0
1673884800000,2023-01-16T16:00:00+00:00,0.000100000000,8.0
1673913600004,2023-01-17T00:00:00.004000+00:00,0.000122930000,8.0
1673942400005,2023-01-17T08:00:00.005000+00:00,0.000100000000,8.0
1673971200001,2023-01-17T16:00:00.001000+00:00,0.000100000000,8.0
1674000000008,2023-01-18T00:00:00.008000+00:00,0.000100000000,8.0
1674028800009,2023-01-18T08:00:00.009000+00:00,0.000100000000,8.0
1674057600017,2023-01-18T16:00:00.017000+00:00,0.000100000000,8.0
1674086400000,2023-01-19T00:00:00+00:00,0.000100000000,8.0
1674115200015,2023-01-19T08:00:00.015000+00:00,0.000100000000,8.0
1674144000012,2023-01-19T16:00:00.012000+00:00,0.000100000000,8.0
1674172800000,2023-01-20T00:00:00+00:00,0.000100000000,8.0
1674201600000,2023-01-20T08:00:00+00:00,0.000100000000,8.0
1674230400000,2023-01-20T16:00:00+00:00,0.000100000000,8.0
1674259200013,2023-01-21T00:00:00.013000+00:00,0.000100000000,8.0
1674288000001,2023-01-21T08:00:00.001000+00:00,0.000302680000,8.0
1674316800016,2023-01-21T16:00:00.016000+00:00,0.000100000000,8.0
1674345600000,2023-01-22T00:00:00+00:00,0.000100000000,8.0
1674374400000,2023-01-22T08:00:00+00:00,0.000100000000,8.0
1674403200023,2023-01-22T16:00:00.023000+00:00,0.000100000000,8.0
1674432000014,2023-01-23T00:00:00.014000+00:00,0.000100000000,8.0
1674460800014,2023-01-23T08:00:00.014000+00:00,0.000100000000,8.0
1674489600016,2023-01-23T16:00:00.016000+00:00,0.000100000000,8.0
1674518400008,2023-01-24T00:00:00.008000+00:00,0.000100000000,8.0
1674547200008,2023-01-24T08:00:00.008000+00:00,0.000130790000,8.0
1674576000000,2023-01-24T16:00:00+00:00,0.000100000000,8.0
1674604800012,2023-01-25T00:00:00.012000+00:00,0.000100000000,8.0
1674633600000,2023-01-25T08:00:00+00:00,0.000012390000,8.0
1674662400010,2023-01-25T16:00:00.010000+00:00,0.000100000000,8.0
1674691200010,2023-01-26T00:00:00.010000+00:00,0.000100000000,8.0
1674720000003,2023-01-26T08:00:00.003000+00:00,0.000100000000,8.0
1674748800020,2023-01-26T16:00:00.020000+00:00,0.000100000000,8.0
1674777600008,2023-01-27T00:00:00.008000+00:00,0.000100000000,8.0
1674806400000,2023-01-27T08:00:00+00:00,0.000100000000,8.0
1674835200000,2023-01-27T16:00:00+00:00,0.000100000000,8.0
1674864000009,2023-01-28T00:00:00.009000+00:00,0.000100000000,8.0
1674892800018,2023-01-28T08:00:00.018000+00:00,0.000130460000,8.0
1674921600005,2023-01-28T16:00:00.005000+00:00,0.000100000000,8.0
1674950400011,2023-01-29T00:00:00.011000+00:00,0.000100000000,8.0
1674979200000,2023-01-29T08:00:00+00:00,0.000100000000,8.0
1675008000008,2023-01-29T16:00:00.008000+00:00,0.000100000000,8.0
1675036800001,2023-01-30T00:00:00.001000+00:00,0.000502750000,8.0
1675065600000,2023-01-30T08:00:00+00:00,0.000100000000,8.0
1675094400000,2023-01-30T16:00:00+00:00,0.000100000000,8.0
1675123200005,2023-01-31T00:00:00.005000+00:00,0.000100000000,8.0
1675152000000,2023-01-31T08:00:00+00:00,0.000100000000,8.0
1675180800007,2023-01-31T16:00:00.007000+00:00,0.000100000000,8.0
1675209600013,2023-02-01T00:00:00.013000+00:00,0.000100000000,8.0
1675238400000,2023-02-01T08:00:00+00:00,0.000100000000,8.0
1675267200012,2023-02-01T16:00:00.012000+00:00,0.000100000000,8.0
1675296000004,2023-02-02T00:00:00.004000+00:00,0.000100000000,8.0
1675324800023,2023-02-02T08:00:00.023000+00:00,0.000262360000,8.0
1675353600003,2023-02-02T16:00:00.003000+00:00,0.000100000000,8.0
1675382400010,2023-02-03T00:00:00.010000+00:00,0.000100000000,8.0
1675411200000,2023-02-03T08:00:00+00:00,0.000062620000,8.0
1675440000000,2023-02-03T16:00:00+00:00,0.000073170000,8.0
1675468800010,2023-02-04T00:00:00.010000+00:00,0.000100000000,8.0
1675497600000,2023-02-04T08:00:00+00:00,0.000100000000,8.0
1675526400000,2023-02-04T16:00:00+00:00,0.000100000000,8.0
1675555200016,2023-02-05T00:00:00.016000+00:00,0.000100000000,8.0
1675584000009,2023-02-05T08:00:00.009000+00:00,-0.000081820000,8.0
1675612800018,2023-02-05T16:00:00.018000+00:00,-0.000197790000,8.0
1675641600001,2023-02-06T00:00:00.001000+00:00,-0.000040680000,8.0
1675670400000,2023-02-06T08:00:00+00:00,0.000100000000,8.0
1675699200012,2023-02-06T16:00:00.012000+00:00,0.000100000000,8.0
1675728000004,2023-02-07T00:00:00.004000+00:00,-0.000111650000,8.0
1675756800011,2023-02-07T08:00:00.011000+00:00,0.000029400000,8.0
1675785600018,2023-02-07T16:00:00.018000+00:00,0.000100000000,8.0
1675814400009,2023-02-08T00:00:00.009000+00:00,-0.000010310000,8.0
1675843200010,2023-02-08T08:00:00.010000+00:00,0.000100000000,8.0
1675872000000,2023-02-08T16:00:00+00:00,0.000100000000,8.0
1675900800014,2023-02-09T00:00:00.014000+00:00,0.000100000000,8.0
1675929600006,2023-02-09T08:00:00.006000+00:00,-0.000189090000,8.0
1675958400001,2023-02-09T16:00:00.001000+00:00,0.000100000000,8.0
1675987200012,2023-02-10T00:00:00.012000+00:00,0.000100000000,8.0
1676016000005,2023-02-10T08:00:00.005000+00:00,-0.000184100000,8.0
1676044800020,2023-02-10T16:00:00.020000+00:00,-0.000118230000,8.0
1676073600007,2023-02-11T00:00:00.007000+00:00,-0.000204220000,8.0
1676102400002,2023-02-11T08:00:00.002000+00:00,-0.000078270000,8.0
1676131200021,2023-02-11T16:00:00.021000+00:00,-0.000293960000,8.0
1676160000004,2023-02-12T00:00:00.004000+00:00,-0.000430250000,8.0
1676188800000,2023-02-12T08:00:00+00:00,-0.000455650000,8.0
1676217600002,2023-02-12T16:00:00.002000+00:00,-0.000257020000,8.0
1676246400006,2023-02-13T00:00:00.006000+00:00,-0.000211510000,8.0
1676275200008,2023-02-13T08:00:00.008000+00:00,-0.000219040000,8.0
1676304000002,2023-02-13T16:00:00.002000+00:00,0.000100000000,8.0
1676332800013,2023-02-14T00:00:00.013000+00:00,-0.000207550000,8.0
1676361600014,2023-02-14T08:00:00.014000+00:00,-0.000228640000,8.0
1676390400016,2023-02-14T16:00:00.016000+00:00,0.000017810000,8.0
1676419200011,2023-02-15T00:00:00.011000+00:00,0.000098580000,8.0
1676448000000,2023-02-15T08:00:00+00:00,0.000083970000,8.0
1676476800005,2023-02-15T16:00:00.005000+00:00,-0.000072240000,8.0
1676505600019,2023-02-16T00:00:00.019000+00:00,0.000100000000,8.0
1676534400000,2023-02-16T08:00:00+00:00,0.000100000000,8.0
1676563200001,2023-02-16T16:00:00.001000+00:00,0.000100000000,8.0
1676592000003,2023-02-17T00:00:00.003000+00:00,0.000100000000,8.0
1676620800016,2023-02-17T08:00:00.016000+00:00,0.000100000000,8.0
1676649600000,2023-02-17T16:00:00+00:00,0.000100000000,8.0
1676678400011,2023-02-18T00:00:00.011000+00:00,0.000100000000,8.0
1676707200000,2023-02-18T08:00:00+00:00,0.000100000000,8.0
1676736000007,2023-02-18T16:00:00.007000+00:00,0.000100000000,8.0
1676764800019,2023-02-19T00:00:00.019000+00:00,0.000100000000,8.0
1676793600005,2023-02-19T08:00:00.005000+00:00,0.000100000000,8.0
1676822400003,2023-02-19T16:00:00.003000+00:00,0.000146450000,8.0
1676851200006,2023-02-20T00:00:00.006000+00:00,0.000171170000,8.0
1676880000008,2023-02-20T08:00:00.008000+00:00,0.000191930000,8.0
1676908800006,2023-02-20T16:00:00.006000+00:00,0.000127600000,8.0
1676937600001,2023-02-21T00:00:00.001000+00:00,0.000100000000,8.0
1676966400004,2023-02-21T08:00:00.004000+00:00,0.000160040000,8.0
1676995200011,2023-02-21T16:00:00.011000+00:00,0.000100000000,8.0
1677024000009,2023-02-22T00:00:00.009000+00:00,0.000100000000,8.0
1677052800010,2023-02-22T08:00:00.010000+00:00,0.000100000000,8.0
1677081600000,2023-02-22T16:00:00+00:00,0.000100000000,8.0
1677110400006,2023-02-23T00:00:00.006000+00:00,0.000100000000,8.0
1677139200005,2023-02-23T08:00:00.005000+00:00,0.000100000000,8.0
1677168000002,2023-02-23T16:00:00.002000+00:00,0.000100000000,8.0
1677196800015,2023-02-24T00:00:00.015000+00:00,0.000100000000,8.0
1677225600011,2023-02-24T08:00:00.011000+00:00,0.000100000000,8.0
1677254400014,2023-02-24T16:00:00.014000+00:00,0.000100000000,8.0
1677283200015,2023-02-25T00:00:00.015000+00:00,-0.000032190000,8.0
1677312000015,2023-02-25T08:00:00.015000+00:00,0.000100000000,8.0
1677340800015,2023-02-25T16:00:00.015000+00:00,0.000100000000,8.0
1677369600007,2023-02-26T00:00:00.007000+00:00,-0.000041440000,8.0
1677398400012,2023-02-26T08:00:00.012000+00:00,-0.000078380000,8.0
1677427200000,2023-02-26T16:00:00+00:00,-0.000018980000,8.0
1677456000011,2023-02-27T00:00:00.011000+00:00,0.000053270000,8.0
1677484800003,2023-02-27T08:00:00.003000+00:00,0.000100000000,8.0
1677513600000,2023-02-27T16:00:00+00:00,0.000088370000,8.0
1677542400011,2023-02-28T00:00:00.011000+00:00,0.000057600000,8.0
1677571200018,2023-02-28T08:00:00.018000+00:00,0.000100000000,8.0
1677600000005,2023-02-28T16:00:00.005000+00:00,0.000083490000,8.0
1677628800016,2023-03-01T00:00:00.016000+00:00,0.000058770000,8.0
1677657600000,2023-03-01T08:00:00+00:00,0.000100000000,8.0
1677686400008,2023-03-01T16:00:00.008000+00:00,0.000100000000,8.0
1677715200009,2023-03-02T00:00:00.009000+00:00,0.000100000000,8.0
1677744000013,2023-03-02T08:00:00.013000+00:00,0.000100000000,8.0
1677772800000,2023-03-02T16:00:00+00:00,-0.000081010000,8.0
1677801600000,2023-03-03T00:00:00+00:00,0.000020470000,8.0
1677830400013,2023-03-03T08:00:00.013000+00:00,0.000026270000,8.0
1677859200000,2023-03-03T16:00:00+00:00,0.000097450000,8.0
1677888000001,2023-03-04T00:00:00.001000+00:00,0.000062710000,8.0
1677916800008,2023-03-04T08:00:00.008000+00:00,0.000043210000,8.0
1677945600012,2023-03-04T16:00:00.012000+00:00,0.000100000000,8.0
1677974400000,2023-03-05T00:00:00+00:00,0.000100000000,8.0
1678003200000,2023-03-05T08:00:00+00:00,0.000100000000,8.0
1678032000015,2023-03-05T16:00:00.015000+00:00,0.000100000000,8.0
1678060800007,2023-03-06T00:00:00.007000+00:00,0.000100000000,8.0
1678089600017,2023-03-06T08:00:00.017000+00:00,0.000035860000,8.0
1678118400000,2023-03-06T16:00:00+00:00,-0.000021680000,8.0
1678147200009,2023-03-07T00:00:00.009000+00:00,-0.000096000000,8.0
1678176000016,2023-03-07T08:00:00.016000+00:00,-0.000078430000,8.0
1678204800017,2023-03-07T16:00:00.017000+00:00,-0.000117850000,8.0
1678233600000,2023-03-08T00:00:00+00:00,-0.000052790000,8.0
1678262400014,2023-03-08T08:00:00.014000+00:00,-0.000156280000,8.0
1678291200021,2023-03-08T16:00:00.021000+00:00,-0.000159320000,8.0
1678320000010,2023-03-09T00:00:00.010000+00:00,-0.000048600000,8.0
1678348800013,2023-03-09T08:00:00.013000+00:00,-0.000151890000,8.0
1678377600002,2023-03-09T16:00:00.002000+00:00,0.000100000000,8.0
1678406400000,2023-03-10T00:00:00+00:00,-0.000185920000,8.0
1678435200000,2023-03-10T08:00:00+00:00,0.000085850000,8.0
1678464000005,2023-03-10T16:00:00.005000+00:00,-0.000194290000,8.0
1678492800011,2023-03-11T00:00:00.011000+00:00,-0.000367730000,8.0
1678521600003,2023-03-11T08:00:00.003000+00:00,-0.000191900000,8.0
1678550400011,2023-03-11T16:00:00.011000+00:00,-0.000354990000,8.0
1678579200001,2023-03-12T00:00:00.001000+00:00,-0.000131860000,8.0
1678608000000,2023-03-12T08:00:00+00:00,0.000068000000,8.0
1678636800005,2023-03-12T16:00:00.005000+00:00,-0.000197260000,8.0
1678665600010,2023-03-13T00:00:00.010000+00:00,0.000100000000,8.0
1678694400018,2023-03-13T08:00:00.018000+00:00,0.000100000000,8.0
1678723200003,2023-03-13T16:00:00.003000+00:00,0.000100000000,8.0
1678752000010,2023-03-14T00:00:00.010000+00:00,0.000100000000,8.0
1678780800009,2023-03-14T08:00:00.009000+00:00,0.000100000000,8.0
1678809600010,2023-03-14T16:00:00.010000+00:00,0.000100000000,8.0
1678838400011,2023-03-15T00:00:00.011000+00:00,0.000180640000,8.0
1678867200000,2023-03-15T08:00:00+00:00,0.000100000000,8.0
1678896000012,2023-03-15T16:00:00.012000+00:00,0.000100000000,8.0
1678924800004,2023-03-16T00:00:00.004000+00:00,-0.000100630000,8.0
1678953600018,2023-03-16T08:00:00.018000+00:00,0.000100000000,8.0
1678982400005,2023-03-16T16:00:00.005000+00:00,-0.000175950000,8.0
1679011200017,2023-03-17T00:00:00.017000+00:00,0.000006180000,8.0
1679040000010,2023-03-17T08:00:00.010000+00:00,-0.000038280000,8.0
1679068800003,2023-03-17T16:00:00.003000+00:00,-0.000058700000,8.0
1679097600012,2023-03-18T00:00:00.012000+00:00,0.000100000000,8.0
1679126400000,2023-03-18T08:00:00+00:00,0.000275810000,8.0
1679155200016,2023-03-18T16:00:00.016000+00:00,0.000100000000,8.0
1679184000013,2023-03-19T00:00:00.013000+00:00,0.000100000000,8.0
1679212800024,2023-03-19T08:00:00.024000+00:00,0.000100000000,8.0
1679241600000,2023-03-19T16:00:00+00:00,0.000100000000,8.0
1679270400005,2023-03-20T00:00:00.005000+00:00,0.000100000000,8.0
1679299200012,2023-03-20T08:00:00.012000+00:00,0.000100000000,8.0
1679328000015,2023-03-20T16:00:00.015000+00:00,0.000100000000,8.0
1679356800006,2023-03-21T00:00:00.006000+00:00,0.000100000000,8.0
1679385600004,2023-03-21T08:00:00.004000+00:00,0.000100000000,8.0
1679414400003,2023-03-21T16:00:00.003000+00:00,0.000100000000,8.0
1679443200000,2023-03-22T00:00:00+00:00,0.000100000000,8.0
1679472000003,2023-03-22T08:00:00.003000+00:00,0.000061090000,8.0
1679500800000,2023-03-22T16:00:00+00:00,0.000100000000,8.0
1679529600016,2023-03-23T00:00:00.016000+00:00,-0.000086980000,8.0
1679558400001,2023-03-23T08:00:00.001000+00:00,0.000016380000,8.0
1679587200013,2023-03-23T16:00:00.013000+00:00,0.000100000000,8.0
1679616000013,2023-03-24T00:00:00.013000+00:00,0.000100000000,8.0
1679644800012,2023-03-24T08:00:00.012000+00:00,0.000100000000,8.0
1679673600027,2023-03-24T16:00:00.027000+00:00,0.000100000000,8.0
1679702400015,2023-03-25T00:00:00.015000+00:00,-0.000065510000,8.0
1679731200011,2023-03-25T08:00:00.011000+00:00,-0.000058250000,8.0
1679760000011,2023-03-25T16:00:00.011000+00:00,-0.000046000000,8.0
1679788800000,2023-03-26T00:00:00+00:00,-0.000103610000,8.0
1679817600015,2023-03-26T08:00:00.015000+00:00,-0.000022910000,8.0
1679846400000,2023-03-26T16:00:00+00:00,-0.000041910000,8.0
1679875200019,2023-03-27T00:00:00.019000+00:00,0.000100000000,8.0
1679904000009,2023-03-27T08:00:00.009000+00:00,0.000038880000,8.0
1679932800000,2023-03-27T16:00:00+00:00,0.000020130000,8.0
1679961600007,2023-03-28T00:00:00.007000+00:00,-0.000173940000,8.0
1679990400000,2023-03-28T08:00:00+00:00,0.000083600000,8.0
1680019200013,2023-03-28T16:00:00.013000+00:00,-0.000021880000,8.0
1680048000010,2023-03-29T00:00:00.010000+00:00,-0.000167630000,8.0
1680076800006,2023-03-29T08:00:00.006000+00:00,0.000100000000,8.0
1680105600014,2023-03-29T16:00:00.014000+00:00,0.000089360000,8.0
1680134400000,2023-03-30T00:00:00+00:00,0.000043120000,8.0
1680163200000,2023-03-30T08:00:00+00:00,0.000076750000,8.0
1680192000006,2023-03-30T16:00:00.006000+00:00,-0.000061100000,8.0
1680220800003,2023-03-31T00:00:00.003000+00:00,-0.000118420000,8.0
1680249600006,2023-03-31T08:00:00.006000+00:00,-0.000037340000,8.0
1680278400011,2023-03-31T16:00:00.011000+00:00,-0.000018140000,8.0
1680307200000,2023-04-01T00:00:00+00:00,0.000100000000,8.0
1680336000000,2023-04-01T08:00:00+00:00,0.000100000000,8.0
1680364800018,2023-04-01T16:00:00.018000+00:00,0.000100000000,8.0
1680393600013,2023-04-02T00:00:00.013000+00:00,0.000100000000,8.0
1680422400014,2023-04-02T08:00:00.014000+00:00,0.000100000000,8.0
1680451200001,2023-04-02T16:00:00.001000+00:00,0.000006110000,8.0
1680480000000,2023-04-03T00:00:00+00:00,-0.000146840000,8.0
1680508800013,2023-04-03T08:00:00.013000+00:00,0.000023600000,8.0
1680537600011,2023-04-03T16:00:00.011000+00:00,0.000076590000,8.0
1680566400002,2023-04-04T00:00:00.002000+00:00,0.000079150000,8.0
1680595200017,2023-04-04T08:00:00.017000+00:00,0.000023830000,8.0
1680624000008,2023-04-04T16:00:00.008000+00:00,0.000100000000,8.0
1680652800000,2023-04-05T00:00:00+00:00,0.000100000000,8.0
1680681600016,2023-04-05T08:00:00.016000+00:00,0.000100000000,8.0
1680710400004,2023-04-05T16:00:00.004000+00:00,0.000100000000,8.0
1680739200000,2023-04-06T00:00:00+00:00,0.000100000000,8.0
1680768000011,2023-04-06T08:00:00.011000+00:00,0.000080210000,8.0
1680796800000,2023-04-06T16:00:00+00:00,0.000010190000,8.0
1680825600006,2023-04-07T00:00:00.006000+00:00,0.000000420000,8.0
1680854400005,2023-04-07T08:00:00.005000+00:00,-0.000072070000,8.0
1680883200000,2023-04-07T16:00:00+00:00,0.000002050000,8.0
1680912000000,2023-04-08T00:00:00+00:00,0.000100000000,8.0
1680940800014,2023-04-08T08:00:00.014000+00:00,0.000047520000,8.0
1680969600018,2023-04-08T16:00:00.018000+00:00,0.000080840000,8.0
1680998400013,2023-04-09T00:00:00.013000+00:00,0.000008520000,8.0
1681027200024,2023-04-09T08:00:00.024000+00:00,-0.000013840000,8.0
1681056000010,2023-04-09T16:00:00.010000+00:00,0.000089730000,8.0
1681084800000,2023-04-10T00:00:00+00:00,0.000100000000,8.0
1681113600010,2023-04-10T08:00:00.010000+00:00,0.000061160000,8.0
1681142400006,2023-04-10T16:00:00.006000+00:00,0.000100000000,8.0
1681171200008,2023-04-11T00:00:00.008000+00:00,0.000100000000,8.0
1681200000007,2023-04-11T08:00:00.007000+00:00,0.000100000000,8.0
1681228800016,2023-04-11T16:00:00.016000+00:00,0.000100000000,8.0
1681257600006,2023-04-12T00:00:00.006000+00:00,0.000100000000,8.0
1681286400008,2023-04-12T08:00:00.008000+00:00,0.000100000000,8.0
1681315200014,2023-04-12T16:00:00.014000+00:00,0.000100000000,8.0
1681344000027,2023-04-13T00:00:00.027000+00:00,0.000027950000,8.0
1681372800010,2023-04-13T08:00:00.010000+00:00,0.000069920000,8.0
1681401600000,2023-04-13T16:00:00+00:00,0.000100000000,8.0
1681430400001,2023-04-14T00:00:00.001000+00:00,0.000100000000,8.0
1681459200008,2023-04-14T08:00:00.008000+00:00,0.000100000000,8.0
1681488000007,2023-04-14T16:00:00.007000+00:00,0.000100000000,8.0
1681516800007,2023-04-15T00:00:00.007000+00:00,0.000100000000,8.0
1681545600007,2023-04-15T08:00:00.007000+00:00,0.000100000000,8.0
1681574400011,2023-04-15T16:00:00.011000+00:00,0.000100000000,8.0
1681603200014,2023-04-16T00:00:00.014000+00:00,0.000100000000,8.0
1681632000007,2023-04-16T08:00:00.007000+00:00,0.000255750000,8.0
1681660800002,2023-04-16T16:00:00.002000+00:00,0.000100000000,8.0
1681689600017,2023-04-17T00:00:00.017000+00:00,0.000292500000,8.0
1681718400006,2023-04-17T08:00:00.006000+00:00,0.000356460000,8.0
1681747200000,2023-04-17T16:00:00+00:00,0.000138210000,8.0
1681776000013,2023-04-18T00:00:00.013000+00:00,0.000100000000,8.0
1681804800017,2023-04-18T08:00:00.017000+00:00,0.000100000000,8.0
1681833600000,2023-04-18T16:00:00+00:00,0.000100000000,8.0
1681862400022,2023-04-19T00:00:00.022000+00:00,0.000100000000,8.0
1681891200014,2023-04-19T08:00:00.014000+00:00,0.000100000000,8.0
1681920000000,2023-04-19T16:00:00+00:00,-0.000055740000,8.0
1681948800010,2023-04-20T00:00:00.010000+00:00,0.000100000000,8.0
1681977600012,2023-04-20T08:00:00.012000+00:00,0.000100000000,8.0
1682006400012,2023-04-20T16:00:00.012000+00:00,0.000100000000,8.0
1682035200009,2023-04-21T00:00:00.009000+00:00,-0.000035750000,8.0
1682064000009,2023-04-21T08:00:00.009000+00:00,0.000100000000,8.0
1682092800003,2023-04-21T16:00:00.003000+00:00,0.000100000000,8.0
1682121600000,2023-04-22T00:00:00+00:00,-0.000011470000,8.0
1682150400000,2023-04-22T08:00:00+00:00,0.000009140000,8.0
1682179200016,2023-04-22T16:00:00.016000+00:00,-0.000030080000,8.0
1682208000009,2023-04-23T00:00:00.009000+00:00,-0.000046620000,8.0
1682236800020,2023-04-23T08:00:00.020000+00:00,0.000074760000,8.0
1682265600007,2023-04-23T16:00:00.007000+00:00,0.000093550000,8.0
1682294400000,2023-04-24T00:00:00+00:00,0.000003830000,8.0
1682323200008,2023-04-24T08:00:00.008000+00:00,0.000092970000,8.0
1682352000006,2023-04-24T16:00:00.006000+00:00,0.000100000000,8.0
1682380800014,2023-04-25T00:00:00.014000+00:00,-0.000016100000,8.0
1682409600009,2023-04-25T08:00:00.009000+00:00,-0.000029180000,8.0
1682438400015,2023-04-25T16:00:00.015000+00:00,0.000016920000,8.0
1682467200015,2023-04-26T00:00:00.015000+00:00,0.000058390000,8.0
1682496000013,2023-04-26T08:00:00.013000+00:00,0.000013650000,8.0
1682524800001,2023-04-26T16:00:00.001000+00:00,0.000100000000,8.0
1682553600014,2023-04-27T00:00:00.014000+00:00,-0.000121550000,8.0
1682582400008,2023-04-27T08:00:00.008000+00:00,0.000020600000,8.0
1682611200005,2023-04-27T16:00:00.005000+00:00,0.000051880000,8.0
1682640000011,2023-04-28T00:00:00.011000+00:00,0.000100000000,8.0
1682668800007,2023-04-28T08:00:00.007000+00:00,0.000100000000,8.0
1682697600006,2023-04-28T16:00:00.006000+00:00,0.000100000000,8.0
1682726400004,2023-04-29T00:00:00.004000+00:00,0.000063280000,8.0
1682755200016,2023-04-29T08:00:00.016000+00:00,0.000100000000,8.0
1682784000001,2023-04-29T16:00:00.001000+00:00,0.000100000000,8.0
1682812800008,2023-04-30T00:00:00.008000+00:00,0.000054130000,8.0
1682841600000,2023-04-30T08:00:00+00:00,0.000071290000,8.0
1682870400010,2023-04-30T16:00:00.010000+00:00,0.000100000000,8.0
1682899200004,2023-05-01T00:00:00.004000+00:00,0.000100000000,8.0
1682928000008,2023-05-01T08:00:00.008000+00:00,0.000015350000,8.0
1682956800014,2023-05-01T16:00:00.014000+00:00,0.000100000000,8.0
1682985600015,2023-05-02T00:00:00.015000+00:00,0.000006980000,8.0
1683014400018,2023-05-02T08:00:00.018000+00:00,0.000038890000,8.0
1683043200000,2023-05-02T16:00:00+00:00,-0.000047320000,8.0
1683072000009,2023-05-03T00:00:00.009000+00:00,0.000020690000,8.0
1683100800003,2023-05-03T08:00:00.003000+00:00,0.000031380000,8.0
1683129600011,2023-05-03T16:00:00.011000+00:00,0.000038490000,8.0
1683158400000,2023-05-04T00:00:00+00:00,-0.000002270000,8.0
1683187200000,2023-05-04T08:00:00+00:00,0.000100000000,8.0
1683216000011,2023-05-04T16:00:00.011000+00:00,0.000100000000,8.0
1683244800002,2023-05-05T00:00:00.002000+00:00,0.000100000000,8.0
1683273600000,2023-05-05T08:00:00+00:00,0.000032230000,8.0
1683302400000,2023-05-05T16:00:00+00:00,0.000100000000,8.0
1683331200009,2023-05-06T00:00:00.009000+00:00,0.000100000000,8.0
1683360000000,2023-05-06T08:00:00+00:00,0.000100000000,8.0
1683388800000,2023-05-06T16:00:00+00:00,0.000024410000,8.0
1683417600000,2023-05-07T00:00:00+00:00,0.000036480000,8.0
1683446400000,2023-05-07T08:00:00+00:00,-0.000021200000,8.0
1683475200006,2023-05-07T16:00:00.006000+00:00,0.000062490000,8.0
1683504000000,2023-05-08T00:00:00+00:00,0.000100000000,8.0
1683532800007,2023-05-08T08:00:00.007000+00:00,-0.000077420000,8.0
1683561600015,2023-05-08T16:00:00.015000+00:00,0.000025950000,8.0
1683590400015,2023-05-09T00:00:00.015000+00:00,-0.000196370000,8.0
1683619200000,2023-05-09T08:00:00+00:00,-0.000053270000,8.0
1683648000000,2023-05-09T16:00:00+00:00,-0.000056780000,8.0
1683676800007,2023-05-10T00:00:00.007000+00:00,-0.000042870000,8.0
1683705600003,2023-05-10T08:00:00.003000+00:00,0.000028090000,8.0
1683734400000,2023-05-10T16:00:00+00:00,-0.000000290000,8.0
1683763200011,2023-05-11T00:00:00.011000+00:00,0.000079520000,8.0
1683792000000,2023-05-11T08:00:00+00:00,0.000026050000,8.0
1683820800005,2023-05-11T16:00:00.005000+00:00,0.000022860000,8.0
1683849600020,2023-05-12T00:00:00.020000+00:00,0.000010310000,8.0
1683878400001,2023-05-12T08:00:00.001000+00:00,0.000083620000,8.0
1683907200010,2023-05-12T16:00:00.010000+00:00,0.000008030000,8.0
1683936000000,2023-05-13T00:00:00+00:00,0.000012450000,8.0
1683964800000,2023-05-13T08:00:00+00:00,0.000069530000,8.0
1683993600026,2023-05-13T16:00:00.026000+00:00,0.000100000000,8.0
1684022400029,2023-05-14T00:00:00.029000+00:00,0.000076900000,8.0
1684051200010,2023-05-14T08:00:00.010000+00:00,0.000064490000,8.0
1684080000008,2023-05-14T16:00:00.008000+00:00,0.000067990000,8.0
1684108800006,2023-05-15T00:00:00.006000+00:00,0.000008940000,8.0
1684137600005,2023-05-15T08:00:00.005000+00:00,0.000064910000,8.0
1684166400008,2023-05-15T16:00:00.008000+00:00,0.000084470000,8.0
1684195200021,2023-05-16T00:00:00.021000+00:00,0.000100000000,8.0
1684224000000,2023-05-16T08:00:00+00:00,0.000060670000,8.0
1684252800000,2023-05-16T16:00:00+00:00,0.000100000000,8.0
1684281600010,2023-05-17T00:00:00.010000+00:00,0.000030510000,8.0
1684310400000,2023-05-17T08:00:00+00:00,0.000100000000,8.0
1684339200001,2023-05-17T16:00:00.001000+00:00,0.000096950000,8.0
1684368000000,2023-05-18T00:00:00+00:00,0.000100000000,8.0
1684396800026,2023-05-18T08:00:00.026000+00:00,0.000100000000,8.0
1684425600019,2023-05-18T16:00:00.019000+00:00,0.000029500000,8.0
1684454400000,2023-05-19T00:00:00+00:00,-0.000091220000,8.0
1684483200002,2023-05-19T08:00:00.002000+00:00,0.000029460000,8.0
1684512000000,2023-05-19T16:00:00+00:00,0.000089460000,8.0
1684540800005,2023-05-20T00:00:00.005000+00:00,0.000095550000,8.0
1684569600014,2023-05-20T08:00:00.014000+00:00,0.000025150000,8.0
1684598400020,2023-05-20T16:00:00.020000+00:00,0.000030570000,8.0
1684627200014,2023-05-21T00:00:00.014000+00:00,0.000100000000,8.0
1684656000001,2023-05-21T08:00:00.001000+00:00,0.000100000000,8.0
1684684800015,2023-05-21T16:00:00.015000+00:00,0.000094790000,8.0
1684713600028,2023-05-22T00:00:00.028000+00:00,0.000029630000,8.0
1684742400000,2023-05-22T08:00:00+00:00,0.000078460000,8.0
1684771200012,2023-05-22T16:00:00.012000+00:00,0.000100000000,8.0
1684800000006,2023-05-23T00:00:00.006000+00:00,0.000100000000,8.0
1684828800014,2023-05-23T08:00:00.014000+00:00,0.000099970000,8.0
1684857600008,2023-05-23T16:00:00.008000+00:00,0.000100000000,8.0
1684886400000,2023-05-24T00:00:00+00:00,0.000100000000,8.0
1684915200025,2023-05-24T08:00:00.025000+00:00,0.000064550000,8.0
1684944000008,2023-05-24T16:00:00.008000+00:00,0.000097800000,8.0
1684972800000,2023-05-25T00:00:00+00:00,0.000056680000,8.0
1685001600025,2023-05-25T08:00:00.025000+00:00,0.000058850000,8.0
1685030400016,2023-05-25T16:00:00.016000+00:00,0.000100000000,8.0
1685059200000,2023-05-26T00:00:00+00:00,0.000100000000,8.0
1685088000024,2023-05-26T08:00:00.024000+00:00,0.000100000000,8.0
1685116800012,2023-05-26T16:00:00.012000+00:00,0.000100000000,8.0
1685145600012,2023-05-27T00:00:00.012000+00:00,0.000100000000,8.0
1685174400018,2023-05-27T08:00:00.018000+00:00,0.000100000000,8.0
1685203200008,2023-05-27T16:00:00.008000+00:00,0.000100000000,8.0
1685232000017,2023-05-28T00:00:00.017000+00:00,0.000100000000,8.0
1685260800015,2023-05-28T08:00:00.015000+00:00,0.000100000000,8.0
1685289600000,2023-05-28T16:00:00+00:00,0.000100000000,8.0
1685318400000,2023-05-29T00:00:00+00:00,0.000100000000,8.0
1685347200020,2023-05-29T08:00:00.020000+00:00,0.000100000000,8.0
1685376000011,2023-05-29T16:00:00.011000+00:00,0.000100000000,8.0
1685404800003,2023-05-30T00:00:00.003000+00:00,0.000100000000,8.0
1685433600000,2023-05-30T08:00:00+00:00,0.000100000000,8.0
1685462400003,2023-05-30T16:00:00.003000+00:00,0.000100000000,8.0
1685491200013,2023-05-31T00:00:00.013000+00:00,0.000100000000,8.0
1685520000000,2023-05-31T08:00:00+00:00,0.000100000000,8.0
1685548800000,2023-05-31T16:00:00+00:00,0.000100000000,8.0
1685577600008,2023-06-01T00:00:00.008000+00:00,0.000100000000,8.0
1685606400012,2023-06-01T08:00:00.012000+00:00,0.000100000000,8.0
1685635200000,2023-06-01T16:00:00+00:00,0.000100000000,8.0
1685664000000,2023-06-02T00:00:00+00:00,0.000100000000,8.0
1685692800006,2023-06-02T08:00:00.006000+00:00,0.000100000000,8.0
1685721600012,2023-06-02T16:00:00.012000+00:00,0.000100000000,8.0
1685750400000,2023-06-03T00:00:00+00:00,0.000100000000,8.0
1685779200011,2023-06-03T08:00:00.011000+00:00,0.000100000000,8.0
1685808000003,2023-06-03T16:00:00.003000+00:00,0.000100000000,8.0
1685836800000,2023-06-04T00:00:00+00:00,0.000100000000,8.0
1685865600000,2023-06-04T08:00:00+00:00,0.000100000000,8.0
1685894400000,2023-06-04T16:00:00+00:00,0.000100000000,8.0
1685923200005,2023-06-05T00:00:00.005000+00:00,0.000100000000,8.0
1685952000000,2023-06-05T08:00:00+00:00,0.000100000000,8.0
1685980800000,2023-06-05T16:00:00+00:00,0.000100000000,8.0
1686009600000,2023-06-06T00:00:00+00:00,-0.000075220000,8.0
1686038400009,2023-06-06T08:00:00.009000+00:00,-0.000012150000,8.0
1686067200013,2023-06-06T16:00:00.013000+00:00,0.000062450000,8.0
1686096000000,2023-06-07T00:00:00+00:00,0.000100000000,8.0
1686124800016,2023-06-07T08:00:00.016000+00:00,0.000100000000,8.0
1686153600000,2023-06-07T16:00:00+00:00,0.000081610000,8.0
1686182400006,2023-06-08T00:00:00.006000+00:00,-0.000029730000,8.0
1686211200000,2023-06-08T08:00:00+00:00,-0.000061380000,8.0
1686240000000,2023-06-08T16:00:00+00:00,-0.000039870000,8.0
1686268800000,2023-06-09T00:00:00+00:00,-0.000019900000,8.0
1686297600000,2023-06-09T08:00:00+00:00,0.000022440000,8.0
1686326400000,2023-06-09T16:00:00+00:00,0.000047560000,8.0
1686355200000,2023-06-10T00:00:00+00:00,0.000043120000,8.0
1686384000000,2023-06-10T08:00:00+00:00,-0.000186890000,8.0
1686412800000,2023-06-10T16:00:00+00:00,-0.000455680000,8.0
1686441600001,2023-06-11T00:00:00.001000+00:00,-0.000259620000,8.0
1686470400000,2023-06-11T08:00:00+00:00,-0.000391390000,8.0
1686499200000,2023-06-11T16:00:00+00:00,-0.000114320000,8.0
1686528000000,2023-06-12T00:00:00+00:00,-0.000054520000,8.0
1686556800000,2023-06-12T08:00:00+00:00,-0.000103510000,8.0
1686585600001,2023-06-12T16:00:00.001000+00:00,0.000100000000,8.0
1686614400000,2023-06-13T00:00:00+00:00,-0.000006700000,8.0
1686643200000,2023-06-13T08:00:00+00:00,0.000008950000,8.0
1686672000000,2023-06-13T16:00:00+00:00,-0.000017340000,8.0
1686700800000,2023-06-14T00:00:00+00:00,-0.000062160000,8.0
1686729600000,2023-06-14T08:00:00+00:00,-0.000099590000,8.0
1686758400000,2023-06-14T16:00:00+00:00,-0.000038490000,8.0
1686787200000,2023-06-15T00:00:00+00:00,-0.000039130000,8.0
1686816000000,2023-06-15T08:00:00+00:00,-0.000109600000,8.0
1686844800000,2023-06-15T16:00:00+00:00,0.000100000000,8.0
1686873600000,2023-06-16T00:00:00+00:00,0.000029860000,8.0
1686902400000,2023-06-16T08:00:00+00:00,0.000034810000,8.0
1686931200000,2023-06-16T16:00:00+00:00,-0.000004600000,8.0
1686960000000,2023-06-17T00:00:00+00:00,-0.000031460000,8.0
1686988800000,2023-06-17T08:00:00+00:00,0.000052370000,8.0
1687017600000,2023-06-17T16:00:00+00:00,0.000062480000,8.0
1687046400000,2023-06-18T00:00:00+00:00,-0.000028920000,8.0
1687075200000,2023-06-18T08:00:00+00:00,-0.000054930000,8.0
1687104000000,2023-06-18T16:00:00+00:00,-0.000001030000,8.0
1687132800000,2023-06-19T00:00:00+00:00,-0.000063500000,8.0
1687161600000,2023-06-19T08:00:00+00:00,-0.000089540000,8.0
1687190400000,2023-06-19T16:00:00+00:00,-0.000049720000,8.0
1687219200001,2023-06-20T00:00:00.001000+00:00,-0.000145400000,8.0
1687248000000,2023-06-20T08:00:00+00:00,-0.000008120000,8.0
1687276800000,2023-06-20T16:00:00+00:00,0.000001700000,8.0
1687305600000,2023-06-21T00:00:00+00:00,0.000005550000,8.0
1687334400000,2023-06-21T08:00:00+00:00,0.000076700000,8.0
1687363200000,2023-06-21T16:00:00+00:00,0.000015230000,8.0
1687392000000,2023-06-22T00:00:00+00:00,0.000056840000,8.0
1687420800001,2023-06-22T08:00:00.001000+00:00,0.000012670000,8.0
1687449600000,2023-06-22T16:00:00+00:00,-0.000009970000,8.0
1687478400000,2023-06-23T00:00:00+00:00,0.000088600000,8.0
1687507200000,2023-06-23T08:00:00+00:00,0.000100000000,8.0
1687536000000,2023-06-23T16:00:00+00:00,-0.000003270000,8.0
1687564800000,2023-06-24T00:00:00+00:00,-0.000053540000,8.0
1687593600000,2023-06-24T08:00:00+00:00,0.000081640000,8.0
1687622400000,2023-06-24T16:00:00+00:00,0.000016150000,8.0
1687651200000,2023-06-25T00:00:00+00:00,-0.000094030000,8.0
1687680000000,2023-06-25T08:00:00+00:00,0.000040450000,8.0
1687708800000,2023-06-25T16:00:00+00:00,0.000020490000,8.0
1687737600000,2023-06-26T00:00:00+00:00,0.000024810000,8.0
1687766400000,2023-06-26T08:00:00+00:00,-0.000067490000,8.0
1687795200000,2023-06-26T16:00:00+00:00,0.000059560000,8.0
1687824000000,2023-06-27T00:00:00+00:00,-0.000028860000,8.0
1687852800000,2023-06-27T08:00:00+00:00,0.000100000000,8.0
1687881600000,2023-06-27T16:00:00+00:00,0.000100000000,8.0
1687910400000,2023-06-28T00:00:00+00:00,0.000100000000,8.0
1687939200000,2023-06-28T08:00:00+00:00,-0.000018010000,8.0
1687968000000,2023-06-28T16:00:00+00:00,0.000054580000,8.0
1687996800000,2023-06-29T00:00:00+00:00,0.000017000000,8.0
1688025600000,2023-06-29T08:00:00+00:00,0.000100000000,8.0
1688054400000,2023-06-29T16:00:00+00:00,0.000100000000,8.0
1688083200000,2023-06-30T00:00:00+00:00,0.000048270000,8.0
1688112000000,2023-06-30T08:00:00+00:00,0.000100000000,8.0
1688140800001,2023-06-30T16:00:00.001000+00:00,0.000100000000,8.0
1688169600000,2023-07-01T00:00:00+00:00,0.000100000000,8.0
1688198400000,2023-07-01T08:00:00+00:00,0.000100000000,8.0
1688227200000,2023-07-01T16:00:00+00:00,0.000022010000,8.0
1688256000000,2023-07-02T00:00:00+00:00,0.000100000000,8.0
1688284800000,2023-07-02T08:00:00+00:00,0.000100000000,8.0
1688313600001,2023-07-02T16:00:00.001000+00:00,0.000100000000,8.0
1688342400000,2023-07-03T00:00:00+00:00,0.000100000000,8.0
1688371200000,2023-07-03T08:00:00+00:00,0.000100000000,8.0
1688400000000,2023-07-03T16:00:00+00:00,0.000100000000,8.0
1688428800001,2023-07-04T00:00:00.001000+00:00,0.000063270000,8.0
1688457600000,2023-07-04T08:00:00+00:00,0.000100000000,8.0
1688486400000,2023-07-04T16:00:00+00:00,0.000100000000,8.0
1688515200000,2023-07-05T00:00:00+00:00,0.000100000000,8.0
1688544000000,2023-07-05T08:00:00+00:00,0.000100000000,8.0
1688572800000,2023-07-05T16:00:00+00:00,0.000043040000,8.0
1688601600000,2023-07-06T00:00:00+00:00,-0.000005290000,8.0
1688630400000,2023-07-06T08:00:00+00:00,0.000100000000,8.0
1688659200000,2023-07-06T16:00:00+00:00,0.000100000000,8.0
1688688000000,2023-07-07T00:00:00+00:00,0.000100000000,8.0
1688716800000,2023-07-07T08:00:00+00:00,0.000088380000,8.0
1688745600000,2023-07-07T16:00:00+00:00,-0.000228410000,8.0
1688774400000,2023-07-08T00:00:00+00:00,-0.000057030000,8.0
1688803200000,2023-07-08T08:00:00+00:00,0.000013150000,8.0
1688832000000,2023-07-08T16:00:00+00:00,0.000100000000,8.0
1688860800000,2023-07-09T00:00:00+00:00,-0.000113450000,8.0
1688889600000,2023-07-09T08:00:00+00:00,0.000010490000,8.0
1688918400000,2023-07-09T16:00:00+00:00,0.000100000000,8.0
1688947200000,2023-07-10T00:00:00+00:00,0.000100000000,8.0
1688976000000,2023-07-10T08:00:00+00:00,0.000100000000,8.0
1689004800000,2023-07-10T16:00:00+00:00,-0.000053460000,8.0
1689033600000,2023-07-11T00:00:00+00:00,-0.000135610000,8.0
1689062400000,2023-07-11T08:00:00+00:00,-0.000026510000,8.0
1689091200000,2023-07-11T16:00:00+00:00,0.000027750000,8.0
1689120000000,2023-07-12T00:00:00+00:00,0.000014970000,8.0
1689148800000,2023-07-12T08:00:00+00:00,-0.000027140000,8.0
1689177600000,2023-07-12T16:00:00+00:00,0.000041200000,8.0
1689206400000,2023-07-13T00:00:00+00:00,0.000097890000,8.0
1689235200000,2023-07-13T08:00:00+00:00,-0.000006370000,8.0
1689264000000,2023-07-13T16:00:00+00:00,-0.000219190000,8.0
1689292800000,2023-07-14T00:00:00+00:00,0.000100000000,8.0
1689321600000,2023-07-14T08:00:00+00:00,0.000295230000,8.0
1689350400000,2023-07-14T16:00:00+00:00,0.000179120000,8.0
1689379200000,2023-07-15T00:00:00+00:00,0.000100000000,8.0
1689408000000,2023-07-15T08:00:00+00:00,0.000100000000,8.0
1689436800000,2023-07-15T16:00:00+00:00,0.000100000000,8.0
1689465600001,2023-07-16T00:00:00.001000+00:00,0.000100000000,8.0
1689494400000,2023-07-16T08:00:00+00:00,0.000100000000,8.0
1689523200000,2023-07-16T16:00:00+00:00,0.000100000000,8.0
1689552000000,2023-07-17T00:00:00+00:00,0.000100000000,8.0
1689580800000,2023-07-17T08:00:00+00:00,0.000100000000,8.0
1689609600000,2023-07-17T16:00:00+00:00,0.000100000000,8.0
1689638400000,2023-07-18T00:00:00+00:00,0.000091710000,8.0
1689667200000,2023-07-18T08:00:00+00:00,0.000100000000,8.0
1689696000000,2023-07-18T16:00:00+00:00,0.000100000000,8.0
1689724800000,2023-07-19T00:00:00+00:00,0.000100000000,8.0
1689753600000,2023-07-19T08:00:00+00:00,0.000100000000,8.0
1689782400001,2023-07-19T16:00:00.001000+00:00,0.000100000000,8.0
1689811200000,2023-07-20T00:00:00+00:00,0.000071650000,8.0
1689840000000,2023-07-20T08:00:00+00:00,0.000100000000,8.0
1689868800000,2023-07-20T16:00:00+00:00,0.000100000000,8.0
1689897600001,2023-07-21T00:00:00.001000+00:00,0.000012500000,8.0
1689926400000,2023-07-21T08:00:00+00:00,-0.000001510000,8.0
1689955200000,2023-07-21T16:00:00+00:00,0.000079770000,8.0
1689984000000,2023-07-22T00:00:00+00:00,0.000020990000,8.0
1690012800000,2023-07-22T08:00:00+00:00,0.000100000000,8.0
1690041600000,2023-07-22T16:00:00+00:00,0.000100000000,8.0
1690070400000,2023-07-23T00:00:00+00:00,0.000080450000,8.0
1690099200000,2023-07-23T08:00:00+00:00,0.000067860000,8.0
1690128000000,2023-07-23T16:00:00+00:00,0.000100000000,8.0
1690156800000,2023-07-24T00:00:00+00:00,0.000055390000,8.0
1690185600000,2023-07-24T08:00:00+00:00,0.000087900000,8.0
1690214400000,2023-07-24T16:00:00+00:00,0.000100000000,8.0
1690243200000,2023-07-25T00:00:00+00:00,0.000029210000,8.0
1690272000000,2023-07-25T08:00:00+00:00,0.000046660000,8.0
1690300800000,2023-07-25T16:00:00+00:00,-0.000022520000,8.0
1690329600000,2023-07-26T00:00:00+00:00,0.000092810000,8.0
1690358400001,2023-07-26T08:00:00.001000+00:00,-0.000001830000,8.0
1690387200000,2023-07-26T16:00:00+00:00,0.000046540000,8.0
1690416000000,2023-07-27T00:00:00+00:00,0.000100000000,8.0
1690444800000,2023-07-27T08:00:00+00:00,0.000024730000,8.0
1690473600001,2023-07-27T16:00:00.001000+00:00,0.000010480000,8.0
1690502400000,2023-07-28T00:00:00+00:00,0.000100000000,8.0
1690531200000,2023-07-28T08:00:00+00:00,0.000100000000,8.0
1690560000000,2023-07-28T16:00:00+00:00,0.000100000000,8.0
1690588800000,2023-07-29T00:00:00+00:00,0.000100000000,8.0
1690617600000,2023-07-29T08:00:00+00:00,0.000100000000,8.0
1690646400001,2023-07-29T16:00:00.001000+00:00,0.000085550000,8.0
1690675200000,2023-07-30T00:00:00+00:00,0.000100000000,8.0
1690704000000,2023-07-30T08:00:00+00:00,0.000092130000,8.0
1690732800000,2023-07-30T16:00:00+00:00,0.000100000000,8.0
1690761600000,2023-07-31T00:00:00+00:00,0.000092320000,8.0
1690790400000,2023-07-31T08:00:00+00:00,-0.000025680000,8.0
1690819200001,2023-07-31T16:00:00.001000+00:00,0.000047130000,8.0
1690848000000,2023-08-01T00:00:00+00:00,0.000100000000,8.0
1690876800000,2023-08-01T08:00:00+00:00,0.000079430000,8.0
1690905600000,2023-08-01T16:00:00+00:00,0.000069700000,8.0
1690934400000,2023-08-02T00:00:00+00:00,0.000019320000,8.0
1690963200000,2023-08-02T08:00:00+00:00,0.000010570000,8.0
1690992000000,2023-08-02T16:00:00+00:00,0.000032450000,8.0
1691020800000,2023-08-03T00:00:00+00:00,-0.000023700000,8.0
1691049600000,2023-08-03T08:00:00+00:00,0.000100000000,8.0
1691078400001,2023-08-03T16:00:00.001000+00:00,-0.000031850000,8.0
1691107200000,2023-08-04T00:00:00+00:00,0.000017770000,8.0
1691136000000,2023-08-04T08:00:00+00:00,0.000009930000,8.0
1691164800000,2023-08-04T16:00:00+00:00,0.000058560000,8.0
1691193600000,2023-08-05T00:00:00+00:00,0.000100000000,8.0
1691222400000,2023-08-05T08:00:00+00:00,0.000020820000,8.0
1691251200001,2023-08-05T16:00:00.001000+00:00,0.000044300000,8.0
1691280000000,2023-08-06T00:00:00+00:00,-0.000034980000,8.0
1691308800001,2023-08-06T08:00:00.001000+00:00,0.000100000000,8.0
1691337600005,2023-08-06T16:00:00.005000+00:00,0.000100000000,8.0
1691366400000,2023-08-07T00:00:00+00:00,0.000100000000,8.0
1691395200000,2023-08-07T08:00:00+00:00,0.000072030000,8.0
1691424000000,2023-08-07T16:00:00+00:00,0.000100000000,8.0
1691452800000,2023-08-08T00:00:00+00:00,0.000074050000,8.0
1691481600000,2023-08-08T08:00:00+00:00,0.000100000000,8.0
1691510400000,2023-08-08T16:00:00+00:00,0.000098050000,8.0
1691539200000,2023-08-09T00:00:00+00:00,0.000093260000,8.0
1691568000000,2023-08-09T08:00:00+00:00,0.000007150000,8.0
1691596800000,2023-08-09T16:00:00+00:00,0.000063610000,8.0
1691625600001,2023-08-10T00:00:00.001000+00:00,0.000100000000,8.0
1691654400000,2023-08-10T08:00:00+00:00,0.000100000000,8.0
1691683200000,2023-08-10T16:00:00+00:00,0.000100000000,8.0
1691712000000,2023-08-11T00:00:00+00:00,0.000050180000,8.0
1691740800000,2023-08-11T08:00:00+00:00,0.000100000000,8.0
1691769600000,2023-08-11T16:00:00+00:00,0.000100000000,8.0
1691798400000,2023-08-12T00:00:00+00:00,0.000100000000,8.0
1691827200000,2023-08-12T08:00:00+00:00,0.000100000000,8.0
1691856000000,2023-08-12T16:00:00+00:00,0.000100000000,8.0
1691884800000,2023-08-13T00:00:00+00:00,0.000074640000,8.0
1691913600000,2023-08-13T08:00:00+00:00,0.000051550000,8.0
1691942400000,2023-08-13T16:00:00+00:00,0.000100000000,8.0
1691971200001,2023-08-14T00:00:00.001000+00:00,0.000100000000,8.0
1692000000000,2023-08-14T08:00:00+00:00,0.000071570000,8.0
1692028800000,2023-08-14T16:00:00+00:00,0.000030690000,8.0
1692057600001,2023-08-15T00:00:00.001000+00:00,0.000072250000,8.0
1692086400000,2023-08-15T08:00:00+00:00,0.000100000000,8.0
1692115200000,2023-08-15T16:00:00+00:00,0.000100000000,8.0
1692144000000,2023-08-16T00:00:00+00:00,0.000100000000,8.0
1692172800001,2023-08-16T08:00:00.001000+00:00,0.000100000000,8.0
1692201600000,2023-08-16T16:00:00+00:00,0.000059070000,8.0
1692230400000,2023-08-17T00:00:00+00:00,0.000000690000,8.0
1692259200000,2023-08-17T08:00:00+00:00,0.000100000000,8.0
1692288000000,2023-08-17T16:00:00+00:00,0.000030190000,8.0
1692316800000,2023-08-18T00:00:00+00:00,-0.000291470000,8.0
1692345600000,2023-08-18T08:00:00+00:00,-0.000025840000,8.0
1692374400000,2023-08-18T16:00:00+00:00,0.000081690000,8.0
1692403200000,2023-08-19T00:00:00+00:00,-0.000070030000,8.0
1692432000000,2023-08-19T08:00:00+00:00,-0.000054980000,8.0
1692460800000,2023-08-19T16:00:00+00:00,-0.000062700000,8.0
1692489600000,2023-08-20T00:00:00+00:00,-0.000066230000,8.0
1692518400000,2023-08-20T08:00:00+00:00,-0.000070760000,8.0
1692547200000,2023-08-20T16:00:00+00:00,-0.000030230000,8.0
1692576000000,2023-08-21T00:00:00+00:00,-0.000036250000,8.0
1692604800000,2023-08-21T08:00:00+00:00,-0.000071830000,8.0
1692633600000,2023-08-21T16:00:00+00:00,-0.000007180000,8.0
1692662400000,2023-08-22T00:00:00+00:00,0.000015690000,8.0
1692691200000,2023-08-22T08:00:00+00:00,0.000051120000,8.0
1692720000000,2023-08-22T16:00:00+00:00,0.000020870000,8.0
1692748800000,2023-08-23T00:00:00+00:00,-0.000126710000,8.0
1692777600000,2023-08-23T08:00:00+00:00,-0.000033190000,8.0
1692806400000,2023-08-23T16:00:00+00:00,0.000035260000,8.0
1692835200000,2023-08-24T00:00:00+00:00,-0.000074330000,8.0
1692864000000,2023-08-24T08:00:00+00:00,-0.000091240000,8.0
1692892800000,2023-08-24T16:00:00+00:00,-0.000009960000,8.0
1692921600000,2023-08-25T00:00:00+00:00,-0.000086740000,8.0
1692950400000,2023-08-25T08:00:00+00:00,-0.000054210000,8.0
1692979200000,2023-08-25T16:00:00+00:00,-0.000183820000,8.0
1693008000000,2023-08-26T00:00:00+00:00,-0.000143730000,8.0
1693036800000,2023-08-26T08:00:00+00:00,-0.000242340000,8.0
1693065600000,2023-08-26T16:00:00+00:00,-0.000183060000,8.0
1693094400000,2023-08-27T00:00:00+00:00,-0.000175780000,8.0
1693123200000,2023-08-27T08:00:00+00:00,-0.000119140000,8.0
1693152000000,2023-08-27T16:00:00+00:00,-0.000168180000,8.0
1693180800000,2023-08-28T00:00:00+00:00,-0.000034510000,8.0
1693209600001,2023-08-28T08:00:00.001000+00:00,-0.000023290000,8.0
1693238400001,2023-08-28T16:00:00.001000+00:00,0.000029450000,8.0
1693267200000,2023-08-29T00:00:00+00:00,0.000083730000,8.0
1693296000000,2023-08-29T08:00:00+00:00,0.000005290000,8.0
1693324800000,2023-08-29T16:00:00+00:00,-0.000403620000,8.0
1693353600000,2023-08-30T00:00:00+00:00,0.000100000000,8.0
1693382400000,2023-08-30T08:00:00+00:00,0.000020880000,8.0
1693411200000,2023-08-30T16:00:00+00:00,0.000088690000,8.0
1693440000000,2023-08-31T00:00:00+00:00,-0.000055890000,8.0
1693468800000,2023-08-31T08:00:00+00:00,-0.000072950000,8.0
1693497600000,2023-08-31T16:00:00+00:00,-0.000098900000,8.0
1693526400000,2023-09-01T00:00:00+00:00,-0.000139280000,8.0
1693555200000,2023-09-01T08:00:00+00:00,-0.000090070000,8.0
1693584000001,2023-09-01T16:00:00.001000+00:00,0.000052000000,8.0
1693612800000,2023-09-02T00:00:00+00:00,0.000006710000,8.0
1693641600000,2023-09-02T08:00:00+00:00,-0.000084690000,8.0
1693670400000,2023-09-02T16:00:00+00:00,-0.000053430000,8.0
1693699200000,2023-09-03T00:00:00+00:00,-0.000000650000,8.0
1693728000000,2023-09-03T08:00:00+00:00,-0.000039350000,8.0
1693756800000,2023-09-03T16:00:00+00:00,-0.000035600000,8.0
1693785600000,2023-09-04T00:00:00+00:00,-0.000050780000,8.0
1693814400000,2023-09-04T08:00:00+00:00,-0.000072240000,8.0
1693843200000,2023-09-04T16:00:00+00:00,0.000089190000,8.0
1693872000000,2023-09-05T00:00:00+00:00,0.000017560000,8.0
1693900800000,2023-09-05T08:00:00+00:00,-0.000062520000,8.0
1693929600000,2023-09-05T16:00:00+00:00,-0.000107580000,8.0
1693958400000,2023-09-06T00:00:00+00:00,-0.000013410000,8.0
1693987200000,2023-09-06T08:00:00+00:00,0.000008040000,8.0
1694016000001,2023-09-06T16:00:00.001000+00:00,0.000028390000,8.0
1694044800000,2023-09-07T00:00:00+00:00,-0.000027870000,8.0
1694073600000,2023-09-07T08:00:00+00:00,0.000002880000,8.0
1694102400000,2023-09-07T16:00:00+00:00,0.000000330000,8.0
1694131200000,2023-09-08T00:00:00+00:00,-0.000085270000,8.0
1694160000000,2023-09-08T08:00:00+00:00,-0.000139660000,8.0
1694188800000,2023-09-08T16:00:00+00:00,-0.000211320000,8.0
1694217600000,2023-09-09T00:00:00+00:00,-0.000104500000,8.0
1694246400000,2023-09-09T08:00:00+00:00,-0.000211880000,8.0
1694275200000,2023-09-09T16:00:00+00:00,-0.000169960000,8.0
1694304000000,2023-09-10T00:00:00+00:00,-0.000238800000,8.0
1694332800000,2023-09-10T08:00:00+00:00,-0.000385990000,8.0
1694361600000,2023-09-10T16:00:00+00:00,-0.000479080000,8.0
1694390400000,2023-09-11T00:00:00+00:00,-0.000369410000,8.0
1694419200000,2023-09-11T08:00:00+00:00,-0.000227340000,8.0
1694448000001,2023-09-11T16:00:00.001000+00:00,-0.000061240000,8.0
1694476800000,2023-09-12T00:00:00+00:00,-0.000039780000,8.0
1694505600000,2023-09-12T08:00:00+00:00,-0.000056730000,8.0
1694534400000,2023-09-12T16:00:00+00:00,-0.000073810000,8.0
1694563200000,2023-09-13T00:00:00+00:00,-0.000160240000,8.0
1694592000000,2023-09-13T08:00:00+00:00,-0.000176350000,8.0
1694620800000,2023-09-13T16:00:00+00:00,-0.000049810000,8.0
1694649600000,2023-09-14T00:00:00+00:00,-0.000161230000,8.0
1694678400001,2023-09-14T08:00:00.001000+00:00,-0.000149700000,8.0
1694707200000,2023-09-14T16:00:00+00:00,-0.000246780000,8.0
1694736000000,2023-09-15T00:00:00+00:00,-0.000215300000,8.0
1694764800000,2023-09-15T08:00:00+00:00,-0.000120460000,8.0
1694793600000,2023-09-15T16:00:00+00:00,-0.000005910000,8.0
1694822400000,2023-09-16T00:00:00+00:00,0.000012570000,8.0
1694851200000,2023-09-16T08:00:00+00:00,-0.000053800000,8.0
1694880000000,2023-09-16T16:00:00+00:00,-0.000140910000,8.0
1694908800000,2023-09-17T00:00:00+00:00,-0.000215140000,8.0
1694937600000,2023-09-17T08:00:00+00:00,-0.000071240000,8.0
1694966400000,2023-09-17T16:00:00+00:00,-0.000054270000,8.0
1694995200000,2023-09-18T00:00:00+00:00,-0.000309430000,8.0
1695024000000,2023-09-18T08:00:00+00:00,-0.000078470000,8.0
1695052800000,2023-09-18T16:00:00+00:00,-0.000139760000,8.0
1695081600000,2023-09-19T00:00:00+00:00,-0.000059000000,8.0
1695110400001,2023-09-19T08:00:00.001000+00:00,-0.000108410000,8.0
1695139200000,2023-09-19T16:00:00+00:00,0.000100000000,8.0
1695168000000,2023-09-20T00:00:00+00:00,-0.000144010000,8.0
1695196800000,2023-09-20T08:00:00+00:00,-0.000081430000,8.0
1695225600000,2023-09-20T16:00:00+00:00,-0.000096090000,8.0
1695254400001,2023-09-21T00:00:00.001000+00:00,-0.000007770000,8.0
1695283200000,2023-09-21T08:00:00+00:00,-0.000064890000,8.0
1695312000000,2023-09-21T16:00:00+00:00,0.000100000000,8.0
1695340800000,2023-09-22T00:00:00+00:00,0.000010750000,8.0
1695369600000,2023-09-22T08:00:00+00:00,0.000013890000,8.0
1695398400000,2023-09-22T16:00:00+00:00,0.000043590000,8.0
1695427200000,2023-09-23T00:00:00+00:00,0.000059870000,8.0
1695456000000,2023-09-23T08:00:00+00:00,0.000100000000,8.0
1695484800000,2023-09-23T16:00:00+00:00,0.000059400000,8.0
1695513600000,2023-09-24T00:00:00+00:00,0.000085570000,8.0
1695542400000,2023-09-24T08:00:00+00:00,0.000008100000,8.0
1695571200000,2023-09-24T16:00:00+00:00,0.000065590000,8.0
1695600000000,2023-09-25T00:00:00+00:00,0.000015110000,8.0
1695628800000,2023-09-25T08:00:00+00:00,-0.000032330000,8.0
1695657600000,2023-09-25T16:00:00+00:00,0.000027780000,8.0
1695686400000,2023-09-26T00:00:00+00:00,0.000019130000,8.0
1695715200000,2023-09-26T08:00:00+00:00,-0.000062780000,8.0
1695744000000,2023-09-26T16:00:00+00:00,0.000018900000,8.0
1695772800000,2023-09-27T00:00:00+00:00,0.000075100000,8.0
1695801600001,2023-09-27T08:00:00.001000+00:00,0.000035830000,8.0
1695830400000,2023-09-27T16:00:00+00:00,0.000021650000,8.0
1695859200000,2023-09-28T00:00:00+00:00,-0.000250050000,8.0
1695888000000,2023-09-28T08:00:00+00:00,0.000049590000,8.0
1695916800000,2023-09-28T16:00:00+00:00,0.000100000000,8.0
1695945600000,2023-09-29T00:00:00+00:00,-0.000088790000,8.0
1695974400000,2023-09-29T08:00:00+00:00,0.000035220000,8.0
1696003200000,2023-09-29T16:00:00+00:00,-0.000089950000,8.0
1696032000000,2023-09-30T00:00:00+00:00,-0.000091920000,8.0
1696060800000,2023-09-30T08:00:00+00:00,-0.000139680000,8.0
1696089600000,2023-09-30T16:00:00+00:00,-0.000332350000,8.0
1696118400000,2023-10-01T00:00:00+00:00,-0.000150190000,8.0
1696147200000,2023-10-01T08:00:00+00:00,-0.000245770000,8.0
1696176000000,2023-10-01T16:00:00+00:00,0.000045500000,8.0
1696204800000,2023-10-02T00:00:00+00:00,0.000100000000,8.0
1696233600000,2023-10-02T08:00:00+00:00,-0.000053580000,8.0
1696262400000,2023-10-02T16:00:00+00:00,0.000073990000,8.0
1696291200000,2023-10-03T00:00:00+00:00,0.000100000000,8.0
1696320000000,2023-10-03T08:00:00+00:00,-0.000093290000,8.0
1696348800000,2023-10-03T16:00:00+00:00,-0.000167150000,8.0
1696377600000,2023-10-04T00:00:00+00:00,-0.000204490000,8.0
1696406400000,2023-10-04T08:00:00+00:00,-0.000143620000,8.0
1696435200000,2023-10-04T16:00:00+00:00,0.000010080000,8.0
1696464000000,2023-10-05T00:00:00+00:00,-0.000195830000,8.0
1696492800000,2023-10-05T08:00:00+00:00,-0.000104410000,8.0
1696521600001,2023-10-05T16:00:00.001000+00:00,-0.000213800000,8.0
1696550400000,2023-10-06T00:00:00+00:00,-0.000144010000,8.0
1696579200000,2023-10-06T08:00:00+00:00,-0.000017020000,8.0
1696608000000,2023-10-06T16:00:00+00:00,0.000060280000,8.0
1696636800000,2023-10-07T00:00:00+00:00,0.000015170000,8.0
1696665600000,2023-10-07T08:00:00+00:00,-0.000036240000,8.0
1696694400000,2023-10-07T16:00:00+00:00,-0.000138290000,8.0
1696723200000,2023-10-08T00:00:00+00:00,-0.000072840000,8.0
1696752000001,2023-10-08T08:00:00.001000+00:00,-0.000047630000,8.0
1696780800000,2023-10-08T16:00:00+00:00,-0.000023240000,8.0
1696809600000,2023-10-09T00:00:00+00:00,-0.000020430000,8.0
1696838400000,2023-10-09T08:00:00+00:00,-0.000102320000,8.0
1696867200000,2023-10-09T16:00:00+00:00,-0.000086850000,8.0
1696896000000,2023-10-10T00:00:00+00:00,-0.000265150000,8.0
1696924800000,2023-10-10T08:00:00+00:00,-0.000116720000,8.0
1696953600000,2023-10-10T16:00:00+00:00,-0.000047390000,8.0
1696982400000,2023-10-11T00:00:00+00:00,-0.000087460000,8.0
1697011200000,2023-10-11T08:00:00+00:00,-0.000012700000,8.0
1697040000000,2023-10-11T16:00:00+00:00,-0.000102170000,8.0
1697068800000,2023-10-12T00:00:00+00:00,-0.000052060000,8.0
1697097600000,2023-10-12T08:00:00+00:00,0.000050510000,8.0
1697126400000,2023-10-12T16:00:00+00:00,-0.000044690000,8.0
1697155200000,2023-10-13T00:00:00+00:00,-0.000047390000,8.0
1697184000000,2023-10-13T08:00:00+00:00,-0.000074190000,8.0
1697212800000,2023-10-13T16:00:00+00:00,-0.000073010000,8.0
1697241600000,2023-10-14T00:00:00+00:00,-0.000156690000,8.0
1697270400000,2023-10-14T08:00:00+00:00,-0.000345200000,8.0
1697299200000,2023-10-14T16:00:00+00:00,-0.000040150000,8.0
1697328000000,2023-10-15T00:00:00+00:00,-0.000070730000,8.0
1697356800000,2023-10-15T08:00:00+00:00,-0.000001290000,8.0
1697385600000,2023-10-15T16:00:00+00:00,0.000022220000,8.0
1697414400000,2023-10-16T00:00:00+00:00,-0.000108290000,8.0
1697443200000,2023-10-16T08:00:00+00:00,-0.000063210000,8.0
1697472000000,2023-10-16T16:00:00+00:00,-0.000130870000,8.0
1697500800000,2023-10-17T00:00:00+00:00,0.000008450000,8.0
1697529600000,2023-10-17T08:00:00+00:00,-0.000141350000,8.0
1697558400000,2023-10-17T16:00:00+00:00,0.000022640000,8.0
1697587200000,2023-10-18T00:00:00+00:00,0.000074780000,8.0
1697616000000,2023-10-18T08:00:00+00:00,-0.000029370000,8.0
1697644800000,2023-10-18T16:00:00+00:00,0.000094380000,8.0
1697673600000,2023-10-19T00:00:00+00:00,0.000012670000,8.0
1697702400001,2023-10-19T08:00:00.001000+00:00,-0.000101770000,8.0
1697731200000,2023-10-19T16:00:00+00:00,-0.000184280000,8.0
1697760000000,2023-10-20T00:00:00+00:00,-0.000014200000,8.0
1697788800005,2023-10-20T08:00:00.005000+00:00,-0.000602310000,8.0
1697817600000,2023-10-20T16:00:00+00:00,-0.000006180000,8.0
1697846400000,2023-10-21T00:00:00+00:00,-0.000088880000,8.0
1697875200000,2023-10-21T08:00:00+00:00,-0.000099340000,8.0
1697904000000,2023-10-21T16:00:00+00:00,0.000069690000,8.0
1697932800000,2023-10-22T00:00:00+00:00,-0.000098970000,8.0
1697961600000,2023-10-22T08:00:00+00:00,-0.000040730000,8.0
1697990400000,2023-10-22T16:00:00+00:00,0.000050800000,8.0
1698019200000,2023-10-23T00:00:00+00:00,0.000002370000,8.0
1698048000001,2023-10-23T08:00:00.001000+00:00,-0.000002290000,8.0
1698076800001,2023-10-23T16:00:00.001000+00:00,0.000016010000,8.0
1698105600000,2023-10-24T00:00:00+00:00,0.000100000000,8.0
1698134400000,2023-10-24T08:00:00+00:00,0.000100000000,8.0
1698163200000,2023-10-24T16:00:00+00:00,0.000100000000,8.0
1698192000000,2023-10-25T00:00:00+00:00,0.000100000000,8.0
1698220800000,2023-10-25T08:00:00+00:00,0.000100000000,8.0
1698249600001,2023-10-25T16:00:00.001000+00:00,0.000100000000,8.0
1698278400001,2023-10-26T00:00:00.001000+00:00,0.000100000000,8.0
1698307200000,2023-10-26T08:00:00+00:00,0.000100000000,8.0
1698336000000,2023-10-26T16:00:00+00:00,0.000049690000,8.0
1698364800000,2023-10-27T00:00:00+00:00,0.000100000000,8.0
1698393600000,2023-10-27T08:00:00+00:00,0.000100000000,8.0
1698422400000,2023-10-27T16:00:00+00:00,0.000100000000,8.0
1698451200000,2023-10-28T00:00:00+00:00,0.000100000000,8.0
1698480000001,2023-10-28T08:00:00.001000+00:00,0.000100000000,8.0
1698508800000,2023-10-28T16:00:00+00:00,0.000100000000,8.0
1698537600000,2023-10-29T00:00:00+00:00,0.000100000000,8.0
1698566400000,2023-10-29T08:00:00+00:00,0.000100000000,8.0
1698595200000,2023-10-29T16:00:00+00:00,0.000100000000,8.0
1698624000000,2023-10-30T00:00:00+00:00,0.000100000000,8.0
1698652800000,2023-10-30T08:00:00+00:00,0.000093760000,8.0
1698681600000,2023-10-30T16:00:00+00:00,0.000100000000,8.0
1698710400001,2023-10-31T00:00:00.001000+00:00,0.000100000000,8.0
1698739200000,2023-10-31T08:00:00+00:00,0.000100000000,8.0
1698768000000,2023-10-31T16:00:00+00:00,0.000047120000,8.0
1698796800000,2023-11-01T00:00:00+00:00,0.000056760000,8.0
1698825600000,2023-11-01T08:00:00+00:00,-0.000040600000,8.0
1698854400000,2023-11-01T16:00:00+00:00,-0.000411290000,8.0
1698883200001,2023-11-02T00:00:00.001000+00:00,0.000100000000,8.0
1698912000000,2023-11-02T08:00:00+00:00,0.000100000000,8.0
1698940800000,2023-11-02T16:00:00+00:00,0.000100000000,8.0
1698969600000,2023-11-03T00:00:00+00:00,0.000100000000,8.0
1698998400000,2023-11-03T08:00:00+00:00,0.000100000000,8.0
1699027200000,2023-11-03T16:00:00+00:00,0.000100000000,8.0
1699056000000,2023-11-04T00:00:00+00:00,0.000100000000,8.0
1699084800000,2023-11-04T08:00:00+00:00,0.000100000000,8.0
1699113600000,2023-11-04T16:00:00+00:00,0.000100000000,8.0
1699142400000,2023-11-05T00:00:00+00:00,0.000100000000,8.0
1699171200000,2023-11-05T08:00:00+00:00,0.000100000000,8.0
1699200000000,2023-11-05T16:00:00+00:00,0.000100000000,8.0
1699228800000,2023-11-06T00:00:00+00:00,0.000100000000,8.0
1699257600001,2023-11-06T08:00:00.001000+00:00,0.000100000000,8.0
1699286400000,2023-11-06T16:00:00+00:00,0.000152860000,8.0
1699315200001,2023-11-07T00:00:00.001000+00:00,0.000100000000,8.0
1699344000000,2023-11-07T08:00:00+00:00,0.000100000000,8.0
1699372800000,2023-11-07T16:00:00+00:00,0.000205790000,8.0
1699401600000,2023-11-08T00:00:00+00:00,0.000171430000,8.0
1699430400000,2023-11-08T08:00:00+00:00,0.000100000000,8.0
1699459200000,2023-11-08T16:00:00+00:00,0.000100000000,8.0
1699488000000,2023-11-09T00:00:00+00:00,0.000100000000,8.0
1699516800000,2023-11-09T08:00:00+00:00,0.000100000000,8.0
1699545600000,2023-11-09T16:00:00+00:00,0.000280890000,8.0
1699574400000,2023-11-10T00:00:00+00:00,0.000100000000,8.0
1699603200000,2023-11-10T08:00:00+00:00,0.000153680000,8.0
1699632000000,2023-11-10T16:00:00+00:00,0.000115290000,8.0
1699660800000,2023-11-11T00:00:00+00:00,0.000100000000,8.0
1699689600000,2023-11-11T08:00:00+00:00,0.000100000000,8.0
1699718400000,2023-11-11T16:00:00+00:00,0.000306540000,8.0
1699747200000,2023-11-12T00:00:00+00:00,0.000512790000,8.0
1699776000000,2023-11-12T08:00:00+00:00,0.000172310000,8.0
1699804800001,2023-11-12T16:00:00.001000+00:00,0.000162540000,8.0
1699833600000,2023-11-13T00:00:00+00:00,0.000506940000,8.0
1699862400000,2023-11-13T08:00:00+00:00,0.000330250000,8.0
1699891200000,2023-11-13T16:00:00+00:00,0.000100000000,8.0
1699920000000,2023-11-14T00:00:00+00:00,0.000472250000,8.0
1699948800000,2023-11-14T08:00:00+00:00,0.000100000000,8.0
1699977600001,2023-11-14T16:00:00.001000+00:00,0.000273520000,8.0
1700006400000,2023-11-15T00:00:00+00:00,0.000123560000,8.0
1700035200000,2023-11-15T08:00:00+00:00,0.000109030000,8.0
1700064000000,2023-11-15T16:00:00+00:00,0.000266240000,8.0
1700092800000,2023-11-16T00:00:00+00:00,0.000318740000,8.0
1700121600000,2023-11-16T08:00:00+00:00,0.000145720000,8.0
1700150400001,2023-11-16T16:00:00.001000+00:00,0.000301500000,8.0
1700179200000,2023-11-17T00:00:00+00:00,0.000100000000,8.0
1700208000001,2023-11-17T08:00:00.001000+00:00,0.000100000000,8.0
1700236800001,2023-11-17T16:00:00.001000+00:00,0.000100000000,8.0
1700265600000,2023-11-18T00:00:00+00:00,0.000100000000,8.0
1700294400000,2023-11-18T08:00:00+00:00,0.000100000000,8.0
1700323200000,2023-11-18T16:00:00+00:00,0.000100000000,8.0
1700352000000,2023-11-19T00:00:00+00:00,0.000100000000,8.0
1700380800000,2023-11-19T08:00:00+00:00,0.000100000000,8.0
1700409600000,2023-11-19T16:00:00+00:00,0.000100000000,8.0
1700438400000,2023-11-20T00:00:00+00:00,0.000100000000,8.0
1700467200000,2023-11-20T08:00:00+00:00,0.000100000000,8.0
1700496000000,2023-11-20T16:00:00+00:00,0.000100000000,8.0
1700524800000,2023-11-21T00:00:00+00:00,0.000100000000,8.0
1700553600000,2023-11-21T08:00:00+00:00,0.000100000000,8.0
1700582400000,2023-11-21T16:00:00+00:00,0.000100000000,8.0
1700611200000,2023-11-22T00:00:00+00:00,0.000100000000,8.0
1700640000000,2023-11-22T08:00:00+00:00,0.000100000000,8.0
1700668800000,2023-11-22T16:00:00+00:00,0.000100000000,8.0
1700697600000,2023-11-23T00:00:00+00:00,0.000100000000,8.0
1700726400000,2023-11-23T08:00:00+00:00,0.000100000000,8.0
1700755200001,2023-11-23T16:00:00.001000+00:00,0.000100000000,8.0
1700784000000,2023-11-24T00:00:00+00:00,0.000100000000,8.0
1700812800000,2023-11-24T08:00:00+00:00,0.000100000000,8.0
1700841600000,2023-11-24T16:00:00+00:00,0.000100000000,8.0
1700870400000,2023-11-25T00:00:00+00:00,0.000100000000,8.0
1700899200000,2023-11-25T08:00:00+00:00,0.000100000000,8.0
1700928000000,2023-11-25T16:00:00+00:00,0.000100000000,8.0
1700956800000,2023-11-26T00:00:00+00:00,0.000100000000,8.0
1700985600000,2023-11-26T08:00:00+00:00,0.000100000000,8.0
1701014400000,2023-11-26T16:00:00+00:00,0.000100000000,8.0
1701043200000,2023-11-27T00:00:00+00:00,0.000100000000,8.0
1701072000001,2023-11-27T08:00:00.001000+00:00,0.000100000000,8.0
1701100800000,2023-11-27T16:00:00+00:00,0.000100000000,8.0
1701129600000,2023-11-28T00:00:00+00:00,0.000100000000,8.0
1701158400000,2023-11-28T08:00:00+00:00,0.000100000000,8.0
1701187200000,2023-11-28T16:00:00+00:00,0.000100000000,8.0
1701216000001,2023-11-29T00:00:00.001000+00:00,0.000100000000,8.0
1701244800000,2023-11-29T08:00:00+00:00,0.000100000000,8.0
1701273600000,2023-11-29T16:00:00+00:00,0.000100000000,8.0
1701302400000,2023-11-30T00:00:00+00:00,0.000100000000,8.0
1701331200000,2023-11-30T08:00:00+00:00,0.000100000000,8.0
1701360000000,2023-11-30T16:00:00+00:00,0.000100000000,8.0
1701388800000,2023-12-01T00:00:00+00:00,0.000100000000,8.0
1701417600000,2023-12-01T08:00:00+00:00,0.000100000000,8.0
1701446400000,2023-12-01T16:00:00+00:00,0.000100000000,8.0
1701475200000,2023-12-02T00:00:00+00:00,0.000100000000,8.0
1701504000000,2023-12-02T08:00:00+00:00,0.000301740000,8.0
1701532800000,2023-12-02T16:00:00+00:00,0.000100000000,8.0
1701561600000,2023-12-03T00:00:00+00:00,0.000100000000,8.0
1701590400000,2023-12-03T08:00:00+00:00,0.000203810000,8.0
1701619200000,2023-12-03T16:00:00+00:00,0.000182640000,8.0
1701648000000,2023-12-04T00:00:00+00:00,0.000100000000,8.0
1701676800000,2023-12-04T08:00:00+00:00,0.000538530000,8.0
1701705600000,2023-12-04T16:00:00+00:00,0.000100000000,8.0
1701734400000,2023-12-05T00:00:00+00:00,0.000100000000,8.0
1701763200000,2023-12-05T08:00:00+00:00,0.000100000000,8.0
1701792000000,2023-12-05T16:00:00+00:00,0.000100000000,8.0
1701820800000,2023-12-06T00:00:00+00:00,0.000252260000,8.0
1701849600000,2023-12-06T08:00:00+00:00,0.000458670000,8.0
1701878400000,2023-12-06T16:00:00+00:00,0.000118610000,8.0
1701907200000,2023-12-07T00:00:00+00:00,0.000100000000,8.0
1701936000000,2023-12-07T08:00:00+00:00,0.000100000000,8.0
1701964800000,2023-12-07T16:00:00+00:00,0.000368680000,8.0
1701993600000,2023-12-08T00:00:00+00:00,0.000612680000,8.0
1702022400000,2023-12-08T08:00:00+00:00,0.000240530000,8.0
1702051200000,2023-12-08T16:00:00+00:00,0.000203300000,8.0
1702080000000,2023-12-09T00:00:00+00:00,0.000322150000,8.0
1702108800000,2023-12-09T08:00:00+00:00,0.000394000000,8.0
1702137600000,2023-12-09T16:00:00+00:00,0.000100000000,8.0
1702166400000,2023-12-10T00:00:00+00:00,0.000258740000,8.0
1702195200000,2023-12-10T08:00:00+00:00,0.000376860000,8.0
1702224000000,2023-12-10T16:00:00+00:00,0.000201750000,8.0
1702252800000,2023-12-11T00:00:00+00:00,0.000272210000,8.0
1702281600000,2023-12-11T08:00:00+00:00,0.000100000000,8.0
1702310400000,2023-12-11T16:00:00+00:00,0.000100000000,8.0
1702339200000,2023-12-12T00:00:00+00:00,0.000233160000,8.0
1702368000000,2023-12-12T08:00:00+00:00,0.000115740000,8.0
1702396800000,2023-12-12T16:00:00+00:00,0.000119720000,8.0
1702425600000,2023-12-13T00:00:00+00:00,0.000100000000,8.0
1702454400000,2023-12-13T08:00:00+00:00,0.000100000000,8.0
1702483200001,2023-12-13T16:00:00.001000+00:00,0.000100000000,8.0
1702512000000,2023-12-14T00:00:00+00:00,0.000100000000,8.0
1702540800000,2023-12-14T08:00:00+00:00,0.000100000000,8.0
1702569600000,2023-12-14T16:00:00+00:00,0.000100000000,8.0
1702598400000,2023-12-15T00:00:00+00:00,0.000161980000,8.0
1702627200000,2023-12-15T08:00:00+00:00,0.000168800000,8.0
1702656000000,2023-12-15T16:00:00+00:00,0.000328740000,8.0
1702684800000,2023-12-16T00:00:00+00:00,0.000100000000,8.0
1702713600000,2023-12-16T08:00:00+00:00,0.000100000000,8.0
1702742400001,2023-12-16T16:00:00.001000+00:00,0.000100000000,8.0
1702771200000,2023-12-17T00:00:00+00:00,0.000100000000,8.0
1702800000000,2023-12-17T08:00:00+00:00,0.000100000000,8.0
1702828800000,2023-12-17T16:00:00+00:00,0.000100000000,8.0
1702857600000,2023-12-18T00:00:00+00:00,0.000100000000,8.0
1702886400001,2023-12-18T08:00:00.001000+00:00,0.000100000000,8.0
1702915200000,2023-12-18T16:00:00+00:00,0.000100000000,8.0
1702944000000,2023-12-19T00:00:00+00:00,0.000100000000,8.0
1702972800000,2023-12-19T08:00:00+00:00,0.000100000000,8.0
1703001600000,2023-12-19T16:00:00+00:00,0.000103300000,8.0
1703030400000,2023-12-20T00:00:00+00:00,0.000100000000,8.0
1703059200000,2023-12-20T08:00:00+00:00,0.000285640000,8.0
1703088000000,2023-12-20T16:00:00+00:00,0.000188120000,8.0
1703116800000,2023-12-21T00:00:00+00:00,0.000100000000,8.0
1703145600000,2023-12-21T08:00:00+00:00,0.000100000000,8.0
1703174400000,2023-12-21T16:00:00+00:00,0.000100000000,8.0
1703203200000,2023-12-22T00:00:00+00:00,0.000311520000,8.0
1703232000000,2023-12-22T08:00:00+00:00,0.000368270000,8.0
1703260800000,2023-12-22T16:00:00+00:00,0.000128140000,8.0
1703289600000,2023-12-23T00:00:00+00:00,0.000100000000,8.0
1703318400001,2023-12-23T08:00:00.001000+00:00,0.000186940000,8.0
1703347200000,2023-12-23T16:00:00+00:00,0.000100000000,8.0
1703376000000,2023-12-24T00:00:00+00:00,0.000345050000,8.0
1703404800000,2023-12-24T08:00:00+00:00,0.000257770000,8.0
1703433600000,2023-12-24T16:00:00+00:00,0.000124530000,8.0
1703462400000,2023-12-25T00:00:00+00:00,0.000191300000,8.0
1703491200000,2023-12-25T08:00:00+00:00,0.000185710000,8.0
1703520000000,2023-12-25T16:00:00+00:00,0.000639640000,8.0
1703548800000,2023-12-26T00:00:00+00:00,0.000296270000,8.0
1703577600000,2023-12-26T08:00:00+00:00,0.000125940000,8.0
1703606400000,2023-12-26T16:00:00+00:00,0.000144230000,8.0
1703635200000,2023-12-27T00:00:00+00:00,0.000100000000,8.0
1703664000000,2023-12-27T08:00:00+00:00,0.000411460000,8.0
1703692800000,2023-12-27T16:00:00+00:00,0.000676990000,8.0
1703721600000,2023-12-28T00:00:00+00:00,0.000539930000,8.0
1703750400000,2023-12-28T08:00:00+00:00,0.000862970000,8.0
1703779200000,2023-12-28T16:00:00+00:00,0.000843990000,8.0
1703808000001,2023-12-29T00:00:00.001000+00:00,0.000503270000,8.0
1703836800000,2023-12-29T08:00:00+00:00,0.000403650000,8.0
1703865600000,2023-12-29T16:00:00+00:00,0.000448690000,8.0
1703894400001,2023-12-30T00:00:00.001000+00:00,0.000467260000,8.0
1703923200000,2023-12-30T08:00:00+00:00,0.000240820000,8.0
1703952000000,2023-12-30T16:00:00+00:00,0.000308130000,8.0
1703980800000,2023-12-31T00:00:00+00:00,0.000343620000,8.0
1704009600001,2023-12-31T08:00:00.001000+00:00,0.000526540000,8.0
1704038400000,2023-12-31T16:00:00+00:00,0.000410350000,8.0
1704067200000,2024-01-01T00:00:00+00:00,0.000224100000,8.0
1704096000000,2024-01-01T08:00:00+00:00,0.000329890000,8.0
1704124800000,2024-01-01T16:00:00+00:00,0.000514770000,8.0
1704153600000,2024-01-02T00:00:00+00:00,0.000575130000,8.0
1704182400000,2024-01-02T08:00:00+00:00,0.000467980000,8.0
1704211200000,2024-01-02T16:00:00+00:00,0.000968010000,8.0
1704240000000,2024-01-03T00:00:00+00:00,0.000322890000,8.0
1704268800000,2024-01-03T08:00:00+00:00,0.000134680000,8.0
1704297600000,2024-01-03T16:00:00+00:00,0.000100000000,8.0
1704326400000,2024-01-04T00:00:00+00:00,0.000100000000,8.0
1704355200000,2024-01-04T08:00:00+00:00,0.000100000000,8.0
1704384000000,2024-01-04T16:00:00+00:00,0.000100000000,8.0
1704412800001,2024-01-05T00:00:00.001000+00:00,0.000100000000,8.0
1704441600000,2024-01-05T08:00:00+00:00,0.000100000000,8.0
1704470400000,2024-01-05T16:00:00+00:00,0.000100000000,8.0
1704499200000,2024-01-06T00:00:00+00:00,0.000100000000,8.0
1704528000000,2024-01-06T08:00:00+00:00,0.000100000000,8.0
1704556800000,2024-01-06T16:00:00+00:00,0.000100000000,8.0
1704585600000,2024-01-07T00:00:00+00:00,0.000100000000,8.0
1704614400001,2024-01-07T08:00:00.001000+00:00,0.000100000000,8.0
1704643200001,2024-01-07T16:00:00.001000+00:00,0.000100000000,8.0
1704672000000,2024-01-08T00:00:00+00:00,0.000100000000,8.0
1704700800000,2024-01-08T08:00:00+00:00,0.000100000000,8.0
1704729600000,2024-01-08T16:00:00+00:00,0.000100000000,8.0
1704758400001,2024-01-09T00:00:00.001000+00:00,0.000100000000,8.0
1704787200000,2024-01-09T08:00:00+00:00,0.000100000000,8.0
1704816000000,2024-01-09T16:00:00+00:00,0.000100000000,8.0
1704844800000,2024-01-10T00:00:00+00:00,0.000100000000,8.0
1704873600000,2024-01-10T08:00:00+00:00,0.000100000000,8.0
1704902400000,2024-01-10T16:00:00+00:00,0.000100000000,8.0
1704931200000,2024-01-11T00:00:00+00:00,0.000100000000,8.0
1704960000000,2024-01-11T08:00:00+00:00,0.000100000000,8.0
1704988800000,2024-01-11T16:00:00+00:00,0.000100000000,8.0
1705017600001,2024-01-12T00:00:00.001000+00:00,0.000100000000,8.0
1705046400000,2024-01-12T08:00:00+00:00,0.000100000000,8.0
1705075200000,2024-01-12T16:00:00+00:00,0.000100000000,8.0
1705104000000,2024-01-13T00:00:00+00:00,0.000100000000,8.0
1705132800000,2024-01-13T08:00:00+00:00,0.000100000000,8.0
1705161600001,2024-01-13T16:00:00.001000+00:00,0.000100000000,8.0
1705190400000,2024-01-14T00:00:00+00:00,0.000100000000,8.0
1705219200000,2024-01-14T08:00:00+00:00,0.000100000000,8.0
1705248000001,2024-01-14T16:00:00.001000+00:00,0.000100000000,8.0
1705276800000,2024-01-15T00:00:00+00:00,0.000100000000,8.0
1705305600000,2024-01-15T08:00:00+00:00,0.000100000000,8.0
1705334400000,2024-01-15T16:00:00+00:00,0.000100000000,8.0
1705363200000,2024-01-16T00:00:00+00:00,0.000100000000,8.0
1705392000000,2024-01-16T08:00:00+00:00,0.000100000000,8.0
1705420800001,2024-01-16T16:00:00.001000+00:00,0.000100000000,8.0
1705449600000,2024-01-17T00:00:00+00:00,0.000100000000,8.0
1705478400000,2024-01-17T08:00:00+00:00,0.000100000000,8.0
1705507200000,2024-01-17T16:00:00+00:00,0.000100000000,8.0
1705536000001,2024-01-18T00:00:00.001000+00:00,0.000100000000,8.0
1705564800000,2024-01-18T08:00:00+00:00,0.000100000000,8.0
1705593600000,2024-01-18T16:00:00+00:00,0.000100000000,8.0
1705622400000,2024-01-19T00:00:00+00:00,0.000100000000,8.0
1705651200000,2024-01-19T08:00:00+00:00,0.000100000000,8.0
1705680000002,2024-01-19T16:00:00.002000+00:00,0.000100000000,8.0
1705708800000,2024-01-20T00:00:00+00:00,0.000100000000,8.0
1705737600003,2024-01-20T08:00:00.003000+00:00,0.000100000000,8.0
1705766400000,2024-01-20T16:00:00+00:00,0.000100000000,8.0
1705795200000,2024-01-21T00:00:00+00:00,0.000100000000,8.0
1705824000000,2024-01-21T08:00:00+00:00,0.000100000000,8.0
1705852800000,2024-01-21T16:00:00+00:00,0.000100000000,8.0
1705881600000,2024-01-22T00:00:00+00:00,0.000100000000,8.0
1705910400000,2024-01-22T08:00:00+00:00,0.000100000000,8.0
1705939200000,2024-01-22T16:00:00+00:00,0.000100000000,8.0
1705968000000,2024-01-23T00:00:00+00:00,0.000100000000,8.0
1705996800000,2024-01-23T08:00:00+00:00,0.000100000000,8.0
1706025600000,2024-01-23T16:00:00+00:00,0.000100000000,8.0
1706054400000,2024-01-24T00:00:00+00:00,0.000100000000,8.0
1706083200000,2024-01-24T08:00:00+00:00,0.000100000000,8.0
1706112000000,2024-01-24T16:00:00+00:00,0.000100000000,8.0
1706140800000,2024-01-25T00:00:00+00:00,0.000100000000,8.0
1706169600001,2024-01-25T08:00:00.001000+00:00,0.000100000000,8.0
1706198400000,2024-01-25T16:00:00+00:00,0.000100000000,8.0
1706227200001,2024-01-26T00:00:00.001000+00:00,0.000100000000,8.0
1706256000000,2024-01-26T08:00:00+00:00,0.000100000000,8.0
1706284800000,2024-01-26T16:00:00+00:00,0.000079990000,8.0
1706313600000,2024-01-27T00:00:00+00:00,0.000100000000,8.0
1706342400000,2024-01-27T08:00:00+00:00,0.000100000000,8.0
1706371200000,2024-01-27T16:00:00+00:00,0.000100000000,8.0
1706400000000,2024-01-28T00:00:00+00:00,0.000089020000,8.0
1706428800000,2024-01-28T08:00:00+00:00,0.000025680000,8.0
1706457600000,2024-01-28T16:00:00+00:00,0.000100000000,8.0
1706486400000,2024-01-29T00:00:00+00:00,0.000100000000,8.0
1706515200001,2024-01-29T08:00:00.001000+00:00,0.000039290000,8.0
1706544000000,2024-01-29T16:00:00+00:00,0.000100000000,8.0
1706572800000,2024-01-30T00:00:00+00:00,0.000100000000,8.0
1706601600000,2024-01-30T08:00:00+00:00,0.000043330000,8.0
1706630400001,2024-01-30T16:00:00.001000+00:00,0.000100000000,8.0
1706659200000,2024-01-31T00:00:00+00:00,0.000100000000,8.0
1706688000000,2024-01-31T08:00:00+00:00,0.000057020000,8.0
1706716800000,2024-01-31T16:00:00+00:00,0.000100000000,8.0
1706745600000,2024-02-01T00:00:00+00:00,0.000051500000,8.0
1706774400000,2024-02-01T08:00:00+00:00,0.000100000000,8.0
1706803200002,2024-02-01T16:00:00.002000+00:00,0.000074510000,8.0
1706832000000,2024-02-02T00:00:00+00:00,0.000100000000,8.0
1706860800000,2024-02-02T08:00:00+00:00,0.000100000000,8.0
1706889600000,2024-02-02T16:00:00+00:00,0.000100000000,8.0
1706918400000,2024-02-03T00:00:00+00:00,0.000100000000,8.0
1706947200000,2024-02-03T08:00:00+00:00,0.000097260000,8.0
1706976000001,2024-02-03T16:00:00.001000+00:00,0.000100000000,8.0
1707004800000,2024-02-04T00:00:00+00:00,0.000100000000,8.0
1707033600004,2024-02-04T08:00:00.004000+00:00,0.000100000000,8.0
1707062400000,2024-02-04T16:00:00+00:00,0.000100000000,8.0
1707091200000,2024-02-05T00:00:00+00:00,0.000100000000,8.0
1707120000000,2024-02-05T08:00:00+00:00,0.000100000000,8.0
1707148800000,2024-02-05T16:00:00+00:00,0.000100000000,8.0
1707177600000,2024-02-06T00:00:00+00:00,0.000056160000,8.0
1707206400001,2024-02-06T08:00:00.001000+00:00,0.000100000000,8.0
1707235200000,2024-02-06T16:00:00+00:00,0.000100000000,8.0
1707264000000,2024-02-07T00:00:00+00:00,0.000100000000,8.0
1707292800000,2024-02-07T08:00:00+00:00,0.000100000000,8.0
1707321600000,2024-02-07T16:00:00+00:00,0.000100000000,8.0
1707350400000,2024-02-08T00:00:00+00:00,0.000100000000,8.0
1707379200000,2024-02-08T08:00:00+00:00,0.000100000000,8.0
1707408000000,2024-02-08T16:00:00+00:00,0.000100000000,8.0
1707436800000,2024-02-09T00:00:00+00:00,0.000070690000,8.0
1707465600000,2024-02-09T08:00:00+00:00,0.000030750000,8.0
1707494400001,2024-02-09T16:00:00.001000+00:00,0.000100000000,8.0
1707523200001,2024-02-10T00:00:00.001000+00:00,0.000100000000,8.0
1707552000000,2024-02-10T08:00:00+00:00,0.000100000000,8.0
1707580800000,2024-02-10T16:00:00+00:00,0.000100000000,8.0
1707609600000,2024-02-11T00:00:00+00:00,0.000100000000,8.0
1707638400001,2024-02-11T08:00:00.001000+00:00,0.000100000000,8.0
1707667200000,2024-02-11T16:00:00+00:00,0.000100000000,8.0
1707696000000,2024-02-12T00:00:00+00:00,0.000100000000,8.0
1707724800000,2024-02-12T08:00:00+00:00,0.000100000000,8.0
1707753600000,2024-02-12T16:00:00+00:00,0.000100000000,8.0
1707782400000,2024-02-13T00:00:00+00:00,0.000100000000,8.0
1707811200000,2024-02-13T08:00:00+00:00,0.000141660000,8.0
1707840000000,2024-02-13T16:00:00+00:00,0.000100000000,8.0
1707868800000,2024-02-14T00:00:00+00:00,0.000100000000,8.0
1707897600000,2024-02-14T08:00:00+00:00,0.000100000000,8.0
1707926400000,2024-02-14T16:00:00+00:00,0.000292250000,8.0
1707955200000,2024-02-15T00:00:00+00:00,0.000135720000,8.0
1707984000000,2024-02-15T08:00:00+00:00,0.000159320000,8.0
1708012800000,2024-02-15T16:00:00+00:00,0.000120000000,8.0
1708041600000,2024-02-16T00:00:00+00:00,0.000223710000,8.0
1708070400000,2024-02-16T08:00:00+00:00,0.000320870000,8.0
1708099200000,2024-02-16T16:00:00+00:00,0.000169140000,8.0
1708128000000,2024-02-17T00:00:00+00:00,0.000176610000,8.0
1708156800000,2024-02-17T08:00:00+00:00,0.000420460000,8.0
1708185600000,2024-02-17T16:00:00+00:00,0.000282790000,8.0
1708214400000,2024-02-18T00:00:00+00:00,0.000227770000,8.0
1708243200000,2024-02-18T08:00:00+00:00,0.000193950000,8.0
1708272000000,2024-02-18T16:00:00+00:00,0.000221920000,8.0
1708300800000,2024-02-19T00:00:00+00:00,0.000302300000,8.0
1708329600000,2024-02-19T08:00:00+00:00,0.000295660000,8.0
1708358400000,2024-02-19T16:00:00+00:00,0.000319440000,8.0
1708387200000,2024-02-20T00:00:00+00:00,0.000474700000,8.0
1708416000000,2024-02-20T08:00:00+00:00,0.000299340000,8.0
1708444800000,2024-02-20T16:00:00+00:00,0.000317420000,8.0
1708473600000,2024-02-21T00:00:00+00:00,0.000162550000,8.0
1708502400000,2024-02-21T08:00:00+00:00,0.000253100000,8.0
1708531200000,2024-02-21T16:00:00+00:00,0.000177300000,8.0
1708560000001,2024-02-22T00:00:00.001000+00:00,0.000163510000,8.0
1708588800001,2024-02-22T08:00:00.001000+00:00,0.000210490000,8.0
1708617600000,2024-02-22T16:00:00+00:00,0.000183390000,8.0
1708646400000,2024-02-23T00:00:00+00:00,0.000262890000,8.0
1708675200000,2024-02-23T08:00:00+00:00,0.000328410000,8.0
1708704000000,2024-02-23T16:00:00+00:00,0.000169570000,8.0
1708732800000,2024-02-24T00:00:00+00:00,0.000271130000,8.0
1708761600001,2024-02-24T08:00:00.001000+00:00,0.000331320000,8.0
1708790400000,2024-02-24T16:00:00+00:00,0.000262300000,8.0
1708819200001,2024-02-25T00:00:00.001000+00:00,0.000272070000,8.0
1708848000000,2024-02-25T08:00:00+00:00,0.000416140000,8.0
1708876800000,2024-02-25T16:00:00+00:00,0.000426450000,8.0
1708905600000,2024-02-26T00:00:00+00:00,0.000553290000,8.0
1708934400000,2024-02-26T08:00:00+00:00,0.000553490000,8.0
1708963200000,2024-02-26T16:00:00+00:00,0.000387010000,8.0
1708992000000,2024-02-27T00:00:00+00:00,0.000601840000,8.0
1709020800000,2024-02-27T08:00:00+00:00,0.000691890000,8.0
1709049600000,2024-02-27T16:00:00+00:00,0.000515080000,8.0
1709078400000,2024-02-28T00:00:00+00:00,0.000326030000,8.0
1709107200000,2024-02-28T08:00:00+00:00,0.000407530000,8.0
1709136000000,2024-02-28T16:00:00+00:00,0.000785490000,8.0
1709164800000,2024-02-29T00:00:00+00:00,0.000890000000,8.0
1709193600000,2024-02-29T08:00:00+00:00,0.000988850000,8.0
1709222400000,2024-02-29T16:00:00+00:00,0.000815670000,8.0
1709251200000,2024-03-01T00:00:00+00:00,0.000604360000,8.0
1709280000000,2024-03-01T08:00:00+00:00,0.000615910000,8.0
1709308800000,2024-03-01T16:00:00+00:00,0.000664240000,8.0
1709337600000,2024-03-02T00:00:00+00:00,0.000732680000,8.0
1709366400001,2024-03-02T08:00:00.001000+00:00,0.000755000000,8.0
1709395200000,2024-03-02T16:00:00+00:00,0.000631470000,8.0
1709424000000,2024-03-03T00:00:00+00:00,0.000764140000,8.0
1709452800000,2024-03-03T08:00:00+00:00,0.000541600000,8.0
1709481600000,2024-03-03T16:00:00+00:00,0.000583380000,8.0
1709510400000,2024-03-04T00:00:00+00:00,0.000705330000,8.0
1709539200000,2024-03-04T08:00:00+00:00,0.000724010000,8.0
1709568000000,2024-03-04T16:00:00+00:00,0.000730740000,8.0
1709596800000,2024-03-05T00:00:00+00:00,0.000716280000,8.0
1709625600000,2024-03-05T08:00:00+00:00,0.001192610000,8.0
1709654400000,2024-03-05T16:00:00+00:00,0.001145600000,8.0
1709683200000,2024-03-06T00:00:00+00:00,0.000100000000,8.0
1709712000001,2024-03-06T08:00:00.001000+00:00,0.000362330000,8.0
1709740800000,2024-03-06T16:00:00+00:00,0.000383170000,8.0
1709769600000,2024-03-07T00:00:00+00:00,0.000389060000,8.0
1709798400000,2024-03-07T08:00:00+00:00,0.000543390000,8.0
1709827200000,2024-03-07T16:00:00+00:00,0.000524110000,8.0
1709856000000,2024-03-08T00:00:00+00:00,0.000594350000,8.0
1709884800000,2024-03-08T08:00:00+00:00,0.000558430000,8.0
1709913600000,2024-03-08T16:00:00+00:00,0.000530320000,8.0
1709942400000,2024-03-09T00:00:00+00:00,0.000480540000,8.0
1709971200001,2024-03-09T08:00:00.001000+00:00,0.000292280000,8.0
1710000000000,2024-03-09T16:00:00+00:00,0.000441560000,8.0
1710028800000,2024-03-10T00:00:00+00:00,0.000409150000,8.0
1710057600000,2024-03-10T08:00:00+00:00,0.000849190000,8.0
1710086400000,2024-03-10T16:00:00+00:00,0.000331290000,8.0
1710115200000,2024-03-11T00:00:00+00:00,0.000232570000,8.0
1710144000000,2024-03-11T08:00:00+00:00,0.000666640000,8.0
1710172800000,2024-03-11T16:00:00+00:00,0.000810960000,8.0
1710201600000,2024-03-12T00:00:00+00:00,0.000714630000,8.0
1710230400000,2024-03-12T08:00:00+00:00,0.000738580000,8.0
1710259200000,2024-03-12T16:00:00+00:00,0.000556070000,8.0
1710288000000,2024-03-13T00:00:00+00:00,0.000642510000,8.0
1710316800001,2024-03-13T08:00:00.001000+00:00,0.000696790000,8.0
1710345600000,2024-03-13T16:00:00+00:00,0.000645620000,8.0
1710374400001,2024-03-14T00:00:00.001000+00:00,0.000526700000,8.0
1710403200000,2024-03-14T08:00:00+00:00,0.000518300000,8.0
1710432000000,2024-03-14T16:00:00+00:00,0.000527250000,8.0
1710460800000,2024-03-15T00:00:00+00:00,0.000630460000,8.0
1710489600000,2024-03-15T08:00:00+00:00,0.000342790000,8.0
1710518400000,2024-03-15T16:00:00+00:00,0.000274600000,8.0
1710547200000,2024-03-16T00:00:00+00:00,0.000149550000,8.0
1710576000000,2024-03-16T08:00:00+00:00,0.000204350000,8.0
1710604800000,2024-03-16T16:00:00+00:00,0.000153270000,8.0
1710633600000,2024-03-17T00:00:00+00:00,0.000141080000,8.0
1710662400000,2024-03-17T08:00:00+00:00,0.000100000000,8.0
1710691200000,2024-03-17T16:00:00+00:00,0.000308580000,8.0
1710720000000,2024-03-18T00:00:00+00:00,0.000331290000,8.0
1710748800000,2024-03-18T08:00:00+00:00,0.000289560000,8.0
1710777600001,2024-03-18T16:00:00.001000+00:00,0.000189960000,8.0
1710806400000,2024-03-19T00:00:00+00:00,0.000209200000,8.0
1710835200000,2024-03-19T08:00:00+00:00,0.000203070000,8.0
1710864000001,2024-03-19T16:00:00.001000+00:00,0.000100000000,8.0
1710892800000,2024-03-20T00:00:00+00:00,0.000188280000,8.0
1710921600004,2024-03-20T08:00:00.004000+00:00,0.000188310000,8.0
1710950400000,2024-03-20T16:00:00+00:00,0.000109170000,8.0
1710979200000,2024-03-21T00:00:00+00:00,0.000159280000,8.0
1711008000000,2024-03-21T08:00:00+00:00,0.000307520000,8.0
1711036800000,2024-03-21T16:00:00+00:00,0.000145240000,8.0
1711065600000,2024-03-22T00:00:00+00:00,0.000140920000,8.0
1711094400000,2024-03-22T08:00:00+00:00,0.000148020000,8.0
1711123200000,2024-03-22T16:00:00+00:00,0.000161610000,8.0
1711152000000,2024-03-23T00:00:00+00:00,0.000152440000,8.0
1711180800000,2024-03-23T08:00:00+00:00,0.000150910000,8.0
1711209600000,2024-03-23T16:00:00+00:00,0.000168410000,8.0
1711238400000,2024-03-24T00:00:00+00:00,0.000177130000,8.0
1711267200000,2024-03-24T08:00:00+00:00,0.000154350000,8.0
1711296000000,2024-03-24T16:00:00+00:00,0.000256860000,8.0
1711324800000,2024-03-25T00:00:00+00:00,0.000214660000,8.0
1711353600001,2024-03-25T08:00:00.001000+00:00,0.000174940000,8.0
1711382400000,2024-03-25T16:00:00+00:00,0.000203730000,8.0
1711411200000,2024-03-26T00:00:00+00:00,0.000392070000,8.0
1711440000000,2024-03-26T08:00:00+00:00,0.000207670000,8.0
1711468800000,2024-03-26T16:00:00+00:00,0.000251730000,8.0
1711497600000,2024-03-27T00:00:00+00:00,0.000320680000,8.0
1711526400001,2024-03-27T08:00:00.001000+00:00,0.000404800000,8.0
1711555200000,2024-03-27T16:00:00+00:00,0.000252210000,8.0
1711584000000,2024-03-28T00:00:00+00:00,0.000264870000,8.0
1711612800000,2024-03-28T08:00:00+00:00,0.000399890000,8.0
1711641600000,2024-03-28T16:00:00+00:00,0.000367420000,8.0
1711670400000,2024-03-29T00:00:00+00:00,0.000450180000,8.0
1711699200000,2024-03-29T08:00:00+00:00,0.000354490000,8.0
1711728000000,2024-03-29T16:00:00+00:00,0.000407730000,8.0
1711756800000,2024-03-30T00:00:00+00:00,0.000523810000,8.0
1711785600000,2024-03-30T08:00:00+00:00,0.000550260000,8.0
1711814400000,2024-03-30T16:00:00+00:00,0.000582110000,8.0
1711843200000,2024-03-31T00:00:00+00:00,0.000445940000,8.0
1711872000000,2024-03-31T08:00:00+00:00,0.000460870000,8.0
1711900800001,2024-03-31T16:00:00.001000+00:00,0.000530150000,8.0
1711929600000,2024-04-01T00:00:00+00:00,0.000834590000,8.0
1711958400000,2024-04-01T08:00:00+00:00,0.000443270000,8.0
1711987200000,2024-04-01T16:00:00+00:00,0.000314290000,8.0
1712016000007,2024-04-02T00:00:00.007000+00:00,0.000158170000,8.0
1712044800015,2024-04-02T08:00:00.015000+00:00,0.000100000000,8.0
1712073600000,2024-04-02T16:00:00+00:00,0.000158930000,8.0
1712102400000,2024-04-03T00:00:00+00:00,0.000109600000,8.0
1712131200000,2024-04-03T08:00:00+00:00,0.000100000000,8.0
1712160000000,2024-04-03T16:00:00+00:00,0.000161540000,8.0
1712188800000,2024-04-04T00:00:00+00:00,0.000100000000,8.0
1712217600000,2024-04-04T08:00:00+00:00,0.000100000000,8.0
1712246400000,2024-04-04T16:00:00+00:00,0.000168150000,8.0
1712275200000,2024-04-05T00:00:00+00:00,0.000100000000,8.0
1712304000000,2024-04-05T08:00:00+00:00,0.000100000000,8.0
1712332800000,2024-04-05T16:00:00+00:00,0.000100000000,8.0
1712361600000,2024-04-06T00:00:00+00:00,0.000100000000,8.0
1712390400000,2024-04-06T08:00:00+00:00,0.000100000000,8.0
1712419200000,2024-04-06T16:00:00+00:00,0.000100000000,8.0
1712448000000,2024-04-07T00:00:00+00:00,0.000100000000,8.0
1712476800000,2024-04-07T08:00:00+00:00,0.000100000000,8.0
1712505600000,2024-04-07T16:00:00+00:00,0.000100000000,8.0
1712534400001,2024-04-08T00:00:00.001000+00:00,0.000139530000,8.0
1712563200000,2024-04-08T08:00:00+00:00,0.000254660000,8.0
1712592000006,2024-04-08T16:00:00.006000+00:00,0.000182340000,8.0
1712620800000,2024-04-09T00:00:00+00:00,0.000135240000,8.0
1712649600001,2024-04-09T08:00:00.001000+00:00,0.000125020000,8.0
1712678400001,2024-04-09T16:00:00.001000+00:00,0.000113970000,8.0
1712707200000,2024-04-10T00:00:00+00:00,0.000365130000,8.0
1712736000001,2024-04-10T08:00:00.001000+00:00,0.000316240000,8.0
1712764800000,2024-04-10T16:00:00+00:00,0.000171630000,8.0
1712793600000,2024-04-11T00:00:00+00:00,0.000273060000,8.0
1712822400000,2024-04-11T08:00:00+00:00,0.000241010000,8.0
1712851200000,2024-04-11T16:00:00+00:00,0.000276760000,8.0
1712880000000,2024-04-12T00:00:00+00:00,0.000265780000,8.0
1712908800001,2024-04-12T08:00:00.001000+00:00,0.000294100000,8.0
1712937600000,2024-04-12T16:00:00+00:00,0.000255960000,8.0
1712966400000,2024-04-13T00:00:00+00:00,0.000100000000,8.0
1712995200000,2024-04-13T08:00:00+00:00,0.000100000000,8.0
1713024000001,2024-04-13T16:00:00.001000+00:00,0.000100000000,8.0
1713052800000,2024-04-14T00:00:00+00:00,0.000100000000,8.0
1713081600000,2024-04-14T08:00:00+00:00,0.000100000000,8.0
1713110400000,2024-04-14T16:00:00+00:00,0.000100000000,8.0
1713139200000,2024-04-15T00:00:00+00:00,0.000096860000,8.0
1713168000001,2024-04-15T08:00:00.001000+00:00,-0.000007580000,8.0
1713196800000,2024-04-15T16:00:00+00:00,0.000063700000,8.0
1713225600001,2024-04-16T00:00:00.001000+00:00,-0.000058150000,8.0
1713254400000,2024-04-16T08:00:00+00:00,0.000044590000,8.0
1713283200000,2024-04-16T16:00:00+00:00,0.000025160000,8.0
1713312000000,2024-04-17T00:00:00+00:00,-0.000025990000,8.0
1713340800000,2024-04-17T08:00:00+00:00,0.000003330000,8.0
1713369600000,2024-04-17T16:00:00+00:00,0.000100000000,8.0
1713398400000,2024-04-18T00:00:00+00:00,0.000068880000,8.0
1713427200000,2024-04-18T08:00:00+00:00,0.000072030000,8.0
1713456000000,2024-04-18T16:00:00+00:00,0.000065900000,8.0
1713484800001,2024-04-19T00:00:00.001000+00:00,-0.000016670000,8.0
1713513600000,2024-04-19T08:00:00+00:00,0.000046800000,8.0
1713542400000,2024-04-19T16:00:00+00:00,0.000020070000,8.0
1713571200000,2024-04-20T00:00:00+00:00,0.000100000000,8.0
1713600000000,2024-04-20T08:00:00+00:00,0.000041840000,8.0
1713628800000,2024-04-20T16:00:00+00:00,0.000065940000,8.0
1713657600000,2024-04-21T00:00:00+00:00,0.000070550000,8.0
1713686400000,2024-04-21T08:00:00+00:00,-0.000029820000,8.0
1713715200000,2024-04-21T16:00:00+00:00,0.000042680000,8.0
1713744000000,2024-04-22T00:00:00+00:00,0.000037350000,8.0
1713772800000,2024-04-22T08:00:00+00:00,0.000085120000,8.0
1713801600000,2024-04-22T16:00:00+00:00,-0.000030180000,8.0
1713830400000,2024-04-23T00:00:00+00:00,-0.000012700000,8.0
1713859200000,2024-04-23T08:00:00+00:00,-0.000042140000,8.0
1713888000001,2024-04-23T16:00:00.001000+00:00,0.000015770000,8.0
1713916800000,2024-04-24T00:00:00+00:00,0.000009770000,8.0
1713945600000,2024-04-24T08:00:00+00:00,0.000006430000,8.0
1713974400000,2024-04-24T16:00:00+00:00,0.000100000000,8.0
1714003200000,2024-04-25T00:00:00+00:00,0.000100000000,8.0
1714032000000,2024-04-25T08:00:00+00:00,0.000022390000,8.0
1714060800010,2024-04-25T16:00:00.010000+00:00,0.000100000000,8.0
1714089600001,2024-04-26T00:00:00.001000+00:00,0.000061640000,8.0
1714118400000,2024-04-26T08:00:00+00:00,0.000084260000,8.0
1714147200000,2024-04-26T16:00:00+00:00,0.000085050000,8.0
1714176000000,2024-04-27T00:00:00+00:00,0.000053840000,8.0
1714204800001,2024-04-27T08:00:00.001000+00:00,-0.000025610000,8.0
1714233600000,2024-04-27T16:00:00+00:00,0.000023580000,8.0
1714262400000,2024-04-28T00:00:00+00:00,0.000027330000,8.0
1714291200000,2024-04-28T08:00:00+00:00,0.000030290000,8.0
1714320000000,2024-04-28T16:00:00+00:00,0.000100000000,8.0
1714348800000,2024-04-29T00:00:00+00:00,0.000100000000,8.0
1714377600000,2024-04-29T08:00:00+00:00,0.000100000000,8.0
1714406400000,2024-04-29T16:00:00+00:00,0.000100000000,8.0
1714435200000,2024-04-30T00:00:00+00:00,0.000063840000,8.0
1714464000000,2024-04-30T08:00:00+00:00,0.000100000000,8.0
1714492800000,2024-04-30T16:00:00+00:00,0.000041020000,8.0
1714521600000,2024-05-01T00:00:00+00:00,-0.000035660000,8.0
1714550400000,2024-05-01T08:00:00+00:00,0.000100000000,8.0
1714579200000,2024-05-01T16:00:00+00:00,0.000091050000,8.0
1714608000000,2024-05-02T00:00:00+00:00,0.000003780000,8.0
1714636800000,2024-05-02T08:00:00+00:00,0.000079510000,8.0
1714665600002,2024-05-02T16:00:00.002000+00:00,0.000034790000,8.0
1714694400000,2024-05-03T00:00:00+00:00,0.000057990000,8.0
1714723200000,2024-05-03T08:00:00+00:00,-0.000053260000,8.0
1714752000000,2024-05-03T16:00:00+00:00,0.000031260000,8.0
1714780800000,2024-05-04T00:00:00+00:00,-0.000087680000,8.0
1714809600000,2024-05-04T08:00:00+00:00,0.000010770000,8.0
1714838400000,2024-05-04T16:00:00+00:00,0.000013090000,8.0
1714867200000,2024-05-05T00:00:00+00:00,0.000056210000,8.0
1714896000000,2024-05-05T08:00:00+00:00,0.000082660000,8.0
1714924800000,2024-05-05T16:00:00+00:00,0.000075480000,8.0
1714953600000,2024-05-06T00:00:00+00:00,0.000058540000,8.0
1714982400000,2024-05-06T08:00:00+00:00,0.000052200000,8.0
1715011200000,2024-05-06T16:00:00+00:00,0.000100000000,8.0
1715040000000,2024-05-07T00:00:00+00:00,0.000077140000,8.0
1715068800000,2024-05-07T08:00:00+00:00,-0.000016980000,8.0
1715097600000,2024-05-07T16:00:00+00:00,0.000025020000,8.0
1715126400000,2024-05-08T00:00:00+00:00,0.000100000000,8.0
1715155200000,2024-05-08T08:00:00+00:00,0.000100000000,8.0
1715184000000,2024-05-08T16:00:00+00:00,0.000100000000,8.0
1715212800000,2024-05-09T00:00:00+00:00,0.000053270000,8.0
1715241600000,2024-05-09T08:00:00+00:00,0.000083350000,8.0
1715270400000,2024-05-09T16:00:00+00:00,0.000076480000,8.0
1715299200000,2024-05-10T00:00:00+00:00,0.000020120000,8.0
1715328000000,2024-05-10T08:00:00+00:00,0.000051560000,8.0
1715356800000,2024-05-10T16:00:00+00:00,0.000100000000,8.0
1715385600000,2024-05-11T00:00:00+00:00,0.000047340000,8.0
1715414400000,2024-05-11T08:00:00+00:00,0.000094450000,8.0
1715443200000,2024-05-11T16:00:00+00:00,0.000050960000,8.0
1715472000000,2024-05-12T00:00:00+00:00,0.000046130000,8.0
1715500800000,2024-05-12T08:00:00+00:00,0.000029000000,8.0
1715529600000,2024-05-12T16:00:00+00:00,0.000060710000,8.0
1715558400001,2024-05-13T00:00:00.001000+00:00,-0.000007240000,8.0
1715587200001,2024-05-13T08:00:00.001000+00:00,0.000100000000,8.0
1715616000000,2024-05-13T16:00:00+00:00,0.000097780000,8.0
1715644800000,2024-05-14T00:00:00+00:00,0.000100000000,8.0
1715673600000,2024-05-14T08:00:00+00:00,0.000089690000,8.0
1715702400000,2024-05-14T16:00:00+00:00,0.000045640000,8.0
1715731200000,2024-05-15T00:00:00+00:00,0.000017380000,8.0
1715760000000,2024-05-15T08:00:00+00:00,0.000018950000,8.0
1715788800000,2024-05-15T16:00:00+00:00,0.000083600000,8.0
1715817600004,2024-05-16T00:00:00.004000+00:00,0.000100000000,8.0
1715846400000,2024-05-16T08:00:00+00:00,0.000100000000,8.0
1715875200000,2024-05-16T16:00:00+00:00,0.000100000000,8.0
1715904000000,2024-05-17T00:00:00+00:00,0.000074500000,8.0
1715932800000,2024-05-17T08:00:00+00:00,0.000033610000,8.0
1715961600000,2024-05-17T16:00:00+00:00,0.000041120000,8.0
1715990400000,2024-05-18T00:00:00+00:00,0.000042080000,8.0
1716019200000,2024-05-18T08:00:00+00:00,0.000028830000,8.0
1716048000000,2024-05-18T16:00:00+00:00,0.000068930000,8.0
1716076800000,2024-05-19T00:00:00+00:00,0.000037990000,8.0
1716105600000,2024-05-19T08:00:00+00:00,0.000018750000,8.0
1716134400000,2024-05-19T16:00:00+00:00,0.000087950000,8.0
1716163200000,2024-05-20T00:00:00+00:00,0.000100000000,8.0
1716192000000,2024-05-20T08:00:00+00:00,0.000100000000,8.0
1716220800003,2024-05-20T16:00:00.003000+00:00,0.000067620000,8.0
1716249600000,2024-05-21T00:00:00+00:00,0.000100000000,8.0
1716278400001,2024-05-21T08:00:00.001000+00:00,0.000100000000,8.0
1716307200000,2024-05-21T16:00:00+00:00,0.000100000000,8.0
1716336000000,2024-05-22T00:00:00+00:00,0.000100000000,8.0
1716364800000,2024-05-22T08:00:00+00:00,0.000100000000,8.0
1716393600000,2024-05-22T16:00:00+00:00,0.000100000000,8.0
1716422400000,2024-05-23T00:00:00+00:00,0.000100000000,8.0
1716451200000,2024-05-23T08:00:00+00:00,0.000100000000,8.0
1716480000000,2024-05-23T16:00:00+00:00,0.000100000000,8.0
1716508800000,2024-05-24T00:00:00+00:00,0.000100000000,8.0
1716537600000,2024-05-24T08:00:00+00:00,0.000100000000,8.0
1716566400000,2024-05-24T16:00:00+00:00,0.000100000000,8.0
1716595200000,2024-05-25T00:00:00+00:00,0.000100000000,8.0
1716624000000,2024-05-25T08:00:00+00:00,0.000100000000,8.0
1716652800000,2024-05-25T16:00:00+00:00,0.000100000000,8.0
1716681600000,2024-05-26T00:00:00+00:00,0.000100000000,8.0
1716710400000,2024-05-26T08:00:00+00:00,0.000100000000,8.0
1716739200000,2024-05-26T16:00:00+00:00,0.000100000000,8.0
1716768000000,2024-05-27T00:00:00+00:00,0.000100000000,8.0
1716796800000,2024-05-27T08:00:00+00:00,0.000100000000,8.0
1716825600000,2024-05-27T16:00:00+00:00,0.000100000000,8.0
1716854400000,2024-05-28T00:00:00+00:00,0.000100000000,8.0
1716883200000,2024-05-28T08:00:00+00:00,0.000100000000,8.0
1716912000000,2024-05-28T16:00:00+00:00,0.000141290000,8.0
1716940800001,2024-05-29T00:00:00.001000+00:00,0.000185290000,8.0
1716969600000,2024-05-29T08:00:00+00:00,0.000137290000,8.0
1716998400000,2024-05-29T16:00:00+00:00,0.000100000000,8.0
1717027200000,2024-05-30T00:00:00+00:00,0.000100000000,8.0
1717056000000,2024-05-30T08:00:00+00:00,0.000100000000,8.0
1717084800000,2024-05-30T16:00:00+00:00,0.000100000000,8.0
1717113600000,2024-05-31T00:00:00+00:00,0.000100000000,8.0
1717142400000,2024-05-31T08:00:00+00:00,0.000100000000,8.0
1717171200000,2024-05-31T16:00:00+00:00,0.000100000000,8.0
1717200000000,2024-06-01T00:00:00+00:00,0.000160810000,8.0
1717228800000,2024-06-01T08:00:00+00:00,0.000117640000,8.0
1717257600001,2024-06-01T16:00:00.001000+00:00,0.000109810000,8.0
1717286400000,2024-06-02T00:00:00+00:00,0.000166840000,8.0
1717315200000,2024-06-02T08:00:00+00:00,0.000100000000,8.0
1717344000000,2024-06-02T16:00:00+00:00,0.000100000000,8.0
1717372800000,2024-06-03T00:00:00+00:00,0.000121570000,8.0
1717401600000,2024-06-03T08:00:00+00:00,0.000108320000,8.0
1717430400000,2024-06-03T16:00:00+00:00,0.000113230000,8.0
1717459200000,2024-06-04T00:00:00+00:00,0.000154970000,8.0
1717488000000,2024-06-04T08:00:00+00:00,0.000132820000,8.0
1717516800000,2024-06-04T16:00:00+00:00,0.000163380000,8.0
1717545600000,2024-06-05T00:00:00+00:00,0.000210450000,8.0
1717574400000,2024-06-05T08:00:00+00:00,0.000238990000,8.0
1717603200000,2024-06-05T16:00:00+00:00,0.000218420000,8.0
1717632000000,2024-06-06T00:00:00+00:00,0.000161930000,8.0
1717660800008,2024-06-06T08:00:00.008000+00:00,0.000202550000,8.0
1717689600000,2024-06-06T16:00:00+00:00,0.000207580000,8.0
1717718400000,2024-06-07T00:00:00+00:00,0.000100000000,8.0
1717747200000,2024-06-07T08:00:00+00:00,0.000164180000,8.0
1717776000000,2024-06-07T16:00:00+00:00,0.000169800000,8.0
1717804800000,2024-06-08T00:00:00+00:00,0.000100000000,8.0
1717833600000,2024-06-08T08:00:00+00:00,0.000100000000,8.0
1717862400000,2024-06-08T16:00:00+00:00,0.000100000000,8.0
1717891200000,2024-06-09T00:00:00+00:00,0.000100000000,8.0
1717920000000,2024-06-09T08:00:00+00:00,0.000100000000,8.0
1717948800001,2024-06-09T16:00:00.001000+00:00,0.000100000000,8.0
1717977600000,2024-06-10T00:00:00+00:00,0.000100000000,8.0
1718006400000,2024-06-10T08:00:00+00:00,0.000100000000,8.0
1718035200001,2024-06-10T16:00:00.001000+00:00,0.000100000000,8.0
1718064000001,2024-06-11T00:00:00.001000+00:00,0.000100000000,8.0
1718092800000,2024-06-11T08:00:00+00:00,0.000100000000,8.0
1718121600000,2024-06-11T16:00:00+00:00,0.000100000000,8.0
1718150400000,2024-06-12T00:00:00+00:00,0.000100000000,8.0
1718179200000,2024-06-12T08:00:00+00:00,0.000100000000,8.0
1718208000000,2024-06-12T16:00:00+00:00,0.000100000000,8.0
1718236800000,2024-06-13T00:00:00+00:00,0.000100000000,8.0
1718265600001,2024-06-13T08:00:00.001000+00:00,0.000100000000,8.0
1718294400000,2024-06-13T16:00:00+00:00,0.000100000000,8.0
1718323200000,2024-06-14T00:00:00+00:00,0.000100000000,8.0
1718352000000,2024-06-14T08:00:00+00:00,0.000082770000,8.0
1718380800000,2024-06-14T16:00:00+00:00,0.000098970000,8.0
1718409600000,2024-06-15T00:00:00+00:00,0.000100000000,8.0
1718438400000,2024-06-15T08:00:00+00:00,0.000100000000,8.0
1718467200000,2024-06-15T16:00:00+00:00,0.000100000000,8.0
1718496000001,2024-06-16T00:00:00.001000+00:00,0.000100000000,8.0
1718524800000,2024-06-16T08:00:00+00:00,0.000100000000,8.0
1718553600000,2024-06-16T16:00:00+00:00,0.000031920000,8.0
1718582400000,2024-06-17T00:00:00+00:00,0.000100000000,8.0
1718611200000,2024-06-17T08:00:00+00:00,0.000100000000,8.0
1718640000000,2024-06-17T16:00:00+00:00,0.000071610000,8.0
1718668800000,2024-06-18T00:00:00+00:00,0.000075920000,8.0
1718697600000,2024-06-18T08:00:00+00:00,-0.000088490000,8.0
1718726400000,2024-06-18T16:00:00+00:00,0.000100000000,8.0
1718755200001,2024-06-19T00:00:00.001000+00:00,0.000100000000,8.0
1718784000001,2024-06-19T08:00:00.001000+00:00,0.000041030000,8.0
1718812800000,2024-06-19T16:00:00+00:00,0.000069960000,8.0
1718841600000,2024-06-20T00:00:00+00:00,0.000073410000,8.0
1718870400000,2024-06-20T08:00:00+00:00,0.000011750000,8.0
1718899200000,2024-06-20T16:00:00+00:00,-0.000026050000,8.0
1718928000000,2024-06-21T00:00:00+00:00,0.000008760000,8.0
1718956800000,2024-06-21T08:00:00+00:00,0.000044540000,8.0
1718985600000,2024-06-21T16:00:00+00:00,0.000041110000,8.0
1719014400000,2024-06-22T00:00:00+00:00,0.000070600000,8.0
1719043200000,2024-06-22T08:00:00+00:00,-0.000023620000,8.0
1719072000000,2024-06-22T16:00:00+00:00,0.000100000000,8.0
1719100800000,2024-06-23T00:00:00+00:00,0.000078460000,8.0
1719129600000,2024-06-23T08:00:00+00:00,0.000039330000,8.0
1719158400000,2024-06-23T16:00:00+00:00,0.000041310000,8.0
1719187200002,2024-06-24T00:00:00.002000+00:00,0.000100000000,8.0
1719216000000,2024-06-24T08:00:00+00:00,0.000033180000,8.0
1719244800000,2024-06-24T16:00:00+00:00,0.000028720000,8.0
1719273600000,2024-06-25T00:00:00+00:00,0.000011820000,8.0
1719302400000,2024-06-25T08:00:00+00:00,-0.000032280000,8.0
1719331200000,2024-06-25T16:00:00+00:00,0.000082550000,8.0
1719360000002,2024-06-26T00:00:00.002000+00:00,0.000100000000,8.0
1719388800000,2024-06-26T08:00:00+00:00,0.000100000000,8.0
1719417600000,2024-06-26T16:00:00+00:00,0.000100000000,8.0
1719446400000,2024-06-27T00:00:00+00:00,0.000100000000,8.0
1719475200001,2024-06-27T08:00:00.001000+00:00,0.000100000000,8.0
1719504000000,2024-06-27T16:00:00+00:00,0.000100000000,8.0
1719532800000,2024-06-28T00:00:00+00:00,0.000100000000,8.0
1719561600000,2024-06-28T08:00:00+00:00,0.000087070000,8.0
1719590400000,2024-06-28T16:00:00+00:00,0.000092860000,8.0
1719619200001,2024-06-29T00:00:00.001000+00:00,0.000100000000,8.0
1719648000000,2024-06-29T08:00:00+00:00,0.000100000000,8.0
1719676800000,2024-06-29T16:00:00+00:00,0.000100000000,8.0
1719705600000,2024-06-30T00:00:00+00:00,0.000100000000,8.0
1719734400000,2024-06-30T08:00:00+00:00,0.000100000000,8.0
1719763200000,2024-06-30T16:00:00+00:00,0.000100000000,8.0
1719792000000,2024-07-01T00:00:00+00:00,0.000087340000,8.0
1719820800000,2024-07-01T08:00:00+00:00,0.000058160000,8.0
1719849600001,2024-07-01T16:00:00.001000+00:00,0.000100000000,8.0
1719878400000,2024-07-02T00:00:00+00:00,0.000100000000,8.0
1719907200000,2024-07-02T08:00:00+00:00,0.000075760000,8.0
1719936000000,2024-07-02T16:00:00+00:00,0.000027590000,8.0
1719964800000,2024-07-03T00:00:00+00:00,0.000100000000,8.0
1719993600001,2024-07-03T08:00:00.001000+00:00,0.000100000000,8.0
1720022400000,2024-07-03T16:00:00+00:00,0.000100000000,8.0
1720051200000,2024-07-04T00:00:00+00:00,0.000100000000,8.0
1720080000000,2024-07-04T08:00:00+00:00,0.000088770000,8.0
1720108800000,2024-07-04T16:00:00+00:00,0.000049700000,8.0
1720137600000,2024-07-05T00:00:00+00:00,-0.000009470000,8.0
1720166400000,2024-07-05T08:00:00+00:00,0.000052100000,8.0
1720195200000,2024-07-05T16:00:00+00:00,-0.000113900000,8.0
1720224000000,2024-07-06T00:00:00+00:00,0.000073500000,8.0
1720252800000,2024-07-06T08:00:00+00:00,0.000042650000,8.0
1720281600000,2024-07-06T16:00:00+00:00,-0.000129920000,8.0
1720310400001,2024-07-07T00:00:00.001000+00:00,0.000003520000,8.0
1720339200000,2024-07-07T08:00:00+00:00,0.000100000000,8.0
1720368000000,2024-07-07T16:00:00+00:00,0.000100000000,8.0
1720396800000,2024-07-08T00:00:00+00:00,0.000100000000,8.0
1720425600000,2024-07-08T08:00:00+00:00,-0.000056290000,8.0
1720454400000,2024-07-08T16:00:00+00:00,0.000100000000,8.0
1720483200000,2024-07-09T00:00:00+00:00,0.000100000000,8.0
1720512000001,2024-07-09T08:00:00.001000+00:00,0.000056020000,8.0
1720540800000,2024-07-09T16:00:00+00:00,0.000042200000,8.0
1720569600000,2024-07-10T00:00:00+00:00,0.000087800000,8.0
1720598400000,2024-07-10T08:00:00+00:00,0.000089610000,8.0
1720627200000,2024-07-10T16:00:00+00:00,0.000074060000,8.0
1720656000002,2024-07-11T00:00:00.002000+00:00,0.000100000000,8.0
1720684800002,2024-07-11T08:00:00.002000+00:00,0.000022050000,8.0
1720713600004,2024-07-11T16:00:00.004000+00:00,-0.000014330000,8.0
1720742400000,2024-07-12T00:00:00+00:00,0.000100000000,8.0
1720771200000,2024-07-12T08:00:00+00:00,0.000045660000,8.0
1720800000000,2024-07-12T16:00:00+00:00,-0.000010790000,8.0
1720828800000,2024-07-13T00:00:00+00:00,0.000016680000,8.0
1720857600000,2024-07-13T08:00:00+00:00,0.000083260000,8.0
1720886400000,2024-07-13T16:00:00+00:00,0.000040630000,8.0
1720915200000,2024-07-14T00:00:00+00:00,0.000081160000,8.0
1720944000000,2024-07-14T08:00:00+00:00,0.000040700000,8.0
1720972800000,2024-07-14T16:00:00+00:00,0.000020060000,8.0
1721001600000,2024-07-15T00:00:00+00:00,-0.000010380000,8.0
1721030400000,2024-07-15T08:00:00+00:00,0.000024020000,8.0
1721059200000,2024-07-15T16:00:00+00:00,0.000038100000,8.0
1721088000000,2024-07-16T00:00:00+00:00,-0.000037590000,8.0
1721116800000,2024-07-16T08:00:00+00:00,0.000100000000,8.0
1721145600000,2024-07-16T16:00:00+00:00,0.000077740000,8.0
1721174400000,2024-07-17T00:00:00+00:00,0.000100000000,8.0
1721203200001,2024-07-17T08:00:00.001000+00:00,0.000050830000,8.0
1721232000000,2024-07-17T16:00:00+00:00,0.000100000000,8.0
1721260800000,2024-07-18T00:00:00+00:00,0.000064640000,8.0
1721289600000,2024-07-18T08:00:00+00:00,0.000084110000,8.0
1721318400000,2024-07-18T16:00:00+00:00,0.000100000000,8.0
1721347200000,2024-07-19T00:00:00+00:00,0.000073660000,8.0
1721376000000,2024-07-19T08:00:00+00:00,0.000100000000,8.0
1721404800000,2024-07-19T16:00:00+00:00,0.000051280000,8.0
1721433600001,2024-07-20T00:00:00.001000+00:00,0.000100000000,8.0
1721462400000,2024-07-20T08:00:00+00:00,0.000023790000,8.0
1721491200000,2024-07-20T16:00:00+00:00,0.000003050000,8.0
1721520000000,2024-07-21T00:00:00+00:00,0.000100000000,8.0
1721548800000,2024-07-21T08:00:00+00:00,0.000100000000,8.0
1721577600000,2024-07-21T16:00:00+00:00,0.000054630000,8.0
1721606400000,2024-07-22T00:00:00+00:00,0.000100000000,8.0
1721635200000,2024-07-22T08:00:00+00:00,0.000100000000,8.0
1721664000000,2024-07-22T16:00:00+00:00,0.000071050000,8.0
1721692800000,2024-07-23T00:00:00+00:00,0.000100000000,8.0
1721721600000,2024-07-23T08:00:00+00:00,0.000100000000,8.0
1721750400000,2024-07-23T16:00:00+00:00,0.000100000000,8.0
1721779200000,2024-07-24T00:00:00+00:00,0.000045840000,8.0
1721808000000,2024-07-24T08:00:00+00:00,0.000100000000,8.0
1721836800000,2024-07-24T16:00:00+00:00,0.000071200000,8.0
1721865600000,2024-07-25T00:00:00+00:00,0.000080910000,8.0
1721894400000,2024-07-25T08:00:00+00:00,0.000098130000,8.0
1721923200000,2024-07-25T16:00:00+00:00,0.000078410000,8.0
1721952000000,2024-07-26T00:00:00+00:00,0.000074830000,8.0
1721980800000,2024-07-26T08:00:00+00:00,0.000032350000,8.0
1722009600000,2024-07-26T16:00:00+00:00,0.000061430000,8.0
1722038400000,2024-07-27T00:00:00+00:00,0.000047600000,8.0
1722067200000,2024-07-27T08:00:00+00:00,0.000034110000,8.0
1722096000000,2024-07-27T16:00:00+00:00,0.000087050000,8.0
1722124800000,2024-07-28T00:00:00+00:00,0.000100000000,8.0
1722153600000,2024-07-28T08:00:00+00:00,0.000100000000,8.0
1722182400001,2024-07-28T16:00:00.001000+00:00,0.000089320000,8.0
1722211200001,2024-07-29T00:00:00.001000+00:00,0.000036940000,8.0
1722240000000,2024-07-29T08:00:00+00:00,0.000100000000,8.0
1722268800001,2024-07-29T16:00:00.001000+00:00,0.000100000000,8.0
1722297600000,2024-07-30T00:00:00+00:00,0.000077830000,8.0
1722326400001,2024-07-30T08:00:00.001000+00:00,0.000100000000,8.0
1722355200000,2024-07-30T16:00:00+00:00,0.000100000000,8.0
1722384000000,2024-07-31T00:00:00+00:00,0.000031840000,8.0
1722412800000,2024-07-31T08:00:00+00:00,0.000077430000,8.0
1722441600000,2024-07-31T16:00:00+00:00,0.000089310000,8.0
1722470400000,2024-08-01T00:00:00+00:00,0.000092910000,8.0
1722499200000,2024-08-01T08:00:00+00:00,0.000100000000,8.0
1722528000000,2024-08-01T16:00:00+00:00,0.000100000000,8.0
1722556800000,2024-08-02T00:00:00+00:00,0.000036390000,8.0
1722585600001,2024-08-02T08:00:00.001000+00:00,0.000100000000,8.0
1722614400000,2024-08-02T16:00:00+00:00,0.000100000000,8.0
1722643200000,2024-08-03T00:00:00+00:00,0.000098020000,8.0
1722672000000,2024-08-03T08:00:00+00:00,0.000100000000,8.0
1722700800001,2024-08-03T16:00:00.001000+00:00,0.000080730000,8.0
1722729600000,2024-08-04T00:00:00+00:00,-0.000017480000,8.0
1722758400000,2024-08-04T08:00:00+00:00,0.000088710000,8.0
1722787200000,2024-08-04T16:00:00+00:00,0.000042240000,8.0
1722816000000,2024-08-05T00:00:00+00:00,0.000062110000,8.0
1722844800000,2024-08-05T08:00:00+00:00,-0.000007570000,8.0
1722873600000,2024-08-05T16:00:00+00:00,0.000004630000,8.0
1722902400000,2024-08-06T00:00:00+00:00,0.000080190000,8.0
1722931200000,2024-08-06T08:00:00+00:00,-0.000052580000,8.0
1722960000000,2024-08-06T16:00:00+00:00,-0.000003230000,8.0
1722988800000,2024-08-07T00:00:00+00:00,0.000023370000,8.0
1723017600001,2024-08-07T08:00:00.001000+00:00,-0.000080860000,8.0
1723046400000,2024-08-07T16:00:00+00:00,0.000017450000,8.0
1723075200001,2024-08-08T00:00:00.001000+00:00,0.000071410000,8.0
1723104000000,2024-08-08T08:00:00+00:00,0.000025230000,8.0
1723132800000,2024-08-08T16:00:00+00:00,-0.000029410000,8.0
1723161600000,2024-08-09T00:00:00+00:00,0.000031480000,8.0
1723190400000,2024-08-09T08:00:00+00:00,0.000015750000,8.0
1723219200000,2024-08-09T16:00:00+00:00,0.000026420000,8.0
1723248000000,2024-08-10T00:00:00+00:00,-0.000066210000,8.0
1723276800000,2024-08-10T08:00:00+00:00,0.000042850000,8.0
1723305600000,2024-08-10T16:00:00+00:00,0.000051460000,8.0
1723334400000,2024-08-11T00:00:00+00:00,-0.000038890000,8.0
1723363200000,2024-08-11T08:00:00+00:00,-0.000016200000,8.0
1723392000001,2024-08-11T16:00:00.001000+00:00,0.000028940000,8.0
1723420800000,2024-08-12T00:00:00+00:00,0.000099030000,8.0
1723449600000,2024-08-12T08:00:00+00:00,0.000006880000,8.0
1723478400000,2024-08-12T16:00:00+00:00,-0.000009320000,8.0
1723507200000,2024-08-13T00:00:00+00:00,-0.000006200000,8.0
1723536000000,2024-08-13T08:00:00+00:00,0.000054920000,8.0
1723564800000,2024-08-13T16:00:00+00:00,0.000083640000,8.0
1723593600000,2024-08-14T00:00:00+00:00,-0.000000100000,8.0
1723622400000,2024-08-14T08:00:00+00:00,0.000026440000,8.0
1723651200000,2024-08-14T16:00:00+00:00,0.000008210000,8.0
1723680000000,2024-08-15T00:00:00+00:00,0.000005880000,8.0
1723708800000,2024-08-15T08:00:00+00:00,0.000044030000,8.0
1723737600000,2024-08-15T16:00:00+00:00,-0.000027640000,8.0
1723766400000,2024-08-16T00:00:00+00:00,-0.000065920000,8.0
1723795200000,2024-08-16T08:00:00+00:00,0.000025720000,8.0
1723824000000,2024-08-16T16:00:00+00:00,-0.000034070000,8.0
1723852800000,2024-08-17T00:00:00+00:00,0.000020010000,8.0
1723881600000,2024-08-17T08:00:00+00:00,-0.000012800000,8.0
1723910400000,2024-08-17T16:00:00+00:00,-0.000007030000,8.0
1723939200000,2024-08-18T00:00:00+00:00,0.000004550000,8.0
1723968000000,2024-08-18T08:00:00+00:00,-0.000020190000,8.0
1723996800000,2024-08-18T16:00:00+00:00,-0.000102890000,8.0
1724025600000,2024-08-19T00:00:00+00:00,0.000018620000,8.0
1724054400000,2024-08-19T08:00:00+00:00,-0.000009280000,8.0
1724083200002,2024-08-19T16:00:00.002000+00:00,0.000058540000,8.0
1724112000000,2024-08-20T00:00:00+00:00,0.000038390000,8.0
1724140800000,2024-08-20T08:00:00+00:00,-0.000029600000,8.0
1724169600001,2024-08-20T16:00:00.001000+00:00,-0.000038070000,8.0
1724198400001,2024-08-21T00:00:00.001000+00:00,0.000027030000,8.0
1724227200000,2024-08-21T08:00:00+00:00,0.000008620000,8.0
1724256000001,2024-08-21T16:00:00.001000+00:00,-0.000015530000,8.0
1724284800000,2024-08-22T00:00:00+00:00,0.000006110000,8.0
1724313600000,2024-08-22T08:00:00+00:00,0.000068440000,8.0
1724342400008,2024-08-22T16:00:00.008000+00:00,0.000029360000,8.0
1724371200000,2024-08-23T00:00:00+00:00,0.000045560000,8.0
1724400000000,2024-08-23T08:00:00+00:00,0.000040500000,8.0
1724428800000,2024-08-23T16:00:00+00:00,-0.000046480000,8.0
1724457600000,2024-08-24T00:00:00+00:00,0.000071010000,8.0
1724486400005,2024-08-24T08:00:00.005000+00:00,0.000020460000,8.0
1724515200000,2024-08-24T16:00:00+00:00,0.000062320000,8.0
1724544000000,2024-08-25T00:00:00+00:00,0.000097630000,8.0
1724572800000,2024-08-25T08:00:00+00:00,0.000100000000,8.0
1724601600000,2024-08-25T16:00:00+00:00,-0.000013380000,8.0
1724630400000,2024-08-26T00:00:00+00:00,0.000010480000,8.0
1724659200001,2024-08-26T08:00:00.001000+00:00,0.000100000000,8.0
1724688000000,2024-08-26T16:00:00+00:00,0.000020540000,8.0
1724716800001,2024-08-27T00:00:00.001000+00:00,0.000100000000,8.0
1724745600000,2024-08-27T08:00:00+00:00,0.000044020000,8.0
1724774400000,2024-08-27T16:00:00+00:00,0.000059090000,8.0
1724803200000,2024-08-28T00:00:00+00:00,-0.000017790000,8.0
1724832000000,2024-08-28T08:00:00+00:00,0.000017530000,8.0
1724860800001,2024-08-28T16:00:00.001000+00:00,0.000027180000,8.0
1724889600000,2024-08-29T00:00:00+00:00,-0.000017230000,8.0
1724918400001,2024-08-29T08:00:00.001000+00:00,-0.000086390000,8.0
1724947200000,2024-08-29T16:00:00+00:00,-0.000097110000,8.0
1724976000000,2024-08-30T00:00:00+00:00,-0.000038910000,8.0
1725004800000,2024-08-30T08:00:00+00:00,0.000031150000,8.0
1725033600000,2024-08-30T16:00:00+00:00,-0.000056900000,8.0
1725062400000,2024-08-31T00:00:00+00:00,-0.000062390000,8.0
1725091200000,2024-08-31T08:00:00+00:00,0.000049000000,8.0
1725120000000,2024-08-31T16:00:00+00:00,0.000018530000,8.0
1725148800000,2024-09-01T00:00:00+00:00,-0.000009590000,8.0
1725177600001,2024-09-01T08:00:00.001000+00:00,-0.000026310000,8.0
1725206400000,2024-09-01T16:00:00+00:00,-0.000028770000,8.0
1725235200001,2024-09-02T00:00:00.001000+00:00,-0.000044260000,8.0
1725264000001,2024-09-02T08:00:00.001000+00:00,0.000005210000,8.0
1725292800000,2024-09-02T16:00:00+00:00,-0.000055560000,8.0
1725321600000,2024-09-03T00:00:00+00:00,-0.000082880000,8.0
1725350400001,2024-09-03T08:00:00.001000+00:00,0.000034410000,8.0
1725379200000,2024-09-03T16:00:00+00:00,0.000053620000,8.0
1725408000000,2024-09-04T00:00:00+00:00,0.000089040000,8.0
1725436800000,2024-09-04T08:00:00+00:00,-0.000013000000,8.0
1725465600000,2024-09-04T16:00:00+00:00,0.000035610000,8.0
1725494400000,2024-09-05T00:00:00+00:00,0.000066590000,8.0
1725523200000,2024-09-05T08:00:00+00:00,0.000051230000,8.0
1725552000005,2024-09-05T16:00:00.005000+00:00,0.000015220000,8.0
1725580800000,2024-09-06T00:00:00+00:00,0.000056780000,8.0
1725609600001,2024-09-06T08:00:00.001000+00:00,0.000040470000,8.0
1725638400000,2024-09-06T16:00:00+00:00,-0.000013240000,8.0
1725667200000,2024-09-07T00:00:00+00:00,-0.000022250000,8.0
1725696000000,2024-09-07T08:00:00+00:00,-0.000023170000,8.0
1725724800000,2024-09-07T16:00:00+00:00,0.000005990000,8.0
1725753600000,2024-09-08T00:00:00+00:00,0.000081480000,8.0
1725782400000,2024-09-08T08:00:00+00:00,0.000062640000,8.0
1725811200000,2024-09-08T16:00:00+00:00,0.000064120000,8.0
1725840000000,2024-09-09T00:00:00+00:00,0.000039660000,8.0
1725868800000,2024-09-09T08:00:00+00:00,-0.000055640000,8.0
1725897600001,2024-09-09T16:00:00.001000+00:00,-0.000047940000,8.0
1725926400000,2024-09-10T00:00:00+00:00,0.000095870000,8.0
1725955200000,2024-09-10T08:00:00+00:00,-0.000016720000,8.0
1725984000000,2024-09-10T16:00:00+00:00,0.000023490000,8.0
1726012800000,2024-09-11T00:00:00+00:00,-0.000066170000,8.0
1726041600000,2024-09-11T08:00:00+00:00,-0.000018130000,8.0
1726070400000,2024-09-11T16:00:00+00:00,-0.000020410000,8.0
1726099200000,2024-09-12T00:00:00+00:00,-0.000028100000,8.0
1726128000000,2024-09-12T08:00:00+00:00,-0.000008600000,8.0
1726156800000,2024-09-12T16:00:00+00:00,0.000013200000,8.0
1726185600000,2024-09-13T00:00:00+00:00,0.000026380000,8.0
1726214400001,2024-09-13T08:00:00.001000+00:00,0.000017560000,8.0
1726243200001,2024-09-13T16:00:00.001000+00:00,0.000017980000,8.0
1726272000000,2024-09-14T00:00:00+00:00,-0.000001200000,8.0
1726300800000,2024-09-14T08:00:00+00:00,0.000032070000,8.0
1726329600001,2024-09-14T16:00:00.001000+00:00,0.000005550000,8.0
1726358400000,2024-09-15T00:00:00+00:00,0.000014010000,8.0
1726387200000,2024-09-15T08:00:00+00:00,0.000001070000,8.0
1726416000000,2024-09-15T16:00:00+00:00,0.000012780000,8.0
1726444800000,2024-09-16T00:00:00+00:00,0.000018920000,8.0
1726473600001,2024-09-16T08:00:00.001000+00:00,-0.000052180000,8.0
1726502400000,2024-09-16T16:00:00+00:00,0.000071640000,8.0
1726531200001,2024-09-17T00:00:00.001000+00:00,0.000100000000,8.0
1726560000000,2024-09-17T08:00:00+00:00,0.000022060000,8.0
1726588800000,2024-09-17T16:00:00+00:00,0.000021530000,8.0
1726617600000,2024-09-18T00:00:00+00:00,-0.000001610000,8.0
1726646400000,2024-09-18T08:00:00+00:00,-0.000037920000,8.0
1726675200004,2024-09-18T16:00:00.004000+00:00,0.000023540000,8.0
1726704000000,2024-09-19T00:00:00+00:00,0.000064230000,8.0
1726732800000,2024-09-19T08:00:00+00:00,0.000087710000,8.0
1726761600001,2024-09-19T16:00:00.001000+00:00,0.000014740000,8.0
1726790400000,2024-09-20T00:00:00+00:00,0.000100000000,8.0
1726819200001,2024-09-20T08:00:00.001000+00:00,0.000100000000,8.0
1726848000000,2024-09-20T16:00:00+00:00,0.000100000000,8.0
1726876800001,2024-09-21T00:00:00.001000+00:00,0.000100000000,8.0
1726905600000,2024-09-21T08:00:00+00:00,0.000100000000,8.0
1726934400000,2024-09-21T16:00:00+00:00,0.000040740000,8.0
1726963200000,2024-09-22T00:00:00+00:00,0.000100000000,8.0
1726992000000,2024-09-22T08:00:00+00:00,0.000075870000,8.0
1727020800000,2024-09-22T16:00:00+00:00,0.000019790000,8.0
1727049600000,2024-09-23T00:00:00+00:00,-0.000044010000,8.0
1727078400000,2024-09-23T08:00:00+00:00,0.000055450000,8.0
1727107200000,2024-09-23T16:00:00+00:00,-0.000026120000,8.0
1727136000000,2024-09-24T00:00:00+00:00,0.000048270000,8.0
1727164800000,2024-09-24T08:00:00+00:00,0.000069200000,8.0
1727193600001,2024-09-24T16:00:00.001000+00:00,0.000005570000,8.0
1727222400000,2024-09-25T00:00:00+00:00,0.000100000000,8.0
1727251200003,2024-09-25T08:00:00.003000+00:00,0.000100000000,8.0
1727280000000,2024-09-25T16:00:00+00:00,0.000057830000,8.0
1727308800005,2024-09-26T00:00:00.005000+00:00,0.000036160000,8.0
1727337600000,2024-09-26T08:00:00+00:00,0.000066970000,8.0
1727366400000,2024-09-26T16:00:00+00:00,0.000100000000,8.0
1727395200000,2024-09-27T00:00:00+00:00,0.000100000000,8.0
1727424000000,2024-09-27T08:00:00+00:00,0.000009810000,8.0
1727452800000,2024-09-27T16:00:00+00:00,0.000100000000,8.0
1727481600000,2024-09-28T00:00:00+00:00,0.000100000000,8.0
1727510400001,2024-09-28T08:00:00.001000+00:00,0.000098000000,8.0
1727539200000,2024-09-28T16:00:00+00:00,0.000100000000,8.0
1727568000001,2024-09-29T00:00:00.001000+00:00,0.000093140000,8.0
1727596800000,2024-09-29T08:00:00+00:00,0.000100000000,8.0
1727625600000,2024-09-29T16:00:00+00:00,0.000100000000,8.0
1727654400000,2024-09-30T00:00:00+00:00,0.000100000000,8.0
1727683200001,2024-09-30T08:00:00.001000+00:00,0.000100000000,8.0
1727712000000,2024-09-30T16:00:00+00:00,0.000100000000,8.0
1727740800000,2024-10-01T00:00:00+00:00,0.000100000000,8.0
1727769600000,2024-10-01T08:00:00+00:00,0.000100000000,8.0
1727798400001,2024-10-01T16:00:00.001000+00:00,0.000100000000,8.0
1727827200000,2024-10-02T00:00:00+00:00,0.000100000000,8.0
1727856000000,2024-10-02T08:00:00+00:00,0.000013060000,8.0
1727884800000,2024-10-02T16:00:00+00:00,0.000070120000,8.0
1727913600000,2024-10-03T00:00:00+00:00,0.000001070000,8.0
1727942400000,2024-10-03T08:00:00+00:00,0.000051380000,8.0
1727971200000,2024-10-03T16:00:00+00:00,-0.000003810000,8.0
1728000000000,2024-10-04T00:00:00+00:00,0.000037150000,8.0
1728028800000,2024-10-04T08:00:00+00:00,-0.000049390000,8.0
1728057600001,2024-10-04T16:00:00.001000+00:00,0.000005240000,8.0
1728086400000,2024-10-05T00:00:00+00:00,0.000058180000,8.0
1728115200000,2024-10-05T08:00:00+00:00,0.000095020000,8.0
1728144000000,2024-10-05T16:00:00+00:00,0.000004490000,8.0
1728172800000,2024-10-06T00:00:00+00:00,0.000100000000,8.0
1728201600001,2024-10-06T08:00:00.001000+00:00,0.000100000000,8.0
1728230400000,2024-10-06T16:00:00+00:00,0.000035070000,8.0
1728259200000,2024-10-07T00:00:00+00:00,0.000039730000,8.0
1728288000000,2024-10-07T08:00:00+00:00,0.000075430000,8.0
1728316800001,2024-10-07T16:00:00.001000+00:00,0.000005430000,8.0
1728345600000,2024-10-08T00:00:00+00:00,0.000000390000,8.0
1728374400000,2024-10-08T08:00:00+00:00,0.000100000000,8.0
1728403200000,2024-10-08T16:00:00+00:00,-0.000025490000,8.0
1728432000000,2024-10-09T00:00:00+00:00,0.000008840000,8.0
1728460800000,2024-10-09T08:00:00+00:00,-0.000037130000,8.0
1728489600000,2024-10-09T16:00:00+00:00,0.000100000000,8.0
1728518400000,2024-10-10T00:00:00+00:00,0.000100000000,8.0
1728547200000,2024-10-10T08:00:00+00:00,-0.000036570000,8.0
1728576000000,2024-10-10T16:00:00+00:00,0.000050980000,8.0
1728604800000,2024-10-11T00:00:00+00:00,0.000005450000,8.0
1728633600000,2024-10-11T08:00:00+00:00,0.000002890000,8.0
1728662400001,2024-10-11T16:00:00.001000+00:00,-0.000063340000,8.0
1728691200000,2024-10-12T00:00:00+00:00,-0.000032490000,8.0
1728720000001,2024-10-12T08:00:00.001000+00:00,0.000069500000,8.0
1728748800000,2024-10-12T16:00:00+00:00,-0.000047660000,8.0
1728777600000,2024-10-13T00:00:00+00:00,0.000005220000,8.0
1728806400000,2024-10-13T08:00:00+00:00,0.000059380000,8.0
1728835200000,2024-10-13T16:00:00+00:00,0.000053940000,8.0
1728864000000,2024-10-14T00:00:00+00:00,0.000016310000,8.0
1728892800000,2024-10-14T08:00:00+00:00,0.000072030000,8.0
1728921600000,2024-10-14T16:00:00+00:00,0.000073320000,8.0
1728950400000,2024-10-15T00:00:00+00:00,0.000100000000,8.0
1728979200000,2024-10-15T08:00:00+00:00,0.000100000000,8.0
1729008000000,2024-10-15T16:00:00+00:00,0.000100000000,8.0
1729036800000,2024-10-16T00:00:00+00:00,0.000069430000,8.0
1729065600001,2024-10-16T08:00:00.001000+00:00,0.000020870000,8.0
1729094400000,2024-10-16T16:00:00+00:00,0.000099050000,8.0
1729123200000,2024-10-17T00:00:00+00:00,0.000045790000,8.0
1729152000000,2024-10-17T08:00:00+00:00,0.000099050000,8.0
1729180800001,2024-10-17T16:00:00.001000+00:00,0.000100000000,8.0
1729209600010,2024-10-18T00:00:00.010000+00:00,0.000075890000,8.0
1729238400001,2024-10-18T08:00:00.001000+00:00,0.000034670000,8.0
1729267200000,2024-10-18T16:00:00+00:00,0.000098850000,8.0
1729296000000,2024-10-19T00:00:00+00:00,0.000039180000,8.0
1729324800000,2024-10-19T08:00:00+00:00,0.000052650000,8.0
1729353600000,2024-10-19T16:00:00+00:00,0.000072690000,8.0
1729382400000,2024-10-20T00:00:00+00:00,0.000100000000,8.0
1729411200000,2024-10-20T08:00:00+00:00,0.000049030000,8.0
1729440000000,2024-10-20T16:00:00+00:00,0.000070100000,8.0
1729468800000,2024-10-21T00:00:00+00:00,0.000100000000,8.0
1729497600000,2024-10-21T08:00:00+00:00,0.000100000000,8.0
1729526400000,2024-10-21T16:00:00+00:00,0.000100000000,8.0
1729555200000,2024-10-22T00:00:00+00:00,0.000100000000,8.0
1729584000000,2024-10-22T08:00:00+00:00,0.000100000000,8.0
1729612800000,2024-10-22T16:00:00+00:00,0.000100000000,8.0
1729641600000,2024-10-23T00:00:00+00:00,0.000100000000,8.0
1729670400000,2024-10-23T08:00:00+00:00,0.000100000000,8.0
1729699200000,2024-10-23T16:00:00+00:00,0.000100000000,8.0
1729728000000,2024-10-24T00:00:00+00:00,0.000100000000,8.0
1729756800000,2024-10-24T08:00:00+00:00,0.000100000000,8.0
1729785600000,2024-10-24T16:00:00+00:00,0.000100000000,8.0
1729814400000,2024-10-25T00:00:00+00:00,0.000100000000,8.0
1729843200000,2024-10-25T08:00:00+00:00,0.000100000000,8.0
1729872000000,2024-10-25T16:00:00+00:00,0.000031600000,8.0
1729900800000,2024-10-26T00:00:00+00:00,0.000058480000,8.0
1729929600001,2024-10-26T08:00:00.001000+00:00,0.000052690000,8.0
1729958400000,2024-10-26T16:00:00+00:00,0.000100000000,8.0
1729987200000,2024-10-27T00:00:00+00:00,0.000100000000,8.0
1730016000000,2024-10-27T08:00:00+00:00,0.000048010000,8.0
1730044800000,2024-10-27T16:00:00+00:00,-0.000016840000,8.0
1730073600000,2024-10-28T00:00:00+00:00,0.000086560000,8.0
1730102400001,2024-10-28T08:00:00.001000+00:00,0.000100000000,8.0
1730131200000,2024-10-28T16:00:00+00:00,0.000023320000,8.0
1730160000000,2024-10-29T00:00:00+00:00,0.000100000000,8.0
1730188800000,2024-10-29T08:00:00+00:00,0.000100000000,8.0
1730217600004,2024-10-29T16:00:00.004000+00:00,0.000100000000,8.0
1730246400000,2024-10-30T00:00:00+00:00,0.000100000000,8.0
1730275200000,2024-10-30T08:00:00+00:00,0.000100000000,8.0
1730304000013,2024-10-30T16:00:00.013000+00:00,0.000100000000,8.0
1730332800000,2024-10-31T00:00:00+00:00,0.000100000000,8.0
1730361600000,2024-10-31T08:00:00+00:00,0.000100000000,8.0
1730390400000,2024-10-31T16:00:00+00:00,0.000100000000,8.0
1730419200000,2024-11-01T00:00:00+00:00,0.000100000000,8.0
1730448000000,2024-11-01T08:00:00+00:00,0.000100000000,8.0
1730476800000,2024-11-01T16:00:00+00:00,0.000100000000,8.0
1730505600000,2024-11-02T00:00:00+00:00,0.000068130000,8.0
1730534400000,2024-11-02T08:00:00+00:00,0.000093870000,8.0
1730563200000,2024-11-02T16:00:00+00:00,0.000069000000,8.0
1730592000000,2024-11-03T00:00:00+00:00,0.000039800000,8.0
1730620800000,2024-11-03T08:00:00+00:00,0.000032410000,8.0
1730649600000,2024-11-03T16:00:00+00:00,0.000080140000,8.0
1730678400000,2024-11-04T00:00:00+00:00,0.000048180000,8.0
1730707200000,2024-11-04T08:00:00+00:00,0.000067250000,8.0
1730736000000,2024-11-04T16:00:00+00:00,0.000062160000,8.0
1730764800000,2024-11-05T00:00:00+00:00,0.000058680000,8.0
1730793600003,2024-11-05T08:00:00.003000+00:00,0.000045100000,8.0
1730822400001,2024-11-05T16:00:00.001000+00:00,0.000007170000,8.0
1730851200000,2024-11-06T00:00:00+00:00,-0.000018920000,8.0
1730880000000,2024-11-06T08:00:00+00:00,0.000100000000,8.0
1730908800000,2024-11-06T16:00:00+00:00,0.000100000000,8.0
1730937600000,2024-11-07T00:00:00+00:00,0.000100000000,8.0
1730966400000,2024-11-07T08:00:00+00:00,0.000100000000,8.0
1730995200000,2024-11-07T16:00:00+00:00,0.000100000000,8.0
1731024000000,2024-11-08T00:00:00+00:00,0.000100000000,8.0
1731052800000,2024-11-08T08:00:00+00:00,0.000100000000,8.0
1731081600000,2024-11-08T16:00:00+00:00,0.000100000000,8.0
1731110400000,2024-11-09T00:00:00+00:00,0.000100000000,8.0
1731139200000,2024-11-09T08:00:00+00:00,0.000100000000,8.0
1731168000000,2024-11-09T16:00:00+00:00,0.000100000000,8.0
1731196800000,2024-11-10T00:00:00+00:00,0.000100000000,8.0
1731225600000,2024-11-10T08:00:00+00:00,0.000190710000,8.0
1731254400000,2024-11-10T16:00:00+00:00,0.000419750000,8.0
1731283200001,2024-11-11T00:00:00.001000+00:00,0.000346680000,8.0
1731312000000,2024-11-11T08:00:00+00:00,0.000110810000,8.0
1731340800000,2024-11-11T16:00:00+00:00,0.000223730000,8.0
1731369600002,2024-11-12T00:00:00.002000+00:00,0.000359690000,8.0
1731398400000,2024-11-12T08:00:00+00:00,0.000437330000,8.0
1731427200000,2024-11-12T16:00:00+00:00,0.000488190000,8.0
1731456000000,2024-11-13T00:00:00+00:00,0.000328230000,8.0
1731484800010,2024-11-13T08:00:00.010000+00:00,0.000209360000,8.0
1731513600000,2024-11-13T16:00:00+00:00,0.000220160000,8.0
1731542400001,2024-11-14T00:00:00.001000+00:00,0.000207640000,8.0
1731571200000,2024-11-14T08:00:00+00:00,0.000224620000,8.0
1731600000000,2024-11-14T16:00:00+00:00,0.000100000000,8.0
1731628800000,2024-11-15T00:00:00+00:00,0.000100000000,8.0
1731657600000,2024-11-15T08:00:00+00:00,0.000100000000,8.0
1731686400000,2024-11-15T16:00:00+00:00,0.000100000000,8.0
1731715200001,2024-11-16T00:00:00.001000+00:00,0.000100000000,8.0
1731744000001,2024-11-16T08:00:00.001000+00:00,0.000236930000,8.0
1731772800000,2024-11-16T16:00:00+00:00,0.000160280000,8.0
1731801600000,2024-11-17T00:00:00+00:00,0.000100000000,8.0
1731830400000,2024-11-17T08:00:00+00:00,0.000445180000,8.0
1731859200001,2024-11-17T16:00:00.001000+00:00,0.000216270000,8.0
1731888000000,2024-11-18T00:00:00+00:00,0.000237620000,8.0
1731916800000,2024-11-18T08:00:00+00:00,0.000165300000,8.0
1731945600000,2024-11-18T16:00:00+00:00,0.000221300000,8.0
1731974400000,2024-11-19T00:00:00+00:00,0.000220180000,8.0
1732003200000,2024-11-19T08:00:00+00:00,0.000191840000,8.0
1732032000000,2024-11-19T16:00:00+00:00,0.000126440000,8.0
1732060800003,2024-11-20T00:00:00.003000+00:00,0.000100000000,8.0
1732089600000,2024-11-20T08:00:00+00:00,0.000100000000,8.0
1732118400000,2024-11-20T16:00:00+00:00,0.000100000000,8.0
1732147200001,2024-11-21T00:00:00.001000+00:00,0.000100000000,8.0
1732176000000,2024-11-21T08:00:00+00:00,0.000100000000,8.0
1732204800001,2024-11-21T16:00:00.001000+00:00,0.000100000000,8.0
1732233600000,2024-11-22T00:00:00+00:00,0.000439450000,8.0
1732262400000,2024-11-22T08:00:00+00:00,0.000225930000,8.0
1732291200001,2024-11-22T16:00:00.001000+00:00,0.000170200000,8.0
1732320000000,2024-11-23T00:00:00+00:00,0.000100000000,8.0
1732348800000,2024-11-23T08:00:00+00:00,0.000289460000,8.0
1732377600000,2024-11-23T16:00:00+00:00,0.000255770000,8.0
1732406400001,2024-11-24T00:00:00.001000+00:00,0.000181750000,8.0
1732435200000,2024-11-24T08:00:00+00:00,0.000331890000,8.0
1732464000000,2024-11-24T16:00:00+00:00,0.000252440000,8.0
1732492800000,2024-11-25T00:00:00+00:00,0.000144450000,8.0
1732521600000,2024-11-25T08:00:00+00:00,0.000198880000,8.0
1732550400000,2024-11-25T16:00:00+00:00,0.000104850000,8.0
1732579200000,2024-11-26T00:00:00+00:00,0.000100000000,8.0
1732608000000,2024-11-26T08:00:00+00:00,0.000100000000,8.0
1732636800000,2024-11-26T16:00:00+00:00,0.000100000000,8.0
1732665600000,2024-11-27T00:00:00+00:00,0.000100000000,8.0
1732694400000,2024-11-27T08:00:00+00:00,0.000100000000,8.0
1732723200001,2024-11-27T16:00:00.001000+00:00,0.000100000000,8.0
1732752000000,2024-11-28T00:00:00+00:00,0.000100000000,8.0
1732780800000,2024-11-28T08:00:00+00:00,0.000100000000,8.0
1732809600000,2024-11-28T16:00:00+00:00,0.000100000000,8.0
1732838400000,2024-11-29T00:00:00+00:00,0.000100000000,8.0
1732867200000,2024-11-29T08:00:00+00:00,0.000100000000,8.0
1732896000000,2024-11-29T16:00:00+00:00,0.000100000000,8.0
1732924800000,2024-11-30T00:00:00+00:00,0.000100000000,8.0
1732953600000,2024-11-30T08:00:00+00:00,0.000100000000,8.0
1732982400000,2024-11-30T16:00:00+00:00,0.000100000000,8.0
1733011200000,2024-12-01T00:00:00+00:00,0.000115750000,8.0
1733040000000,2024-12-01T08:00:00+00:00,0.000100000000,8.0
1733068800000,2024-12-01T16:00:00+00:00,0.000216060000,8.0
1733097600001,2024-12-02T00:00:00.001000+00:00,0.000375180000,8.0
1733126400001,2024-12-02T08:00:00.001000+00:00,0.000255870000,8.0
1733155200000,2024-12-02T16:00:00+00:00,0.000267720000,8.0
1733184000000,2024-12-03T00:00:00+00:00,0.000327280000,8.0
1733212800000,2024-12-03T08:00:00+00:00,0.000314540000,8.0
1733241600000,2024-12-03T16:00:00+00:00,0.000303120000,8.0
1733270400000,2024-12-04T00:00:00+00:00,0.000355010000,8.0
1733299200000,2024-12-04T08:00:00+00:00,0.000232640000,8.0
1733328000000,2024-12-04T16:00:00+00:00,0.000362150000,8.0
1733356800001,2024-12-05T00:00:00.001000+00:00,0.000271660000,8.0
1733385600000,2024-12-05T08:00:00+00:00,0.000559950000,8.0
1733414400000,2024-12-05T16:00:00+00:00,0.000509100000,8.0
1733443200000,2024-12-06T00:00:00+00:00,0.000322510000,8.0
1733472000000,2024-12-06T08:00:00+00:00,0.000323020000,8.0
1733500800000,2024-12-06T16:00:00+00:00,0.000124250000,8.0
1733529600000,2024-12-07T00:00:00+00:00,0.000415570000,8.0
1733558400000,2024-12-07T08:00:00+00:00,0.000345290000,8.0
1733587200000,2024-12-07T16:00:00+00:00,0.000384670000,8.0
1733616000000,2024-12-08T00:00:00+00:00,0.000450690000,8.0
1733644800000,2024-12-08T08:00:00+00:00,0.000193740000,8.0
1733673600000,2024-12-08T16:00:00+00:00,0.000137540000,8.0
1733702400000,2024-12-09T00:00:00+00:00,0.000259450000,8.0
1733731200000,2024-12-09T08:00:00+00:00,0.000158910000,8.0
1733760000001,2024-12-09T16:00:00.001000+00:00,0.000125950000,8.0
1733788800007,2024-12-10T00:00:00.007000+00:00,0.000100000000,8.0
1733817600000,2024-12-10T08:00:00+00:00,0.000100000000,8.0
1733846400000,2024-12-10T16:00:00+00:00,0.000100000000,8.0
1733875200000,2024-12-11T00:00:00+00:00,0.000100000000,8.0
1733904000000,2024-12-11T08:00:00+00:00,0.000100000000,8.0
1733932800001,2024-12-11T16:00:00.001000+00:00,0.000100000000,8.0
1733961600001,2024-12-12T00:00:00.001000+00:00,0.000100000000,8.0
1733990400000,2024-12-12T08:00:00+00:00,0.000100000000,8.0
1734019200001,2024-12-12T16:00:00.001000+00:00,0.000100000000,8.0
1734048000000,2024-12-13T00:00:00+00:00,0.000100000000,8.0
1734076800000,2024-12-13T08:00:00+00:00,0.000100000000,8.0
1734105600001,2024-12-13T16:00:00.001000+00:00,0.000100000000,8.0
1734134400000,2024-12-14T00:00:00+00:00,0.000100000000,8.0
1734163200000,2024-12-14T08:00:00+00:00,0.000100000000,8.0
1734192000000,2024-12-14T16:00:00+00:00,0.000100000000,8.0
1734220800000,2024-12-15T00:00:00+00:00,0.000100000000,8.0
1734249600000,2024-12-15T08:00:00+00:00,0.000067610000,8.0
1734278400000,2024-12-15T16:00:00+00:00,0.000100000000,8.0
1734307200000,2024-12-16T00:00:00+00:00,0.000100000000,8.0
1734336000001,2024-12-16T08:00:00.001000+00:00,0.000100000000,8.0
1734364800000,2024-12-16T16:00:00+00:00,0.000100000000,8.0
1734393600000,2024-12-17T00:00:00+00:00,0.000100000000,8.0
1734422400000,2024-12-17T08:00:00+00:00,0.000040640000,8.0
1734451200000,2024-12-17T16:00:00+00:00,0.000100000000,8.0
1734480000000,2024-12-18T00:00:00+00:00,0.000100000000,8.0
1734508800000,2024-12-18T08:00:00+00:00,0.000091020000,8.0
1734537600000,2024-12-18T16:00:00+00:00,0.000006230000,8.0
1734566400000,2024-12-19T00:00:00+00:00,-0.000036000000,8.0
1734595200000,2024-12-19T08:00:00+00:00,-0.000019030000,8.0
1734624000000,2024-12-19T16:00:00+00:00,0.000015720000,8.0
1734652800000,2024-12-20T00:00:00+00:00,-0.000017950000,8.0
1734681600001,2024-12-20T08:00:00.001000+00:00,-0.000027570000,8.0
1734710400014,2024-12-20T16:00:00.014000+00:00,-0.000060450000,8.0
1734739200000,2024-12-21T00:00:00+00:00,-0.000186250000,8.0
1734768000000,2024-12-21T08:00:00+00:00,-0.000139460000,8.0
1734796800001,2024-12-21T16:00:00.001000+00:00,-0.000042000000,8.0
1734825600000,2024-12-22T00:00:00+00:00,-0.000116550000,8.0
1734854400000,2024-12-22T08:00:00+00:00,0.000029700000,8.0
1734883200000,2024-12-22T16:00:00+00:00,-0.000108650000,8.0
1734912000000,2024-12-23T00:00:00+00:00,-0.000057640000,8.0
1734940800000,2024-12-23T08:00:00+00:00,-0.000025140000,8.0
1734969600001,2024-12-23T16:00:00.001000+00:00,-0.000015180000,8.0
1734998400000,2024-12-24T00:00:00+00:00,0.000004560000,8.0
1735027200000,2024-12-24T08:00:00+00:00,-0.000008870000,8.0
1735056000001,2024-12-24T16:00:00.001000+00:00,-0.000025280000,8.0
1735084800001,2024-12-25T00:00:00.001000+00:00,-0.000010320000,8.0
1735113600000,2024-12-25T08:00:00+00:00,-0.000020150000,8.0
1735142400000,2024-12-25T16:00:00+00:00,0.000036920000,8.0
1735171200000,2024-12-26T00:00:00+00:00,0.000027350000,8.0
1735200000000,2024-12-26T08:00:00+00:00,0.000100000000,8.0
1735228800000,2024-12-26T16:00:00+00:00,0.000015220000,8.0
1735257600000,2024-12-27T00:00:00+00:00,0.000037260000,8.0
1735286400000,2024-12-27T08:00:00+00:00,-0.000026250000,8.0
1735315200000,2024-12-27T16:00:00+00:00,-0.000081450000,8.0
1735344000001,2024-12-28T00:00:00.001000+00:00,0.000092830000,8.0
1735372800000,2024-12-28T08:00:00+00:00,0.000012750000,8.0
1735401600000,2024-12-28T16:00:00+00:00,-0.000009030000,8.0
1735430400000,2024-12-29T00:00:00+00:00,0.000007780000,8.0
1735459200000,2024-12-29T08:00:00+00:00,-0.000027270000,8.0
1735488000000,2024-12-29T16:00:00+00:00,0.000061400000,8.0
1735516800000,2024-12-30T00:00:00+00:00,0.000100000000,8.0
1735545600001,2024-12-30T08:00:00.001000+00:00,0.000047600000,8.0
1735574400000,2024-12-30T16:00:00+00:00,0.000059060000,8.0
1735603200000,2024-12-31T00:00:00+00:00,0.000083730000,8.0
1735632000000,2024-12-31T08:00:00+00:00,0.000026970000,8.0
1735660800000,2024-12-31T16:00:00+00:00,0.000067440000,8.0
1735689600015,2025-01-01T00:00:00.015000+00:00,-0.000055870000,8.0
1735718400000,2025-01-01T08:00:00+00:00,-0.000026630000,8.0
1735747200001,2025-01-01T16:00:00.001000+00:00,-0.000014870000,8.0
1735776000000,2025-01-02T00:00:00+00:00,0.000100000000,8.0
1735804800006,2025-01-02T08:00:00.006000+00:00,0.000100000000,8.0
1735833600000,2025-01-02T16:00:00+00:00,0.000093370000,8.0
1735862400000,2025-01-03T00:00:00+00:00,0.000100000000,8.0
1735891200000,2025-01-03T08:00:00+00:00,-0.000014700000,8.0
1735920000000,2025-01-03T16:00:00+00:00,-0.000079670000,8.0
1735948800000,2025-01-04T00:00:00+00:00,-0.000073580000,8.0
1735977600000,2025-01-04T08:00:00+00:00,0.000049150000,8.0
1736006400000,2025-01-04T16:00:00+00:00,0.000058130000,8.0
1736035200000,2025-01-05T00:00:00+00:00,0.000095720000,8.0
1736064000000,2025-01-05T08:00:00+00:00,-0.000030980000,8.0
1736092800000,2025-01-05T16:00:00+00:00,0.000100000000,8.0
1736121600000,2025-01-06T00:00:00+00:00,-0.000001030000,8.0
1736150400001,2025-01-06T08:00:00.001000+00:00,-0.000015390000,8.0
1736179200000,2025-01-06T16:00:00+00:00,0.000058150000,8.0
1736208000000,2025-01-07T00:00:00+00:00,-0.000024920000,8.0
1736236800000,2025-01-07T08:00:00+00:00,0.000018800000,8.0
1736265600008,2025-01-07T16:00:00.008000+00:00,0.000017650000,8.0
1736294400001,2025-01-08T00:00:00.001000+00:00,0.000009470000,8.0
1736323200000,2025-01-08T08:00:00+00:00,0.000093840000,8.0
1736352000000,2025-01-08T16:00:00+00:00,-0.000026580000,8.0
1736380800000,2025-01-09T00:00:00+00:00,-0.000043560000,8.0
1736409600000,2025-01-09T08:00:00+00:00,0.000100000000,8.0
1736438400000,2025-01-09T16:00:00+00:00,-0.000016590000,8.0
1736467200000,2025-01-10T00:00:00+00:00,0.000008730000,8.0
1736496000000,2025-01-10T08:00:00+00:00,-0.000073850000,8.0
1736524800000,2025-01-10T16:00:00+00:00,0.000033880000,8.0
1736553600000,2025-01-11T00:00:00+00:00,0.000009890000,8.0
1736582400000,2025-01-11T08:00:00+00:00,-0.000035780000,8.0
1736611200000,2025-01-11T16:00:00+00:00,-0.000043430000,8.0
1736640000000,2025-01-12T00:00:00+00:00,0.000021020000,8.0
1736668800000,2025-01-12T08:00:00+00:00,-0.000043660000,8.0
1736697600000,2025-01-12T16:00:00+00:00,0.000035480000,8.0
1736726400000,2025-01-13T00:00:00+00:00,0.000100000000,8.0
1736755200000,2025-01-13T08:00:00+00:00,0.000026600000,8.0
1736784000000,2025-01-13T16:00:00+00:00,0.000008170000,8.0
1736812800000,2025-01-14T00:00:00+00:00,-0.000046010000,8.0
1736841600000,2025-01-14T08:00:00+00:00,-0.000024340000,8.0
1736870400000,2025-01-14T16:00:00+00:00,0.000023740000,8.0
1736899200000,2025-01-15T00:00:00+00:00,0.000033570000,8.0
1736928000000,2025-01-15T08:00:00+00:00,-0.000051530000,8.0
1736956800000,2025-01-15T16:00:00+00:00,-0.000029570000,8.0
1736985600000,2025-01-16T00:00:00+00:00,0.000100000000,8.0
1737014400000,2025-01-16T08:00:00+00:00,0.000100000000,8.0
1737043200000,2025-01-16T16:00:00+00:00,0.000100000000,8.0
1737072000004,2025-01-17T00:00:00.004000+00:00,0.000100000000,8.0
1737100800000,2025-01-17T08:00:00+00:00,0.000082200000,8.0
1737129600008,2025-01-17T16:00:00.008000+00:00,0.000100000000,8.0
1737158400000,2025-01-18T00:00:00+00:00,0.000100000000,8.0
1737187200007,2025-01-18T08:00:00.007000+00:00,0.000018830000,8.0
1737216000000,2025-01-18T16:00:00+00:00,0.000056710000,8.0
1737244800000,2025-01-19T00:00:00+00:00,0.000100000000,8.0
1737273600000,2025-01-19T08:00:00+00:00,0.000092520000,8.0
1737302400000,2025-01-19T16:00:00+00:00,0.000056670000,8.0
1737331200000,2025-01-20T00:00:00+00:00,-0.000711500000,8.0
1737360000009,2025-01-20T08:00:00.009000+00:00,-0.000077230000,8.0
1737388800000,2025-01-20T16:00:00+00:00,0.000089240000,8.0
1737417600000,2025-01-21T00:00:00+00:00,-0.000275080000,8.0
1737446400000,2025-01-21T08:00:00+00:00,0.000093100000,8.0
1737475200000,2025-01-21T16:00:00+00:00,-0.000030080000,8.0
1737504000000,2025-01-22T00:00:00+00:00,0.000100000000,8.0
1737532800000,2025-01-22T08:00:00+00:00,-0.000020920000,8.0
1737561600000,2025-01-22T16:00:00+00:00,0.000086400000,8.0
1737590400001,2025-01-23T00:00:00.001000+00:00,0.000100000000,8.0
1737619200000,2025-01-23T08:00:00+00:00,0.000080810000,8.0
1737648000000,2025-01-23T16:00:00+00:00,-0.000079800000,8.0
1737676800000,2025-01-24T00:00:00+00:00,0.000069030000,8.0
1737705600000,2025-01-24T08:00:00+00:00,0.000090640000,8.0
1737734400000,2025-01-24T16:00:00+00:00,0.000100000000,8.0
1737763200000,2025-01-25T00:00:00+00:00,-0.000014730000,8.0
1737792000000,2025-01-25T08:00:00+00:00,-0.000004820000,8.0
1737820800001,2025-01-25T16:00:00.001000+00:00,-0.000120140000,8.0
1737849600000,2025-01-26T00:00:00+00:00,0.000100000000,8.0
1737878400000,2025-01-26T08:00:00+00:00,0.000084070000,8.0
1737907200000,2025-01-26T16:00:00+00:00,0.000026260000,8.0
1737936000000,2025-01-27T00:00:00+00:00,-0.000036530000,8.0
1737964800000,2025-01-27T08:00:00+00:00,0.000051730000,8.0
1737993600000,2025-01-27T16:00:00+00:00,-0.000186960000,8.0
1738022400000,2025-01-28T00:00:00+00:00,0.000079420000,8.0
1738051200000,2025-01-28T08:00:00+00:00,-0.000041390000,8.0
1738080000000,2025-01-28T16:00:00+00:00,0.000036720000,8.0
1738108800000,2025-01-29T00:00:00+00:00,0.000087180000,8.0
1738137600000,2025-01-29T08:00:00+00:00,0.000053560000,8.0
1738166400000,2025-01-29T16:00:00+00:00,-0.000011960000,8.0
1738195200000,2025-01-30T00:00:00+00:00,0.000016780000,8.0
1738224000000,2025-01-30T08:00:00+00:00,0.000100000000,8.0
1738252800000,2025-01-30T16:00:00+00:00,0.000027270000,8.0
1738281600000,2025-01-31T00:00:00+00:00,-0.000007610000,8.0
1738310400000,2025-01-31T08:00:00+00:00,-0.000049700000,8.0
1738339200000,2025-01-31T16:00:00+00:00,0.000055240000,8.0
1738368000000,2025-02-01T00:00:00+00:00,-0.000068660000,8.0
1738396800000,2025-02-01T08:00:00+00:00,0.000030330000,8.0
1738425600000,2025-02-01T16:00:00+00:00,-0.000050630000,8.0
1738454400001,2025-02-02T00:00:00.001000+00:00,-0.000053060000,8.0
1738483200000,2025-02-02T08:00:00+00:00,0.000007210000,8.0
1738512000000,2025-02-02T16:00:00+00:00,0.000002680000,8.0
1738540800000,2025-02-03T00:00:00+00:00,0.000007720000,8.0
1738569600000,2025-02-03T08:00:00+00:00,-0.000123680000,8.0
1738598400000,2025-02-03T16:00:00+00:00,-0.000088080000,8.0
1738627200000,2025-02-04T00:00:00+00:00,-0.000557910000,8.0
1738656000001,2025-02-04T08:00:00.001000+00:00,-0.000043500000,8.0
1738684800000,2025-02-04T16:00:00+00:00,0.000057000000,8.0
1738713600001,2025-02-05T00:00:00.001000+00:00,-0.000035710000,8.0
1738742400001,2025-02-05T08:00:00.001000+00:00,-0.000048340000,8.0
1738771200000,2025-02-05T16:00:00+00:00,-0.000108500000,8.0
1738800000001,2025-02-06T00:00:00.001000+00:00,-0.000045380000,8.0
1738828800001,2025-02-06T08:00:00.001000+00:00,-0.000016710000,8.0
1738857600000,2025-02-06T16:00:00+00:00,0.000068570000,8.0
1738886400000,2025-02-07T00:00:00+00:00,0.000027030000,8.0
1738915200000,2025-02-07T08:00:00+00:00,0.000006950000,8.0
1738944000000,2025-02-07T16:00:00+00:00,0.000007270000,8.0
1738972800000,2025-02-08T00:00:00+00:00,-0.000024830000,8.0
1739001600000,2025-02-08T08:00:00+00:00,0.000021050000,8.0
1739030400000,2025-02-08T16:00:00+00:00,0.000057190000,8.0
1739059200000,2025-02-09T00:00:00+00:00,-0.000110270000,8.0
1739088000000,2025-02-09T08:00:00+00:00,-0.000040530000,8.0
1739116800000,2025-02-09T16:00:00+00:00,-0.000212270000,8.0
1739145600000,2025-02-10T00:00:00+00:00,-0.000161190000,8.0
1739174400000,2025-02-10T08:00:00+00:00,-0.000027430000,8.0
1739203200000,2025-02-10T16:00:00+00:00,-0.000048630000,8.0
1739232000000,2025-02-11T00:00:00+00:00,-0.000180950000,8.0
1739260800000,2025-02-11T08:00:00+00:00,-0.000119940000,8.0
1739289600000,2025-02-11T16:00:00+00:00,-0.000277140000,8.0
1739318400000,2025-02-12T00:00:00+00:00,-0.000223320000,8.0
1739347200000,2025-02-12T08:00:00+00:00,0.000018470000,8.0
1739376000001,2025-02-12T16:00:00.001000+00:00,0.000070020000,8.0
1739404800001,2025-02-13T00:00:00.001000+00:00,0.000036270000,8.0
1739433600000,2025-02-13T08:00:00+00:00,-0.000032120000,8.0
1739462400001,2025-02-13T16:00:00.001000+00:00,-0.000128670000,8.0
1739491200000,2025-02-14T00:00:00+00:00,-0.000015590000,8.0
1739520000001,2025-02-14T08:00:00.001000+00:00,0.000083200000,8.0
1739548800000,2025-02-14T16:00:00+00:00,0.000084660000,8.0
1739577600000,2025-02-15T00:00:00+00:00,0.000085820000,8.0
1739606400000,2025-02-15T08:00:00+00:00,0.000031210000,8.0
1739635200000,2025-02-15T16:00:00+00:00,-0.000050500000,8.0
1739664000000,2025-02-16T00:00:00+00:00,-0.000058110000,8.0
1739692800000,2025-02-16T08:00:00+00:00,-0.000025690000,8.0
1739721600000,2025-02-16T16:00:00+00:00,-0.000168760000,8.0
1739750400000,2025-02-17T00:00:00+00:00,-0.000155440000,8.0
1739779200000,2025-02-17T08:00:00+00:00,-0.000160290000,8.0
1739808000000,2025-02-17T16:00:00+00:00,0.000021360000,8.0
1739836800000,2025-02-18T00:00:00+00:00,0.000035000000,8.0
1739865600000,2025-02-18T08:00:00+00:00,0.000039390000,8.0
1739894400000,2025-02-18T16:00:00+00:00,0.000070530000,8.0
1739923200000,2025-02-19T00:00:00+00:00,-0.000010720000,8.0
1739952000000,2025-02-19T08:00:00+00:00,0.000003530000,8.0
1739980800000,2025-02-19T16:00:00+00:00,-0.000038590000,8.0
1740009600000,2025-02-20T00:00:00+00:00,-0.000060240000,8.0
1740038400000,2025-02-20T08:00:00+00:00,0.000011720000,8.0
1740067200000,2025-02-20T16:00:00+00:00,-0.000029910000,8.0
1740096000001,2025-02-21T00:00:00.001000+00:00,0.000074970000,8.0
1740124800000,2025-02-21T08:00:00+00:00,0.000016920000,8.0
1740153600000,2025-02-21T16:00:00+00:00,-0.000047650000,8.0
1740182400000,2025-02-22T00:00:00+00:00,-0.000119470000,8.0
1740211200000,2025-02-22T08:00:00+00:00,-0.000067140000,8.0
1740240000000,2025-02-22T16:00:00+00:00,-0.000061070000,8.0
1740268800000,2025-02-23T00:00:00+00:00,0.000091110000,8.0
1740297600000,2025-02-23T08:00:00+00:00,0.000073100000,8.0
1740326400000,2025-02-23T16:00:00+00:00,-0.000051620000,8.0
1740355200000,2025-02-24T00:00:00+00:00,-0.000060700000,8.0
1740384000000,2025-02-24T08:00:00+00:00,-0.000062560000,8.0
1740412800000,2025-02-24T16:00:00+00:00,0.000060050000,8.0
1740441600000,2025-02-25T00:00:00+00:00,0.000027350000,8.0
1740470400000,2025-02-25T08:00:00+00:00,0.000032950000,8.0
1740499200000,2025-02-25T16:00:00+00:00,-0.000053540000,8.0
1740528000000,2025-02-26T00:00:00+00:00,-0.000105620000,8.0
1740556800000,2025-02-26T08:00:00+00:00,0.000024600000,8.0
1740585600000,2025-02-26T16:00:00+00:00,0.000031310000,8.0
1740614400001,2025-02-27T00:00:00.001000+00:00,0.000077280000,8.0
1740643200000,2025-02-27T08:00:00+00:00,0.000026050000,8.0
1740672000000,2025-02-27T16:00:00+00:00,0.000100000000,8.0
1740700800001,2025-02-28T00:00:00.001000+00:00,0.000100000000,8.0
1740729600000,2025-02-28T08:00:00+00:00,0.000100000000,8.0
1740758400000,2025-02-28T16:00:00+00:00,0.000100000000,8.0
1740787200000,2025-03-01T00:00:00+00:00,0.000100000000,8.0
1740816000000,2025-03-01T08:00:00+00:00,0.000087410000,8.0
1740844800001,2025-03-01T16:00:00.001000+00:00,0.000078520000,8.0
1740873600000,2025-03-02T00:00:00+00:00,-0.000081610000,8.0
1740902400000,2025-03-02T08:00:00+00:00,0.000099300000,8.0
1740931200000,2025-03-02T16:00:00+00:00,0.000078100000,8.0
1740960000001,2025-03-03T00:00:00.001000+00:00,-0.000038920000,8.0
1740988800000,2025-03-03T08:00:00+00:00,0.000065350000,8.0
1741017600000,2025-03-03T16:00:00+00:00,-0.000085060000,8.0
1741046400001,2025-03-04T00:00:00.001000+00:00,-0.000071140000,8.0
1741075200005,2025-03-04T08:00:00.005000+00:00,-0.000083720000,8.0
1741104000000,2025-03-04T16:00:00+00:00,0.000038690000,8.0
1741132800000,2025-03-05T00:00:00+00:00,-0.000149110000,8.0
1741161600000,2025-03-05T08:00:00+00:00,0.000028660000,8.0
1741190400000,2025-03-05T16:00:00+00:00,-0.000064130000,8.0
1741219200000,2025-03-06T00:00:00+00:00,-0.000119160000,8.0
1741248000001,2025-03-06T08:00:00.001000+00:00,-0.000014890000,8.0
1741276800000,2025-03-06T16:00:00+00:00,-0.000035990000,8.0
1741305600000,2025-03-07T00:00:00+00:00,-0.000111940000,8.0
1741334400001,2025-03-07T08:00:00.001000+00:00,-0.000083510000,8.0
1741363200000,2025-03-07T16:00:00+00:00,0.000047090000,8.0
1741392000000,2025-03-08T00:00:00+00:00,0.000061500000,8.0
1741420800001,2025-03-08T08:00:00.001000+00:00,-0.000034220000,8.0
1741449600001,2025-03-08T16:00:00.001000+00:00,-0.000062420000,8.0
1741478400001,2025-03-09T00:00:00.001000+00:00,-0.000105350000,8.0
1741507200000,2025-03-09T08:00:00+00:00,0.000005620000,8.0
1741536000000,2025-03-09T16:00:00+00:00,0.000069360000,8.0
1741564800000,2025-03-10T00:00:00+00:00,-0.000056920000,8.0
1741593600000,2025-03-10T08:00:00+00:00,-0.000102370000,8.0
1741622400000,2025-03-10T16:00:00+00:00,-0.000098440000,8.0
1741651200000,2025-03-11T00:00:00+00:00,-0.000116530000,8.0
1741680000000,2025-03-11T08:00:00+00:00,0.000091980000,8.0
1741708800001,2025-03-11T16:00:00.001000+00:00,0.000086810000,8.0
1741737600000,2025-03-12T00:00:00+00:00,-0.000007980000,8.0
1741766400000,2025-03-12T08:00:00+00:00,0.000003250000,8.0
1741795200001,2025-03-12T16:00:00.001000+00:00,-0.000038590000,8.0
1741824000000,2025-03-13T00:00:00+00:00,0.000011890000,8.0
1741852800000,2025-03-13T08:00:00+00:00,-0.000072870000,8.0
1741881600000,2025-03-13T16:00:00+00:00,0.000073990000,8.0
1741910400000,2025-03-14T00:00:00+00:00,0.000033470000,8.0
1741939200000,2025-03-14T08:00:00+00:00,0.000100000000,8.0
1741968000000,2025-03-14T16:00:00+00:00,0.000095950000,8.0
1741996800000,2025-03-15T00:00:00+00:00,0.000100000000,8.0
1742025600000,2025-03-15T08:00:00+00:00,0.000072990000,8.0
1742054400000,2025-03-15T16:00:00+00:00,-0.000023970000,8.0
1742083200000,2025-03-16T00:00:00+00:00,0.000003930000,8.0
1742112000000,2025-03-16T08:00:00+00:00,0.000055800000,8.0
1742140800000,2025-03-16T16:00:00+00:00,-0.000032280000,8.0
1742169600000,2025-03-17T00:00:00+00:00,-0.000080270000,8.0
1742198400000,2025-03-17T08:00:00+00:00,-0.000054030000,8.0
1742227200000,2025-03-17T16:00:00+00:00,-0.000039980000,8.0
1742256000000,2025-03-18T00:00:00+00:00,-0.000063650000,8.0
1742284800000,2025-03-18T08:00:00+00:00,-0.000080810000,8.0
1742313600000,2025-03-18T16:00:00+00:00,-0.000027100000,8.0
1742342400000,2025-03-19T00:00:00+00:00,-0.000067880000,8.0
1742371200000,2025-03-19T08:00:00+00:00,0.000072740000,8.0
1742400000000,2025-03-19T16:00:00+00:00,0.000100000000,8.0
1742428800000,2025-03-20T00:00:00+00:00,0.000100000000,8.0
1742457600000,2025-03-20T08:00:00+00:00,0.000100000000,8.0
1742486400000,2025-03-20T16:00:00+00:00,-0.000018710000,8.0
1742515200000,2025-03-21T00:00:00+00:00,-0.000039320000,8.0
1742544000000,2025-03-21T08:00:00+00:00,-0.000014070000,8.0
1742572800000,2025-03-21T16:00:00+00:00,-0.000036040000,8.0
1742601600000,2025-03-22T00:00:00+00:00,-0.000037230000,8.0
1742630400004,2025-03-22T08:00:00.004000+00:00,-0.000028820000,8.0
1742659200000,2025-03-22T16:00:00+00:00,-0.000008490000,8.0
1742688000000,2025-03-23T00:00:00+00:00,-0.000064820000,8.0
1742716800000,2025-03-23T08:00:00+00:00,0.000026420000,8.0
1742745600000,2025-03-23T16:00:00+00:00,0.000055510000,8.0
1742774400000,2025-03-24T00:00:00+00:00,-0.000025380000,8.0
1742803200000,2025-03-24T08:00:00+00:00,0.000100000000,8.0
1742832000000,2025-03-24T16:00:00+00:00,0.000053010000,8.0
1742860800001,2025-03-25T00:00:00.001000+00:00,0.000100000000,8.0
1742889600000,2025-03-25T08:00:00+00:00,0.000011270000,8.0
1742918400000,2025-03-25T16:00:00+00:00,0.000017130000,8.0
1742947200000,2025-03-26T00:00:00+00:00,0.000006160000,8.0
1742976000000,2025-03-26T08:00:00+00:00,-0.000044410000,8.0
1743004800001,2025-03-26T16:00:00.001000+00:00,-0.000128170000,8.0
1743033600001,2025-03-27T00:00:00.001000+00:00,-0.000137110000,8.0
1743062400001,2025-03-27T08:00:00.001000+00:00,-0.000056330000,8.0
1743091200002,2025-03-27T16:00:00.002000+00:00,-0.000025550000,8.0
1743120000001,2025-03-28T00:00:00.001000+00:00,-0.000032270000,8.0
1743148800001,2025-03-28T08:00:00.001000+00:00,-0.000101370000,8.0
1743177600000,2025-03-28T16:00:00+00:00,-0.000093510000,8.0
1743206400000,2025-03-29T00:00:00+00:00,-0.000048990000,8.0
1743235200000,2025-03-29T08:00:00+00:00,0.000022510000,8.0
1743264000000,2025-03-29T16:00:00+00:00,-0.000089090000,8.0
1743292800000,2025-03-30T00:00:00+00:00,-0.000257780000,8.0
1743321600000,2025-03-30T08:00:00+00:00,-0.000401160000,8.0
1743350400000,2025-03-30T16:00:00+00:00,-0.000180230000,8.0
1743379200000,2025-03-31T00:00:00+00:00,-0.000233700000,8.0
1743408000000,2025-03-31T08:00:00+00:00,-0.000007840000,8.0
1743436800000,2025-03-31T16:00:00+00:00,-0.000004240000,8.0
1743465600000,2025-04-01T00:00:00+00:00,-0.000091790000,8.0
1743494400001,2025-04-01T08:00:00.001000+00:00,-0.000005660000,8.0
1743523200000,2025-04-01T16:00:00+00:00,-0.000052810000,8.0
1743552000001,2025-04-02T00:00:00.001000+00:00,-0.000064270000,8.0
1743580800000,2025-04-02T08:00:00+00:00,-0.000134280000,8.0
1743609600000,2025-04-02T16:00:00+00:00,0.000043190000,8.0
1743638400000,2025-04-03T00:00:00+00:00,-0.000076450000,8.0
1743667200000,2025-04-03T08:00:00+00:00,-0.000073050000,8.0
1743696000000,2025-04-03T16:00:00+00:00,-0.000110990000,8.0
1743724800000,2025-04-04T00:00:00+00:00,-0.000336320000,8.0
1743753600000,2025-04-04T08:00:00+00:00,-0.000001520000,8.0
1743782400000,2025-04-04T16:00:00+00:00,0.000005600000,8.0
1743811200000,2025-04-05T00:00:00+00:00,0.000040380000,8.0
1743840000000,2025-04-05T08:00:00+00:00,0.000096870000,8.0
1743868800000,2025-04-05T16:00:00+00:00,0.000020600000,8.0
1743897600000,2025-04-06T00:00:00+00:00,-0.000056190000,8.0
1743926400000,2025-04-06T08:00:00+00:00,0.000100000000,8.0
1743955200002,2025-04-06T16:00:00.002000+00:00,-0.000054630000,8.0
1743984000000,2025-04-07T00:00:00+00:00,-0.000005720000,8.0
1744012800000,2025-04-07T08:00:00+00:00,0.000039660000,8.0
1744041600000,2025-04-07T16:00:00+00:00,-0.000055840000,8.0
1744070400000,2025-04-08T00:00:00+00:00,-0.000117530000,8.0
1744099200000,2025-04-08T08:00:00+00:00,-0.000044720000,8.0
1744128000000,2025-04-08T16:00:00+00:00,-0.000233270000,8.0
1744156800000,2025-04-09T00:00:00+00:00,-0.000080900000,8.0
1744185600001,2025-04-09T08:00:00.001000+00:00,-0.000078310000,8.0
1744214400000,2025-04-09T16:00:00+00:00,0.000076210000,8.0
1744243200000,2025-04-10T00:00:00+00:00,0.000100000000,8.0
1744272000000,2025-04-10T08:00:00+00:00,0.000100000000,8.0
1744300800000,2025-04-10T16:00:00+00:00,0.000034560000,8.0
1744329600001,2025-04-11T00:00:00.001000+00:00,-0.000061090000,8.0
1744358400000,2025-04-11T08:00:00+00:00,0.000042980000,8.0
1744387200000,2025-04-11T16:00:00+00:00,0.000100000000,8.0
1744416000000,2025-04-12T00:00:00+00:00,0.000059110000,8.0
1744444800001,2025-04-12T08:00:00.001000+00:00,-0.000017140000,8.0
1744473600000,2025-04-12T16:00:00+00:00,0.000027680000,8.0
1744502400000,2025-04-13T00:00:00+00:00,-0.000003350000,8.0
1744531200000,2025-04-13T08:00:00+00:00,0.000100000000,8.0
1744560000000,2025-04-13T16:00:00+00:00,0.000081740000,8.0
1744588800000,2025-04-14T00:00:00+00:00,0.000090530000,8.0
1744617600000,2025-04-14T08:00:00+00:00,-0.000039570000,8.0
1744646400000,2025-04-14T16:00:00+00:00,-0.000094500000,8.0
1744675200000,2025-04-15T00:00:00+00:00,-0.000059120000,8.0
1744704000000,2025-04-15T08:00:00+00:00,-0.000130870000,8.0
1744732800001,2025-04-15T16:00:00.001000+00:00,0.000018240000,8.0
1744761600000,2025-04-16T00:00:00+00:00,-0.000091580000,8.0
1744790400000,2025-04-16T08:00:00+00:00,-0.000031870000,8.0
1744819200000,2025-04-16T16:00:00+00:00,-0.000023270000,8.0
1744848000001,2025-04-17T00:00:00.001000+00:00,0.000100000000,8.0
1744876800000,2025-04-17T08:00:00+00:00,0.000100000000,8.0
1744905600001,2025-04-17T16:00:00.001000+00:00,0.000016140000,8.0
1744934400000,2025-04-18T00:00:00+00:00,0.000001840000,8.0
1744963200000,2025-04-18T08:00:00+00:00,-0.000014980000,8.0
1744992000000,2025-04-18T16:00:00+00:00,-0.000033340000,8.0
1745020800000,2025-04-19T00:00:00+00:00,-0.000056590000,8.0
1745049600000,2025-04-19T08:00:00+00:00,-0.000056340000,8.0
1745078400000,2025-04-19T16:00:00+00:00,-0.000130710000,8.0
1745107200000,2025-04-20T00:00:00+00:00,-0.000079710000,8.0
1745136000000,2025-04-20T08:00:00+00:00,-0.000169750000,8.0
1745164800000,2025-04-20T16:00:00+00:00,-0.000135440000,8.0
1745193600000,2025-04-21T00:00:00+00:00,-0.000196550000,8.0
1745222400005,2025-04-21T08:00:00.005000+00:00,-0.000154900000,8.0
1745251200003,2025-04-21T16:00:00.003000+00:00,-0.000109340000,8.0
1745280000008,2025-04-22T00:00:00.008000+00:00,-0.000259360000,8.0
1745308800000,2025-04-22T08:00:00+00:00,0.000033620000,8.0
1745337600000,2025-04-22T16:00:00+00:00,0.000045490000,8.0
1745366400000,2025-04-23T00:00:00+00:00,0.000100000000,8.0
1745395200002,2025-04-23T08:00:00.002000+00:00,-0.000035590000,8.0
1745424000000,2025-04-23T16:00:00+00:00,0.000061370000,8.0
1745452800000,2025-04-24T00:00:00+00:00,0.000100000000,8.0
1745481600001,2025-04-24T08:00:00.001000+00:00,0.000100000000,8.0
1745510400001,2025-04-24T16:00:00.001000+00:00,0.000051630000,8.0
1745539200007,2025-04-25T00:00:00.007000+00:00,0.000100000000,8.0
1745568000002,2025-04-25T08:00:00.002000+00:00,0.000100000000,8.0
1745596800003,2025-04-25T16:00:00.003000+00:00,0.000012350000,8.0
1745625600002,2025-04-26T00:00:00.002000+00:00,0.000010500000,8.0
1745654400000,2025-04-26T08:00:00+00:00,-0.000040230000,8.0
1745683200002,2025-04-26T16:00:00.002000+00:00,-0.000078050000,8.0
1745712000001,2025-04-27T00:00:00.001000+00:00,0.000013250000,8.0
1745740800000,2025-04-27T08:00:00+00:00,-0.000072190000,8.0
1745769600000,2025-04-27T16:00:00+00:00,0.000059770000,8.0
1745798400001,2025-04-28T00:00:00.001000+00:00,-0.000023000000,8.0
1745827200003,2025-04-28T08:00:00.003000+00:00,0.000055140000,8.0
1745856000005,2025-04-28T16:00:00.005000+00:00,-0.000103380000,8.0
1745884800000,2025-04-29T00:00:00+00:00,-0.000160440000,8.0
1745913600000,2025-04-29T08:00:00+00:00,-0.000043730000,8.0
1745942400010,2025-04-29T16:00:00.010000+00:00,0.000022380000,8.0
1745971200001,2025-04-30T00:00:00.001000+00:00,-0.000062140000,8.0
1746000000000,2025-04-30T08:00:00+00:00,-0.000058410000,8.0
1746028800003,2025-04-30T16:00:00.003000+00:00,-0.000151100000,8.0
1746057600000,2025-05-01T00:00:00+00:00,0.000049460000,8.0
1746086400000,2025-05-01T08:00:00+00:00,0.000084330000,8.0
1746115200001,2025-05-01T16:00:00.001000+00:00,0.000005600000,8.0
1746144000000,2025-05-02T00:00:00+00:00,0.000024900000,8.0
1746172800000,2025-05-02T08:00:00+00:00,-0.000056830000,8.0
1746201600003,2025-05-02T16:00:00.003000+00:00,-0.000054420000,8.0
1746230400000,2025-05-03T00:00:00+00:00,-0.000125230000,8.0
1746259200000,2025-05-03T08:00:00+00:00,-0.000038210000,8.0
1746288000000,2025-05-03T16:00:00+00:00,-0.000099580000,8.0
1746316800001,2025-05-04T00:00:00.001000+00:00,-0.000004040000,8.0
1746345600001,2025-05-04T08:00:00.001000+00:00,-0.000041380000,8.0
1746374400002,2025-05-04T16:00:00.002000+00:00,-0.000121510000,8.0
1746403200000,2025-05-05T00:00:00+00:00,-0.000067560000,8.0
1746432000000,2025-05-05T08:00:00+00:00,0.000016170000,8.0
1746460800006,2025-05-05T16:00:00.006000+00:00,-0.000092980000,8.0
1746489600002,2025-05-06T00:00:00.002000+00:00,0.000064050000,8.0
1746518400005,2025-05-06T08:00:00.005000+00:00,-0.000045460000,8.0
1746547200000,2025-05-06T16:00:00+00:00,-0.000024340000,8.0
1746576000002,2025-05-07T00:00:00.002000+00:00,0.000089710000,8.0
1746604800000,2025-05-07T08:00:00+00:00,0.000033130000,8.0
1746633600006,2025-05-07T16:00:00.006000+00:00,0.000066880000,8.0
1746662400000,2025-05-08T00:00:00+00:00,0.000024570000,8.0
1746691200001,2025-05-08T08:00:00.001000+00:00,0.000058320000,8.0
1746720000002,2025-05-08T16:00:00.002000+00:00,0.000096400000,8.0
1746748800001,2025-05-09T00:00:00.001000+00:00,0.000100000000,8.0
1746777600006,2025-05-09T08:00:00.006000+00:00,0.000100000000,8.0
1746806400000,2025-05-09T16:00:00+00:00,0.000100000000,8.0
1746835200001,2025-05-10T00:00:00.001000+00:00,0.000100000000,8.0
1746864000000,2025-05-10T08:00:00+00:00,0.000100000000,8.0
1746892800001,2025-05-10T16:00:00.001000+00:00,0.000100000000,8.0
1746921600000,2025-05-11T00:00:00+00:00,0.000100000000,8.0
1746950400001,2025-05-11T08:00:00.001000+00:00,0.000100000000,8.0
1746979200001,2025-05-11T16:00:00.001000+00:00,0.000051170000,8.0
1747008000004,2025-05-12T00:00:00.004000+00:00,0.000035710000,8.0
1747036800000,2025-05-12T08:00:00+00:00,0.000068860000,8.0
1747065600000,2025-05-12T16:00:00+00:00,0.000100000000,8.0
1747094400000,2025-05-13T00:00:00+00:00,0.000082160000,8.0
1747123200008,2025-05-13T08:00:00.008000+00:00,0.000100000000,8.0
1747152000001,2025-05-13T16:00:00.001000+00:00,0.000046670000,8.0
1747180800007,2025-05-14T00:00:00.007000+00:00,0.000100000000,8.0
1747209600000,2025-05-14T08:00:00+00:00,0.000100000000,8.0
1747238400002,2025-05-14T16:00:00.002000+00:00,0.000022950000,8.0
1747267200000,2025-05-15T00:00:00+00:00,-0.000022670000,8.0
1747296000003,2025-05-15T08:00:00.003000+00:00,0.000009240000,8.0
1747324800000,2025-05-15T16:00:00+00:00,0.000033240000,8.0
1747353600001,2025-05-16T00:00:00.001000+00:00,-0.000012290000,8.0
1747382400000,2025-05-16T08:00:00+00:00,0.000084830000,8.0
1747411200000,2025-05-16T16:00:00+00:00,-0.000010380000,8.0
1747440000000,2025-05-17T00:00:00+00:00,-0.000048070000,8.0
1747468800001,2025-05-17T08:00:00.001000+00:00,0.000034750000,8.0
1747497600004,2025-05-17T16:00:00.004000+00:00,0.000011110000,8.0
1747526400000,2025-05-18T00:00:00+00:00,0.000020200000,8.0
1747555200000,2025-05-18T08:00:00+00:00,0.000078530000,8.0
1747584000000,2025-05-18T16:00:00+00:00,0.000050570000,8.0
1747612800000,2025-05-19T00:00:00+00:00,-0.000011970000,8.0
1747641600006,2025-05-19T08:00:00.006000+00:00,-0.000137440000,8.0
1747670400010,2025-05-19T16:00:00.010000+00:00,-0.000105090000,8.0
1747699200000,2025-05-20T00:00:00+00:00,0.000072170000,8.0
1747728000002,2025-05-20T08:00:00.002000+00:00,0.000100000000,8.0
1747756800000,2025-05-20T16:00:00+00:00,-0.000022350000,8.0
1747785600000,2025-05-21T00:00:00+00:00,0.000069010000,8.0
1747814400001,2025-05-21T08:00:00.001000+00:00,0.000095800000,8.0
1747843200004,2025-05-21T16:00:00.004000+00:00,0.000098970000,8.0
1747872000001,2025-05-22T00:00:00.001000+00:00,0.000076070000,8.0
1747900800000,2025-05-22T08:00:00+00:00,0.000100000000,8.0
1747929600002,2025-05-22T16:00:00.002000+00:00,0.000100000000,8.0
1747958400006,2025-05-23T00:00:00.006000+00:00,0.000100000000,8.0
1747987200000,2025-05-23T08:00:00+00:00,0.000100000000,8.0
1748016000007,2025-05-23T16:00:00.007000+00:00,0.000100000000,8.0
1748044800010,2025-05-24T00:00:00.010000+00:00,0.000100000000,8.0
1748073600000,2025-05-24T08:00:00+00:00,-0.000020640000,8.0
1748102400003,2025-05-24T16:00:00.003000+00:00,0.000012630000,8.0
1748131200004,2025-05-25T00:00:00.004000+00:00,0.000063520000,8.0
1748160000000,2025-05-25T08:00:00+00:00,-0.000038210000,8.0
1748188800000,2025-05-25T16:00:00+00:00,-0.000036510000,8.0
1748217600000,2025-05-26T00:00:00+00:00,-0.000009900000,8.0
1748246400000,2025-05-26T08:00:00+00:00,0.000017650000,8.0
1748275200002,2025-05-26T16:00:00.002000+00:00,0.000086860000,8.0
1748304000003,2025-05-27T00:00:00.003000+00:00,-0.000088770000,8.0
1748332800001,2025-05-27T08:00:00.001000+00:00,-0.000029090000,8.0
1748361600005,2025-05-27T16:00:00.005000+00:00,0.000100000000,8.0
1748390400002,2025-05-28T00:00:00.002000+00:00,0.000100000000,8.0
1748419200003,2025-05-28T08:00:00.003000+00:00,-0.000027620000,8.0
1748448000002,2025-05-28T16:00:00.002000+00:00,-0.000138910000,8.0
1748476800000,2025-05-29T00:00:00+00:00,-0.000085650000,8.0
1748505600006,2025-05-29T08:00:00.006000+00:00,0.000079470000,8.0
1748534400000,2025-05-29T16:00:00+00:00,-0.000030670000,8.0
1748563200003,2025-05-30T00:00:00.003000+00:00,-0.000010930000,8.0
1748592000003,2025-05-30T08:00:00.003000+00:00,-0.000053220000,8.0
1748620800000,2025-05-30T16:00:00+00:00,0.000031010000,8.0
1748649600000,2025-05-31T00:00:00+00:00,0.000034220000,8.0
1748678400000,2025-05-31T08:00:00+00:00,0.000016330000,8.0
1748707200000,2025-05-31T16:00:00+00:00,-0.000101430000,8.0
1748736000001,2025-06-01T00:00:00.001000+00:00,-0.000062330000,8.0
1748764800002,2025-06-01T08:00:00.002000+00:00,-0.000080050000,8.0
1748793600000,2025-06-01T16:00:00+00:00,-0.000043250000,8.0
1748822400001,2025-06-02T00:00:00.001000+00:00,0.000044010000,8.0
1748851200000,2025-06-02T08:00:00+00:00,0.000045870000,8.0
1748880000000,2025-06-02T16:00:00+00:00,-0.000003750000,8.0
1748908800000,2025-06-03T00:00:00+00:00,0.000043710000,8.0
1748937600000,2025-06-03T08:00:00+00:00,0.000067460000,8.0
1748966400001,2025-06-03T16:00:00.001000+00:00,0.000005760000,8.0
1748995200000,2025-06-04T00:00:00+00:00,-0.000045810000,8.0
1749024000000,2025-06-04T08:00:00+00:00,0.000050650000,8.0
1749052800000,2025-06-04T16:00:00+00:00,0.000017950000,8.0
1749081600016,2025-06-05T00:00:00.016000+00:00,0.000013320000,8.0
1749110400000,2025-06-05T08:00:00+00:00,0.000035520000,8.0
1749139200000,2025-06-05T16:00:00+00:00,-0.000006040000,8.0
1749168000002,2025-06-06T00:00:00.002000+00:00,-0.000064760000,8.0
1749196800000,2025-06-06T08:00:00+00:00,-0.000113870000,8.0
1749225600006,2025-06-06T16:00:00.006000+00:00,-0.000013840000,8.0
1749254400000,2025-06-07T00:00:00+00:00,0.000062110000,8.0
1749283200000,2025-06-07T08:00:00+00:00,0.000013000000,8.0
1749312000002,2025-06-07T16:00:00.002000+00:00,-0.000023930000,8.0
1749340800000,2025-06-08T00:00:00+00:00,-0.000000740000,8.0
1749369600000,2025-06-08T08:00:00+00:00,0.000041960000,8.0
1749398400000,2025-06-08T16:00:00+00:00,-0.000026490000,8.0
1749427200000,2025-06-09T00:00:00+00:00,0.000100000000,8.0
1749456000001,2025-06-09T08:00:00.001000+00:00,0.000028640000,8.0
1749484800001,2025-06-09T16:00:00.001000+00:00,0.000048100000,8.0
1749513600000,2025-06-10T00:00:00+00:00,0.000090770000,8.0
1749542400001,2025-06-10T08:00:00.001000+00:00,0.000100000000,8.0
1749571200003,2025-06-10T16:00:00.003000+00:00,-0.000001130000,8.0
1749600000000,2025-06-11T00:00:00+00:00,0.000100000000,8.0
1749628800000,2025-06-11T08:00:00+00:00,0.000100000000,8.0
1749657600010,2025-06-11T16:00:00.010000+00:00,0.000100000000,8.0
1749686400002,2025-06-12T00:00:00.002000+00:00,0.000051930000,8.0
1749715200003,2025-06-12T08:00:00.003000+00:00,0.000039970000,8.0
1749744000001,2025-06-12T16:00:00.001000+00:00,-0.000002020000,8.0
1749772800000,2025-06-13T00:00:00+00:00,-0.000017070000,8.0
1749801600001,2025-06-13T08:00:00.001000+00:00,-0.000092700000,8.0
1749830400004,2025-06-13T16:00:00.004000+00:00,0.000010640000,8.0
1749859200000,2025-06-14T00:00:00+00:00,0.000089280000,8.0
1749888000000,2025-06-14T08:00:00+00:00,0.000021590000,8.0
1749916800000,2025-06-14T16:00:00+00:00,-0.000004800000,8.0
1749945600005,2025-06-15T00:00:00.005000+00:00,-0.000037600000,8.0
1749974400009,2025-06-15T08:00:00.009000+00:00,0.000073340000,8.0
1750003200000,2025-06-15T16:00:00+00:00,0.000087090000,8.0
1750032000000,2025-06-16T00:00:00+00:00,0.000100000000,8.0
1750060800000,2025-06-16T08:00:00+00:00,0.000100000000,8.0
1750089600003,2025-06-16T16:00:00.003000+00:00,-0.000006240000,8.0
1750118400000,2025-06-17T00:00:00+00:00,0.000009960000,8.0
1750147200006,2025-06-17T08:00:00.006000+00:00,0.000100000000,8.0
1750176000001,2025-06-17T16:00:00.001000+00:00,0.000053220000,8.0
1750204800001,2025-06-18T00:00:00.001000+00:00,0.000055520000,8.0
1750233600001,2025-06-18T08:00:00.001000+00:00,-0.000007100000,8.0
1750262400001,2025-06-18T16:00:00.001000+00:00,-0.000020740000,8.0
1750291200005,2025-06-19T00:00:00.005000+00:00,0.000028530000,8.0
1750320000003,2025-06-19T08:00:00.003000+00:00,0.000025650000,8.0
1750348800000,2025-06-19T16:00:00+00:00,0.000010750000,8.0
1750377600000,2025-06-20T00:00:00+00:00,0.000055380000,8.0
1750406400002,2025-06-20T08:00:00.002000+00:00,0.000040900000,8.0
1750435200001,2025-06-20T16:00:00.001000+00:00,0.000014430000,8.0
1750464000002,2025-06-21T00:00:00.002000+00:00,-0.000051180000,8.0
1750492800005,2025-06-21T08:00:00.005000+00:00,-0.000076130000,8.0
1750521600000,2025-06-21T16:00:00+00:00,0.000027320000,8.0
1750550400005,2025-06-22T00:00:00.005000+00:00,-0.000034640000,8.0
1750579200000,2025-06-22T08:00:00+00:00,0.000039650000,8.0
1750608000003,2025-06-22T16:00:00.003000+00:00,0.000008550000,8.0
1750636800000,2025-06-23T00:00:00+00:00,0.000049790000,8.0
1750665600004,2025-06-23T08:00:00.004000+00:00,0.000004690000,8.0
1750694400013,2025-06-23T16:00:00.013000+00:00,0.000014400000,8.0
1750723200003,2025-06-24T00:00:00.003000+00:00,0.000086380000,8.0
1750752000000,2025-06-24T08:00:00+00:00,-0.000020130000,8.0
1750780800000,2025-06-24T16:00:00+00:00,0.000020410000,8.0
1750809600005,2025-06-25T00:00:00.005000+00:00,-0.000013450000,8.0
1750838400000,2025-06-25T08:00:00+00:00,0.000100000000,8.0
1750867200005,2025-06-25T16:00:00.005000+00:00,0.000047390000,8.0
1750896000000,2025-06-26T00:00:00+00:00,0.000034130000,8.0
1750924800006,2025-06-26T08:00:00.006000+00:00,0.000021450000,8.0
1750953600007,2025-06-26T16:00:00.007000+00:00,-0.000061840000,8.0
1750982400000,2025-06-27T00:00:00+00:00,-0.000064420000,8.0
1751011200000,2025-06-27T08:00:00+00:00,0.000015410000,8.0
1751040000009,2025-06-27T16:00:00.009000+00:00,0.000017380000,8.0
1751068800001,2025-06-28T00:00:00.001000+00:00,0.000069330000,8.0
1751097600002,2025-06-28T08:00:00.002000+00:00,0.000100000000,8.0
1751126400000,2025-06-28T16:00:00+00:00,0.000100000000,8.0
1751155200004,2025-06-29T00:00:00.004000+00:00,0.000100000000,8.0
1751184000001,2025-06-29T08:00:00.001000+00:00,0.000100000000,8.0
1751212800001,2025-06-29T16:00:00.001000+00:00,0.000034600000,8.0
1751241600000,2025-06-30T00:00:00+00:00,0.000069870000,8.0
1751270400005,2025-06-30T08:00:00.005000+00:00,0.000008330000,8.0
1751299200002,2025-06-30T16:00:00.002000+00:00,0.000039260000,8.0
1751328000007,2025-07-01T00:00:00.007000+00:00,0.000091230000,8.0
1751356800002,2025-07-01T08:00:00.002000+00:00,0.000050500000,8.0
1751385600000,2025-07-01T16:00:00+00:00,-0.000072350000,8.0
1751414400001,2025-07-02T00:00:00.001000+00:00,-0.000058260000,8.0
1751443200000,2025-07-02T08:00:00+00:00,-0.000042810000,8.0
1751472000003,2025-07-02T16:00:00.003000+00:00,-0.000004920000,8.0
1751500800006,2025-07-03T00:00:00.006000+00:00,0.000075140000,8.0
1751529600003,2025-07-03T08:00:00.003000+00:00,0.000087840000,8.0
1751558400003,2025-07-03T16:00:00.003000+00:00,-0.000008080000,8.0
1751587200005,2025-07-04T00:00:00.005000+00:00,-0.000013390000,8.0
1751616000003,2025-07-04T08:00:00.003000+00:00,0.000099740000,8.0
1751644800001,2025-07-04T16:00:00.001000+00:00,-0.000061620000,8.0
1751673600004,2025-07-05T00:00:00.004000+00:00,-0.000151450000,8.0
1751702400009,2025-07-05T08:00:00.009000+00:00,-0.000078630000,8.0
1751731200006,2025-07-05T16:00:00.006000+00:00,-0.000064980000,8.0
1751760000001,2025-07-06T00:00:00.001000+00:00,-0.000033640000,8.0
1751788800002,2025-07-06T08:00:00.002000+00:00,-0.000075400000,8.0
1751817600004,2025-07-06T16:00:00.004000+00:00,0.000034420000,8.0
1751846400000,2025-07-07T00:00:00+00:00,0.000100000000,8.0
1751875200007,2025-07-07T08:00:00.007000+00:00,0.000068800000,8.0
1751904000000,2025-07-07T16:00:00+00:00,0.000035700000,8.0
1751932800010,2025-07-08T00:00:00.010000+00:00,0.000034740000,8.0
1751961600003,2025-07-08T08:00:00.003000+00:00,-0.000033110000,8.0
1751990400000,2025-07-08T16:00:00+00:00,-0.000007410000,8.0
1752019200002,2025-07-09T00:00:00.002000+00:00,0.000020530000,8.0
1752048000006,2025-07-09T08:00:00.006000+00:00,0.000000170000,8.0
1752076800001,2025-07-09T16:00:00.001000+00:00,0.000005520000,8.0
1752105600003,2025-07-10T00:00:00.003000+00:00,0.000100000000,8.0
1752134400000,2025-07-10T08:00:00+00:00,0.000021270000,8.0
1752163200004,2025-07-10T16:00:00.004000+00:00,0.000016900000,8.0
1752192000004,2025-07-11T00:00:00.004000+00:00,0.000100000000,8.0
1752220800007,2025-07-11T08:00:00.007000+00:00,0.000040640000,8.0
1752249600001,2025-07-11T16:00:00.001000+00:00,0.000100000000,8.0
1752278400000,2025-07-12T00:00:00+00:00,0.000100000000,8.0
1752307200001,2025-07-12T08:00:00.001000+00:00,0.000100000000,8.0
1752336000002,2025-07-12T16:00:00.002000+00:00,0.000100000000,8.0
1752364800006,2025-07-13T00:00:00.006000+00:00,0.000100000000,8.0
1752393600001,2025-07-13T08:00:00.001000+00:00,0.000100000000,8.0
1752422400003,2025-07-13T16:00:00.003000+00:00,0.000077190000,8.0
1752451200000,2025-07-14T00:00:00+00:00,0.000035900000,8.0
1752480000000,2025-07-14T08:00:00+00:00,0.000100000000,8.0
1752508800000,2025-07-14T16:00:00+00:00,0.000100000000,8.0
1752537600002,2025-07-15T00:00:00.002000+00:00,0.000077580000,8.0
1752566400000,2025-07-15T08:00:00+00:00,-0.000003610000,8.0
1752595200000,2025-07-15T16:00:00+00:00,0.000022440000,8.0
1752624000000,2025-07-16T00:00:00+00:00,0.000100000000,8.0
1752652800000,2025-07-16T08:00:00+00:00,0.000100000000,8.0
1752681600008,2025-07-16T16:00:00.008000+00:00,0.000100000000,8.0
1752710400003,2025-07-17T00:00:00.003000+00:00,0.000100000000,8.0
1752739200000,2025-07-17T08:00:00+00:00,0.000100000000,8.0
1752768000000,2025-07-17T16:00:00+00:00,0.000100000000,8.0
1752796800004,2025-07-18T00:00:00.004000+00:00,0.000100000000,8.0
1752825600000,2025-07-18T08:00:00+00:00,0.000100000000,8.0
1752854400000,2025-07-18T16:00:00+00:00,0.000100000000,8.0
1752883200009,2025-07-19T00:00:00.009000+00:00,0.000100000000,8.0
1752912000000,2025-07-19T08:00:00+00:00,0.000100000000,8.0
1752940800002,2025-07-19T16:00:00.002000+00:00,0.000100000000,8.0
1752969600000,2025-07-20T00:00:00+00:00,0.000100000000,8.0
1752998400000,2025-07-20T08:00:00+00:00,0.000100000000,8.0
1753027200000,2025-07-20T16:00:00+00:00,0.000100000000,8.0
1753056000001,2025-07-21T00:00:00.001000+00:00,0.000100000000,8.0
1753084800000,2025-07-21T08:00:00+00:00,0.000100000000,8.0
1753113600001,2025-07-21T16:00:00.001000+00:00,0.000129000000,8.0
1753142400000,2025-07-22T00:00:00+00:00,0.000100000000,8.0
1753171200010,2025-07-22T08:00:00.010000+00:00,0.000100000000,8.0
1753200000007,2025-07-22T16:00:00.007000+00:00,0.000100000000,8.0
1753228800000,2025-07-23T00:00:00+00:00,0.000100000000,8.0
1753257600004,2025-07-23T08:00:00.004000+00:00,0.000100000000,8.0
1753286400002,2025-07-23T16:00:00.002000+00:00,0.000100000000,8.0
1753315200000,2025-07-24T00:00:00+00:00,0.000100000000,8.0
1753344000001,2025-07-24T08:00:00.001000+00:00,0.000100000000,8.0
1753372800000,2025-07-24T16:00:00+00:00,0.000100000000,8.0
1753401600000,2025-07-25T00:00:00+00:00,0.000100000000,8.0
1753430400000,2025-07-25T08:00:00+00:00,0.000061020000,8.0
1753459200000,2025-07-25T16:00:00+00:00,0.000100000000,8.0
1753488000001,2025-07-26T00:00:00.001000+00:00,0.000100000000,8.0
1753516800005,2025-07-26T08:00:00.005000+00:00,0.000100000000,8.0
1753545600001,2025-07-26T16:00:00.001000+00:00,0.000100000000,8.0
1753574400001,2025-07-27T00:00:00.001000+00:00,0.000100000000,8.0
1753603200000,2025-07-27T08:00:00+00:00,0.000100000000,8.0
1753632000008,2025-07-27T16:00:00.008000+00:00,0.000100000000,8.0
1753660800005,2025-07-28T00:00:00.005000+00:00,0.000100000000,8.0
1753689600000,2025-07-28T08:00:00+00:00,0.000100000000,8.0
1753718400000,2025-07-28T16:00:00+00:00,0.000100000000,8.0
1753747200001,2025-07-29T00:00:00.001000+00:00,-0.000003470000,8.0
1753776000000,2025-07-29T08:00:00+00:00,0.000008170000,8.0
1753804800000,2025-07-29T16:00:00+00:00,0.000042180000,8.0
1753833600011,2025-07-30T00:00:00.011000+00:00,0.000010980000,8.0
1753862400000,2025-07-30T08:00:00+00:00,0.000076550000,8.0
1753891200008,2025-07-30T16:00:00.008000+00:00,-0.000012660000,8.0
1753920000000,2025-07-31T00:00:00+00:00,-0.000008140000,8.0
1753948800009,2025-07-31T08:00:00.009000+00:00,0.000046620000,8.0
1753977600000,2025-07-31T16:00:00+00:00,0.000008620000,8.0
1754006400001,2025-08-01T00:00:00.001000+00:00,0.000040340000,8.0
1754035200003,2025-08-01T08:00:00.003000+00:00,-0.000014400000,8.0
1754064000000,2025-08-01T16:00:00+00:00,0.000038520000,8.0
1754092800004,2025-08-02T00:00:00.004000+00:00,-0.000038510000,8.0
1754121600000,2025-08-02T08:00:00+00:00,0.000036540000,8.0
1754150400000,2025-08-02T16:00:00+00:00,0.000039810000,8.0
1754179200000,2025-08-03T00:00:00+00:00,-0.000100620000,8.0
1754208000000,2025-08-03T08:00:00+00:00,-0.000059200000,8.0
1754236800003,2025-08-03T16:00:00.003000+00:00,-0.000075710000,8.0
1754265600004,2025-08-04T00:00:00.004000+00:00,-0.000145340000,8.0
1754294400000,2025-08-04T08:00:00+00:00,-0.000062970000,8.0
1754323200002,2025-08-04T16:00:00.002000+00:00,-0.000064580000,8.0
1754352000000,2025-08-05T00:00:00+00:00,-0.000035770000,8.0
1754380800000,2025-08-05T08:00:00+00:00,-0.000021170000,8.0
1754409600000,2025-08-05T16:00:00+00:00,-0.000048160000,8.0
1754438400005,2025-08-06T00:00:00.005000+00:00,-0.000068400000,8.0
1754467200000,2025-08-06T08:00:00+00:00,-0.000035840000,8.0
1754496000000,2025-08-06T16:00:00+00:00,0.000018400000,8.0
1754524800003,2025-08-07T00:00:00.003000+00:00,0.000100000000,8.0
1754553600002,2025-08-07T08:00:00.002000+00:00,0.000012460000,8.0
1754582400002,2025-08-07T16:00:00.002000+00:00,0.000044310000,8.0
1754611200002,2025-08-08T00:00:00.002000+00:00,0.000064220000,8.0
1754640000004,2025-08-08T08:00:00.004000+00:00,0.000011970000,8.0
1754668800000,2025-08-08T16:00:00+00:00,0.000030430000,8.0
1754697600005,2025-08-09T00:00:00.005000+00:00,0.000100000000,8.0
1754726400000,2025-08-09T08:00:00+00:00,0.000083450000,8.0
1754755200007,2025-08-09T16:00:00.007000+00:00,0.000077120000,8.0
1754784000003,2025-08-10T00:00:00.003000+00:00,0.000096120000,8.0
1754812800005,2025-08-10T08:00:00.005000+00:00,0.000078420000,8.0
1754841600002,2025-08-10T16:00:00.002000+00:00,0.000100000000,8.0
1754870400000,2025-08-11T00:00:00+00:00,0.000095080000,8.0
1754899200000,2025-08-11T08:00:00+00:00,0.000100000000,8.0
1754928000000,2025-08-11T16:00:00+00:00,0.000003190000,8.0
1754956800000,2025-08-12T00:00:00+00:00,-0.000023940000,8.0
1754985600001,2025-08-12T08:00:00.001000+00:00,-0.000012030000,8.0
1755014400005,2025-08-12T16:00:00.005000+00:00,-0.000022570000,8.0
1755043200000,2025-08-13T00:00:00+00:00,0.000100000000,8.0
1755072000002,2025-08-13T08:00:00.002000+00:00,0.000100000000,8.0
1755100800006,2025-08-13T16:00:00.006000+00:00,0.000100000000,8.0
1755129600002,2025-08-14T00:00:00.002000+00:00,0.000100000000,8.0
1755158400003,2025-08-14T08:00:00.003000+00:00,0.000258760000,8.0
1755187200000,2025-08-14T16:00:00+00:00,0.000100000000,8.0
1755216000000,2025-08-15T00:00:00+00:00,0.000100000000,8.0
1755244800000,2025-08-15T08:00:00+00:00,0.000100000000,8.0
1755273600000,2025-08-15T16:00:00+00:00,0.000040240000,8.0
1755302400004,2025-08-16T00:00:00.004000+00:00,-0.000042190000,8.0
1755331200000,2025-08-16T08:00:00+00:00,0.000062790000,8.0
1755360000002,2025-08-16T16:00:00.002000+00:00,0.000071340000,8.0
1755388800000,2025-08-17T00:00:00+00:00,0.000100000000,8.0
1755417600001,2025-08-17T08:00:00.001000+00:00,0.000096300000,8.0
1755446400007,2025-08-17T16:00:00.007000+00:00,0.000051050000,8.0
1755475200000,2025-08-18T00:00:00+00:00,0.000088600000,8.0
1755504000001,2025-08-18T08:00:00.001000+00:00,-0.000050770000,8.0
1755532800002,2025-08-18T16:00:00.002000+00:00,-0.000061630000,8.0
1755561600000,2025-08-19T00:00:00+00:00,-0.000019860000,8.0
1755590400001,2025-08-19T08:00:00.001000+00:00,0.000040480000,8.0
1755619200000,2025-08-19T16:00:00+00:00,0.000062930000,8.0
1755648000000,2025-08-20T00:00:00+00:00,0.000025810000,8.0
1755676800000,2025-08-20T08:00:00+00:00,0.000088100000,8.0
1755705600000,2025-08-20T16:00:00+00:00,0.000100000000,8.0
1755734400006,2025-08-21T00:00:00.006000+00:00,0.000100000000,8.0
1755763200000,2025-08-21T08:00:00+00:00,0.000100000000,8.0
1755792000003,2025-08-21T16:00:00.003000+00:00,0.000013660000,8.0
1755820800010,2025-08-22T00:00:00.010000+00:00,0.000033010000,8.0
1755849600007,2025-08-22T08:00:00.007000+00:00,0.000100000000,8.0
1755878400001,2025-08-22T16:00:00.001000+00:00,0.000100000000,8.0
1755907200004,2025-08-23T00:00:00.004000+00:00,0.000100000000,8.0
1755936000006,2025-08-23T08:00:00.006000+00:00,0.000100000000,8.0
1755964800000,2025-08-23T16:00:00+00:00,0.000100000000,8.0
1755993600001,2025-08-24T00:00:00.001000+00:00,0.000100000000,8.0
1756022400002,2025-08-24T08:00:00.002000+00:00,0.000100000000,8.0
1756051200001,2025-08-24T16:00:00.001000+00:00,0.000100000000,8.0
1756080000000,2025-08-25T00:00:00+00:00,0.000100000000,8.0
1756108800002,2025-08-25T08:00:00.002000+00:00,0.000100000000,8.0
1756137600002,2025-08-25T16:00:00.002000+00:00,0.000100000000,8.0
1756166400000,2025-08-26T00:00:00+00:00,0.000028570000,8.0
1756195200000,2025-08-26T08:00:00+00:00,-0.000008980000,8.0
1756224000000,2025-08-26T16:00:00+00:00,0.000052700000,8.0
1756252800003,2025-08-27T00:00:00.003000+00:00,0.000100000000,8.0
1756281600000,2025-08-27T08:00:00+00:00,0.000100000000,8.0
1756310400009,2025-08-27T16:00:00.009000+00:00,0.000100000000,8.0
1756339200000,2025-08-28T00:00:00+00:00,0.000100000000,8.0
1756368000005,2025-08-28T08:00:00.005000+00:00,0.000100000000,8.0
1756396800004,2025-08-28T16:00:00.004000+00:00,0.000100000000,8.0
1756425600000,2025-08-29T00:00:00+00:00,0.000085620000,8.0
1756454400000,2025-08-29T08:00:00+00:00,0.000077930000,8.0
1756483200005,2025-08-29T16:00:00.005000+00:00,0.000070470000,8.0
1756512000000,2025-08-30T00:00:00+00:00,-0.000013620000,8.0
1756540800002,2025-08-30T08:00:00.002000+00:00,0.000053730000,8.0
1756569600003,2025-08-30T16:00:00.003000+00:00,-0.000031400000,8.0
1756598400016,2025-08-31T00:00:00.016000+00:00,0.000017530000,8.0
1756627200000,2025-08-31T08:00:00+00:00,0.000095180000,8.0
1756656000001,2025-08-31T16:00:00.001000+00:00,0.000090360000,8.0
1756684800000,2025-09-01T00:00:00+00:00,0.000090190000,8.0
1756713600000,2025-09-01T08:00:00+00:00,0.000007920000,8.0
1756742400001,2025-09-01T16:00:00.001000+00:00,0.000023020000,8.0
1756771200000,2025-09-02T00:00:00+00:00,0.000045760000,8.0
1756800000005,2025-09-02T08:00:00.005000+00:00,0.000100000000,8.0
1756828800007,2025-09-02T16:00:00.007000+00:00,0.000098720000,8.0
1756857600006,2025-09-03T00:00:00.006000+00:00,0.000100000000,8.0
1756886400002,2025-09-03T08:00:00.002000+00:00,0.000086850000,8.0
1756915200002,2025-09-03T16:00:00.002000+00:00,0.000007610000,8.0
1756944000002,2025-09-04T00:00:00.002000+00:00,0.000030740000,8.0
1756972800000,2025-09-04T08:00:00+00:00,0.000067030000,8.0
1757001600000,2025-09-04T16:00:00+00:00,0.000066910000,8.0
1757030400001,2025-09-05T00:00:00.001000+00:00,-0.000004570000,8.0
1757059200006,2025-09-05T08:00:00.006000+00:00,0.000014930000,8.0
1757088000000,2025-09-05T16:00:00+00:00,0.000011220000,8.0
1757116800000,2025-09-06T00:00:00+00:00,0.000089000000,8.0
1757145600005,2025-09-06T08:00:00.005000+00:00,0.000100000000,8.0
1757174400000,2025-09-06T16:00:00+00:00,0.000017540000,8.0
1757203200000,2025-09-07T00:00:00+00:00,0.000000060000,8.0
1757232000000,2025-09-07T08:00:00+00:00,0.000065420000,8.0
1757260800000,2025-09-07T16:00:00+00:00,0.000030770000,8.0
1757289600007,2025-09-08T00:00:00.007000+00:00,0.000100000000,8.0
1757318400000,2025-09-08T08:00:00+00:00,0.000100000000,8.0
1757347200000,2025-09-08T16:00:00+00:00,0.000100000000,8.0
1757376000000,2025-09-09T00:00:00+00:00,0.000089160000,8.0
1757404800000,2025-09-09T08:00:00+00:00,0.000100000000,8.0
1757433600000,2025-09-09T16:00:00+00:00,0.000100000000,8.0
1757462400000,2025-09-10T00:00:00+00:00,0.000036170000,8.0
1757491200002,2025-09-10T08:00:00.002000+00:00,0.000100000000,8.0
1757520000000,2025-09-10T16:00:00+00:00,0.000100000000,8.0
1757548800000,2025-09-11T00:00:00+00:00,0.000049530000,8.0
1757577600000,2025-09-11T08:00:00+00:00,-0.000019900000,8.0
1757606400001,2025-09-11T16:00:00.001000+00:00,0.000094860000,8.0
1757635200002,2025-09-12T00:00:00.002000+00:00,0.000002360000,8.0
1757664000001,2025-09-12T08:00:00.001000+00:00,0.000004690000,8.0
1757692800005,2025-09-12T16:00:00.005000+00:00,0.000007190000,8.0
1757721600005,2025-09-13T00:00:00.005000+00:00,0.000017090000,8.0
1757750400002,2025-09-13T08:00:00.002000+00:00,0.000063270000,8.0
1757779200000,2025-09-13T16:00:00+00:00,0.000056230000,8.0
1757808000006,2025-09-14T00:00:00.006000+00:00,-0.000003760000,8.0
1757836800000,2025-09-14T08:00:00+00:00,0.000058130000,8.0
1757865600001,2025-09-14T16:00:00.001000+00:00,0.000029200000,8.0
1757894400006,2025-09-15T00:00:00.006000+00:00,-0.000007170000,8.0
1757923200002,2025-09-15T08:00:00.002000+00:00,0.000008580000,8.0
1757952000001,2025-09-15T16:00:00.001000+00:00,0.000048130000,8.0
1757980800001,2025-09-16T00:00:00.001000+00:00,0.000064050000,8.0
1758009600000,2025-09-16T08:00:00+00:00,0.000076360000,8.0
1758038400000,2025-09-16T16:00:00+00:00,0.000077830000,8.0
1758067200001,2025-09-17T00:00:00.001000+00:00,-0.000019580000,8.0
1758096000000,2025-09-17T08:00:00+00:00,0.000037820000,8.0
1758124800003,2025-09-17T16:00:00.003000+00:00,0.000034280000,8.0
1758153600006,2025-09-18T00:00:00.006000+00:00,0.000087190000,8.0
1758182400002,2025-09-18T08:00:00.002000+00:00,0.000100000000,8.0
1758211200000,2025-09-18T16:00:00+00:00,0.000014680000,8.0
1758240000000,2025-09-19T00:00:00+00:00,0.000100000000,8.0
1758268800005,2025-09-19T08:00:00.005000+00:00,0.000096670000,8.0
1758297600000,2025-09-19T16:00:00+00:00,0.000008030000,8.0
1758326400000,2025-09-20T00:00:00+00:00,-0.000033240000,8.0
1758355200000,2025-09-20T08:00:00+00:00,-0.000069800000,8.0
1758384000002,2025-09-20T16:00:00.002000+00:00,-0.000029090000,8.0
1758412800000,2025-09-21T00:00:00+00:00,-0.000004390000,8.0
1758441600000,2025-09-21T08:00:00+00:00,0.000043910000,8.0
1758470400000,2025-09-21T16:00:00+00:00,0.000009630000,8.0
1758499200005,2025-09-22T00:00:00.005000+00:00,0.000004060000,8.0
1758528000003,2025-09-22T08:00:00.003000+00:00,-0.000013620000,8.0
1758556800000,2025-09-22T16:00:00+00:00,-0.000103440000,8.0
1758585600000,2025-09-23T00:00:00+00:00,0.000046220000,8.0
1758614400001,2025-09-23T08:00:00.001000+00:00,0.000048730000,8.0
1758643200000,2025-09-23T16:00:00+00:00,0.000005930000,8.0
1758672000003,2025-09-24T00:00:00.003000+00:00,0.000028310000,8.0
1758700800001,2025-09-24T08:00:00.001000+00:00,0.000030940000,8.0
1758729600002,2025-09-24T16:00:00.002000+00:00,-0.000003400000,8.0
1758758400000,2025-09-25T00:00:00+00:00,-0.000128400000,8.0
1758787200001,2025-09-25T08:00:00.001000+00:00,-0.000034460000,8.0
1758816000000,2025-09-25T16:00:00+00:00,0.000035950000,8.0
1758844800000,2025-09-26T00:00:00+00:00,0.000037430000,8.0
1758873600000,2025-09-26T08:00:00+00:00,-0.000039770000,8.0
1758902400008,2025-09-26T16:00:00.008000+00:00,-0.000047720000,8.0
1758931200000,2025-09-27T00:00:00+00:00,-0.000098620000,8.0
1758960000010,2025-09-27T08:00:00.010000+00:00,0.000069550000,8.0
1758988800003,2025-09-27T16:00:00.003000+00:00,-0.000022930000,8.0
1759017600000,2025-09-28T00:00:00+00:00,0.000021050000,8.0
1759046400000,2025-09-28T08:00:00+00:00,-0.000037150000,8.0
1759075200000,2025-09-28T16:00:00+00:00,0.000019700000,8.0
1759104000000,2025-09-29T00:00:00+00:00,0.000047620000,8.0
1759132800002,2025-09-29T08:00:00.002000+00:00,0.000100000000,8.0
1759161600001,2025-09-29T16:00:00.001000+00:00,-0.000074120000,8.0
1759190400002,2025-09-30T00:00:00.002000+00:00,-0.000050660000,8.0
1759219200005,2025-09-30T08:00:00.005000+00:00,-0.000160840000,8.0
1759248000000,2025-09-30T16:00:00+00:00,-0.000038590000,8.0
1759276800000,2025-10-01T00:00:00+00:00,0.000070700000,8.0
1759305600000,2025-10-01T08:00:00+00:00,0.000100000000,8.0
1759334400000,2025-10-01T16:00:00+00:00,-0.000007020000,8.0
1759363200000,2025-10-02T00:00:00+00:00,0.000079430000,8.0
1759392000013,2025-10-02T08:00:00.013000+00:00,-0.000098120000,8.0
1759420800000,2025-10-02T16:00:00+00:00,-0.000020910000,8.0
1759449600006,2025-10-03T00:00:00.006000+00:00,-0.000099370000,8.0
1759478400006,2025-10-03T08:00:00.006000+00:00,0.000062480000,8.0
1759507200000,2025-10-03T16:00:00+00:00,0.000073890000,8.0
1759536000001,2025-10-04T00:00:00.001000+00:00,0.000077250000,8.0
1759564800000,2025-10-04T08:00:00+00:00,0.000005170000,8.0
1759593600000,2025-10-04T16:00:00+00:00,0.000010400000,8.0
1759622400000,2025-10-05T00:00:00+00:00,0.000010130000,8.0
1759651200003,2025-10-05T08:00:00.003000+00:00,0.000088100000,8.0
1759680000009,2025-10-05T16:00:00.009000+00:00,-0.000047220000,8.0
1759708800004,2025-10-06T00:00:00.004000+00:00,-0.000072410000,8.0
1759737600002,2025-10-06T08:00:00.002000+00:00,0.000029630000,8.0
1759766400004,2025-10-06T16:00:00.004000+00:00,0.000053950000,8.0
1759795200000,2025-10-07T00:00:00+00:00,0.000017680000,8.0
1759824000003,2025-10-07T08:00:00.003000+00:00,-0.000066950000,8.0
1759852800000,2025-10-07T16:00:00+00:00,-0.000021080000,8.0
1759881600000,2025-10-08T00:00:00+00:00,-0.000067810000,8.0
1759910400006,2025-10-08T08:00:00.006000+00:00,-0.000006050000,8.0
1759939200002,2025-10-08T16:00:00.002000+00:00,-0.000035810000,8.0
1759968000001,2025-10-09T00:00:00.001000+00:00,0.000100000000,8.0
1759996800000,2025-10-09T08:00:00+00:00,0.000100000000,8.0
1760025600000,2025-10-09T16:00:00+00:00,-0.000002360000,8.0
1760054400005,2025-10-10T00:00:00.005000+00:00,-0.000023670000,8.0
1760083200002,2025-10-10T08:00:00.002000+00:00,0.000027840000,8.0
1760112000014,2025-10-10T16:00:00.014000+00:00,0.000003060000,8.0
1760140800000,2025-10-11T00:00:00+00:00,-0.003027610000,8.0
1760169600003,2025-10-11T08:00:00.003000+00:00,-0.002038780000,8.0
1760198400000,2025-10-11T16:00:00+00:00,-0.001587040000,8.0
1760227200004,2025-10-12T00:00:00.004000+00:00,-0.001249940000,8.0
1760256000002,2025-10-12T08:00:00.002000+00:00,-0.001234080000,8.0
1760284800000,2025-10-12T16:00:00+00:00,-0.000571830000,8.0
1760313600003,2025-10-13T00:00:00.003000+00:00,-0.000607250000,8.0
1760342400002,2025-10-13T08:00:00.002000+00:00,-0.000233110000,8.0
1760371200003,2025-10-13T16:00:00.003000+00:00,-0.000051220000,8.0
1760400000000,2025-10-14T00:00:00+00:00,0.000006210000,8.0
1760428800000,2025-10-14T08:00:00+00:00,0.000040880000,8.0
1760457600000,2025-10-14T16:00:00+00:00,-0.000071100000,8.0
1760486400006,2025-10-15T00:00:00.006000+00:00,-0.000060960000,8.0
1760515200002,2025-10-15T08:00:00.002000+00:00,0.000057490000,8.0
1760544000000,2025-10-15T16:00:00+00:00,0.000040990000,8.0
1760572800000,2025-10-16T00:00:00+00:00,-0.000067840000,8.0
1760601600003,2025-10-16T08:00:00.003000+00:00,-0.000041130000,8.0
1760630400002,2025-10-16T16:00:00.002000+00:00,-0.000076140000,8.0
1760659200001,2025-10-17T00:00:00.001000+00:00,-0.000029940000,8.0
1760688000005,2025-10-17T08:00:00.005000+00:00,0.000073290000,8.0
1760716800003,2025-10-17T16:00:00.003000+00:00,0.000094620000,8.0
1760745600000,2025-10-18T00:00:00+00:00,-0.000085450000,8.0
1760774400002,2025-10-18T08:00:00.002000+00:00,-0.000001550000,8.0
1760803200001,2025-10-18T16:00:00.001000+00:00,-0.000035010000,8.0
1760832000001,2025-10-19T00:00:00.001000+00:00,0.000100000000,8.0
1760860800001,2025-10-19T08:00:00.001000+00:00,0.000019970000,8.0
1760889600001,2025-10-19T16:00:00.001000+00:00,0.000022500000,8.0
1760918400004,2025-10-20T00:00:00.004000+00:00,-0.000085690000,8.0
1760947200001,2025-10-20T08:00:00.001000+00:00,0.000005300000,8.0
1760976000000,2025-10-20T16:00:00+00:00,-0.000030040000,8.0
1761004800009,2025-10-21T00:00:00.009000+00:00,-0.000003420000,8.0
1761033600000,2025-10-21T08:00:00+00:00,-0.000089440000,8.0
1761062400000,2025-10-21T16:00:00+00:00,0.000041350000,8.0
1761091200004,2025-10-22T00:00:00.004000+00:00,0.000100000000,8.0
1761120000000,2025-10-22T08:00:00+00:00,-0.000098720000,8.0
1761148800000,2025-10-22T16:00:00+00:00,-0.000022300000,8.0
1761177600000,2025-10-23T00:00:00+00:00,-0.000032160000,8.0
1761206400001,2025-10-23T08:00:00.001000+00:00,0.000006840000,8.0
1761235200004,2025-10-23T16:00:00.004000+00:00,0.000100000000,8.0
1761264000000,2025-10-24T00:00:00+00:00,0.000100000000,8.0
1761292800000,2025-10-24T08:00:00+00:00,0.000100000000,8.0
1761321600009,2025-10-24T16:00:00.009000+00:00,0.000015950000,8.0
1761350400000,2025-10-25T00:00:00+00:00,0.000100000000,8.0
1761379200001,2025-10-25T08:00:00.001000+00:00,0.000100000000,8.0
1761408000001,2025-10-25T16:00:00.001000+00:00,0.000055360000,8.0
1761436800001,2025-10-26T00:00:00.001000+00:00,0.000067210000,8.0
1761465600001,2025-10-26T08:00:00.001000+00:00,0.000044920000,8.0
1761494400000,2025-10-26T16:00:00+00:00,0.000058820000,8.0
1761523200000,2025-10-27T00:00:00+00:00,0.000100000000,8.0
1761552000005,2025-10-27T08:00:00.005000+00:00,0.000100000000,8.0
1761580800000,2025-10-27T16:00:00+00:00,0.000039830000,8.0
1761609600000,2025-10-28T00:00:00+00:00,0.000018200000,8.0
1761638400000,2025-10-28T08:00:00+00:00,0.000079290000,8.0
1761667200004,2025-10-28T16:00:00.004000+00:00,0.000006170000,8.0
1761696000004,2025-10-29T00:00:00.004000+00:00,-0.000138600000,8.0
1761724800005,2025-10-29T08:00:00.005000+00:00,-0.000058080000,8.0
1761753600000,2025-10-29T16:00:00+00:00,0.000088730000,8.0
1761782400004,2025-10-30T00:00:00.004000+00:00,0.000000710000,8.0
1761811200008,2025-10-30T08:00:00.008000+00:00,0.000020260000,8.0
1761840000001,2025-10-30T16:00:00.001000+00:00,-0.000167970000,8.0
1761868800000,2025-10-31T00:00:00+00:00,-0.000220690000,8.0
1761897600008,2025-10-31T08:00:00.008000+00:00,-0.000075230000,8.0
1761926400007,2025-10-31T16:00:00.007000+00:00,-0.000001380000,8.0
1761955200001,2025-11-01T00:00:00.001000+00:00,0.000001500000,8.0
1761984000000,2025-11-01T08:00:00+00:00,0.000029300000,8.0
1762012800000,2025-11-01T16:00:00+00:00,-0.000050410000,8.0
1762041600007,2025-11-02T00:00:00.007000+00:00,0.000052630000,8.0
1762070400000,2025-11-02T08:00:00+00:00,0.000028220000,8.0
1762099200001,2025-11-02T16:00:00.001000+00:00,-0.000073850000,8.0
1762128000000,2025-11-03T00:00:00+00:00,0.000028820000,8.0
1762156800010,2025-11-03T08:00:00.010000+00:00,-0.000170490000,8.0
1762185600000,2025-11-03T16:00:00+00:00,-0.000151460000,8.0
1762214400002,2025-11-04T00:00:00.002000+00:00,-0.000049940000,8.0
1762243200004,2025-11-04T08:00:00.004000+00:00,-0.000138320000,8.0
1762272000000,2025-11-04T16:00:00+00:00,0.000017590000,8.0
1762300800000,2025-11-05T00:00:00+00:00,0.000032730000,8.0
1762329600000,2025-11-05T08:00:00+00:00,0.000050270000,8.0
1762358400004,2025-11-05T16:00:00.004000+00:00,-0.000113080000,8.0
1762387200001,2025-11-06T00:00:00.001000+00:00,-0.000104100000,8.0
1762416000000,2025-11-06T08:00:00+00:00,-0.000043910000,8.0
1762444800001,2025-11-06T16:00:00.001000+00:00,0.000076610000,8.0
1762473600005,2025-11-07T00:00:00.005000+00:00,-0.000019270000,8.0
1762502400003,2025-11-07T08:00:00.003000+00:00,-0.000004730000,8.0
1762531200005,2025-11-07T16:00:00.005000+00:00,0.000019580000,8.0
1762560000011,2025-11-08T00:00:00.011000+00:00,0.000089500000,8.0
1762588800015,2025-11-08T08:00:00.015000+00:00,-0.000012770000,8.0
1762617600001,2025-11-08T16:00:00.001000+00:00,0.000004850000,8.0
1762646400004,2025-11-09T00:00:00.004000+00:00,-0.000095010000,8.0
1762675200000,2025-11-09T08:00:00+00:00,-0.000029220000,8.0
1762704000005,2025-11-09T16:00:00.005000+00:00,0.000044440000,8.0
1762732800000,2025-11-10T00:00:00+00:00,0.000100000000,8.0
1762761600000,2025-11-10T08:00:00+00:00,-0.000112430000,8.0
1762790400003,2025-11-10T16:00:00.003000+00:00,-0.000079600000,8.0
1762819200007,2025-11-11T00:00:00.007000+00:00,-0.000045000000,8.0
1762848000000,2025-11-11T08:00:00+00:00,-0.000208450000,8.0
1762876800009,2025-11-11T16:00:00.009000+00:00,-0.000014070000,8.0
1762905600000,2025-11-12T00:00:00+00:00,-0.000020000000,8.0
1762934400002,2025-11-12T08:00:00.002000+00:00,-0.000158250000,8.0
1762963200000,2025-11-12T16:00:00+00:00,-0.000036500000,8.0
1762992000002,2025-11-13T00:00:00.002000+00:00,-0.000082050000,8.0
1763020800000,2025-11-13T08:00:00+00:00,0.000037850000,8.0
1763049600001,2025-11-13T16:00:00.001000+00:00,-0.000011950000,8.0
1763078400000,2025-11-14T00:00:00+00:00,-0.000190910000,8.0
1763107200000,2025-11-14T08:00:00+00:00,-0.000009950000,8.0
1763136000001,2025-11-14T16:00:00.001000+00:00,0.000100000000,8.0
1763164800005,2025-11-15T00:00:00.005000+00:00,0.000100000000,8.0
1763193600000,2025-11-15T08:00:00+00:00,0.000058510000,8.0
1763222400001,2025-11-15T16:00:00.001000+00:00,-0.000013240000,8.0
1763251200001,2025-11-16T00:00:00.001000+00:00,0.000040710000,8.0
1763280000000,2025-11-16T08:00:00+00:00,0.000071610000,8.0
1763308800000,2025-11-16T16:00:00+00:00,-0.000005320000,8.0
1763337600003,2025-11-17T00:00:00.003000+00:00,0.000100000000,8.0
1763366400003,2025-11-17T08:00:00.003000+00:00,0.000100000000,8.0
1763395200000,2025-11-17T16:00:00+00:00,0.000099940000,8.0
1763424000002,2025-11-18T00:00:00.002000+00:00,0.000020950000,8.0
1763452800004,2025-11-18T08:00:00.004000+00:00,0.000100000000,8.0
1763481600000,2025-11-18T16:00:00+00:00,0.000089220000,8.0
1763510400000,2025-11-19T00:00:00+00:00,0.000027560000,8.0
1763539200000,2025-11-19T08:00:00+00:00,0.000089160000,8.0
1763568000008,2025-11-19T16:00:00.008000+00:00,-0.000006860000,8.0
1763596800000,2025-11-20T00:00:00+00:00,-0.000102120000,8.0
1763625600000,2025-11-20T08:00:00+00:00,0.000100000000,8.0
1763654400000,2025-11-20T16:00:00+00:00,0.000100000000,8.0
1763683200001,2025-11-21T00:00:00.001000+00:00,-0.000093970000,8.0
1763712000000,2025-11-21T08:00:00+00:00,0.000050330000,8.0
1763740800001,2025-11-21T16:00:00.001000+00:00,-0.000121040000,8.0
1763769600004,2025-11-22T00:00:00.004000+00:00,-0.000054190000,8.0
1763798400000,2025-11-22T08:00:00+00:00,-0.000038160000,8.0
1763827200000,2025-11-22T16:00:00+00:00,-0.000050230000,8.0
1763856000000,2025-11-23T00:00:00+00:00,0.000042940000,8.0
1763884800008,2025-11-23T08:00:00.008000+00:00,-0.000049370000,8.0
1763913600003,2025-11-23T16:00:00.003000+00:00,0.000029450000,8.0
1763942400004,2025-11-24T00:00:00.004000+00:00,0.000015090000,8.0
1763971200000,2025-11-24T08:00:00+00:00,0.000034490000,8.0
1764000000006,2025-11-24T16:00:00.006000+00:00,0.000004570000,8.0
1764028800000,2025-11-25T00:00:00+00:00,-0.000048470000,8.0
1764057600009,2025-11-25T08:00:00.009000+00:00,0.000085430000,8.0
1764086400007,2025-11-25T16:00:00.007000+00:00,-0.000181050000,8.0
1764115200001,2025-11-26T00:00:00.001000+00:00,-0.000006750000,8.0
1764144000001,2025-11-26T08:00:00.001000+00:00,0.000100000000,8.0
1764172800000,2025-11-26T16:00:00+00:00,-0.000086040000,8.0
1764201600013,2025-11-27T00:00:00.013000+00:00,0.000088200000,8.0
1764230400000,2025-11-27T08:00:00+00:00,-0.000012550000,8.0
1764259200004,2025-11-27T16:00:00.004000+00:00,0.000026430000,8.0
1764288000008,2025-11-28T00:00:00.008000+00:00,-0.000064080000,8.0
1764316800000,2025-11-28T08:00:00+00:00,-0.000151360000,8.0
1764345600008,2025-11-28T16:00:00.008000+00:00,0.000022040000,8.0
1764374400000,2025-11-29T00:00:00+00:00,-0.000083280000,8.0
1764403200005,2025-11-29T08:00:00.005000+00:00,0.000061000000,8.0
1764432000001,2025-11-29T16:00:00.001000+00:00,0.000010890000,8.0
1764460800003,2025-11-30T00:00:00.003000+00:00,0.000071730000,8.0
1764489600000,2025-11-30T08:00:00+00:00,0.000066640000,8.0
1764518400004,2025-11-30T16:00:00.004000+00:00,0.000084020000,8.0
1764547200000,2025-12-01T00:00:00+00:00,0.000100000000,8.0
1764576000004,2025-12-01T08:00:00.004000+00:00,-0.000091610000,8.0
1764604800000,2025-12-01T16:00:00+00:00,0.000007070000,8.0
1764633600004,2025-12-02T00:00:00.004000+00:00,-0.000061470000,8.0
1764662400000,2025-12-02T08:00:00+00:00,0.000015490000,8.0
1764691200000,2025-12-02T16:00:00+00:00,0.000024880000,8.0
1764720000000,2025-12-03T00:00:00+00:00,0.000100000000,8.0
1764748800000,2025-12-03T08:00:00+00:00,0.000088350000,8.0
1764777600005,2025-12-03T16:00:00.005000+00:00,0.000064380000,8.0
1764806400012,2025-12-04T00:00:00.012000+00:00,0.000100000000,8.0
1764835200000,2025-12-04T08:00:00+00:00,0.000072120000,8.0
1764864000011,2025-12-04T16:00:00.011000+00:00,0.000100000000,8.0
1764892800000,2025-12-05T00:00:00+00:00,0.000025830000,8.0
1764921600000,2025-12-05T08:00:00+00:00,0.000045990000,8.0
1764950400010,2025-12-05T16:00:00.010000+00:00,0.000063530000,8.0
1764979200001,2025-12-06T00:00:00.001000+00:00,-0.000025190000,8.0
1765008000001,2025-12-06T08:00:00.001000+00:00,-0.000011540000,8.0
1765036800008,2025-12-06T16:00:00.008000+00:00,-0.000022080000,8.0
1765065600000,2025-12-07T00:00:00+00:00,0.000049770000,8.0
1765094400004,2025-12-07T08:00:00.004000+00:00,0.000024910000,8.0
1765123200000,2025-12-07T16:00:00+00:00,-0.000044490000,8.0
1765152000000,2025-12-08T00:00:00+00:00,-0.000046760000,8.0
1765180800000,2025-12-08T08:00:00+00:00,0.000069810000,8.0
1765209600001,2025-12-08T16:00:00.001000+00:00,0.000076210000,8.0
1765238400001,2025-12-09T00:00:00.001000+00:00,-0.000043930000,8.0
1765267200001,2025-12-09T08:00:00.001000+00:00,0.000031890000,8.0
1765296000007,2025-12-09T16:00:00.007000+00:00,-0.000013800000,8.0
1765324800007,2025-12-10T00:00:00.007000+00:00,0.000100000000,8.0
1765353600002,2025-12-10T08:00:00.002000+00:00,0.000020670000,8.0
1765382400012,2025-12-10T16:00:00.012000+00:00,0.000023100000,8.0
1765411200001,2025-12-11T00:00:00.001000+00:00,0.000009450000,8.0
1765440000000,2025-12-11T08:00:00+00:00,-0.000163690000,8.0
1765468800000,2025-12-11T16:00:00+00:00,-0.000065310000,8.0
1765497600005,2025-12-12T00:00:00.005000+00:00,0.000094120000,8.0
1765526400007,2025-12-12T08:00:00.007000+00:00,0.000100000000,8.0
1765555200002,2025-12-12T16:00:00.002000+00:00,0.000100000000,8.0
1765584000001,2025-12-13T00:00:00.001000+00:00,-0.000077030000,8.0
1765612800006,2025-12-13T08:00:00.006000+00:00,-0.000020110000,8.0
1765641600000,2025-12-13T16:00:00+00:00,-0.000020830000,8.0
1765670400000,2025-12-14T00:00:00+00:00,-0.000015100000,8.0
1765699200003,2025-12-14T08:00:00.003000+00:00,-0.000021940000,8.0
1765728000005,2025-12-14T16:00:00.005000+00:00,-0.000094360000,8.0
1765756800000,2025-12-15T00:00:00+00:00,-0.000098230000,8.0
1765785600000,2025-12-15T08:00:00+00:00,0.000022130000,8.0
1765814400000,2025-12-15T16:00:00+00:00,0.000024820000,8.0
1765843200002,2025-12-16T00:00:00.002000+00:00,-0.000129620000,8.0
1765872000000,2025-12-16T08:00:00+00:00,-0.000065030000,8.0
1765900800002,2025-12-16T16:00:00.002000+00:00,0.000065410000,8.0
1765929600004,2025-12-17T00:00:00.004000+00:00,0.000035950000,8.0
1765958400000,2025-12-17T08:00:00+00:00,0.000033900000,8.0
1765987200000,2025-12-17T16:00:00+00:00,0.000058480000,8.0
1766016000005,2025-12-18T00:00:00.005000+00:00,-0.000173740000,8.0
1766044800007,2025-12-18T08:00:00.007000+00:00,-0.000031870000,8.0
1766073600001,2025-12-18T16:00:00.001000+00:00,0.000048770000,8.0
1766102400000,2025-12-19T00:00:00+00:00,-0.000032980000,8.0
1766131200001,2025-12-19T08:00:00.001000+00:00,0.000073630000,8.0
1766160000000,2025-12-19T16:00:00+00:00,0.000100000000,8.0
1766188800005,2025-12-20T00:00:00.005000+00:00,0.000100000000,8.0
1766217600000,2025-12-20T08:00:00+00:00,0.000069120000,8.0
1766246400002,2025-12-20T16:00:00.002000+00:00,0.000069360000,8.0
1766275200000,2025-12-21T00:00:00+00:00,0.000080090000,8.0
1766304000009,2025-12-21T08:00:00.009000+00:00,0.000099290000,8.0
1766332800000,2025-12-21T16:00:00+00:00,-0.000013580000,8.0
1766361600000,2025-12-22T00:00:00+00:00,0.000035250000,8.0
1766390400005,2025-12-22T08:00:00.005000+00:00,0.000043680000,8.0
1766419200009,2025-12-22T16:00:00.009000+00:00,0.000053930000,8.0
1766448000000,2025-12-23T00:00:00+00:00,-0.000062000000,8.0
1766476800000,2025-12-23T08:00:00+00:00,0.000021130000,8.0
1766505600001,2025-12-23T16:00:00.001000+00:00,-0.000075330000,8.0
1766534400001,2025-12-24T00:00:00.001000+00:00,0.000071050000,8.0
1766563200001,2025-12-24T08:00:00.001000+00:00,-0.000003470000,8.0
1766592000000,2025-12-24T16:00:00+00:00,0.000029420000,8.0
1766620800000,2025-12-25T00:00:00+00:00,0.000100000000,8.0
1766649600001,2025-12-25T08:00:00.001000+00:00,0.000100000000,8.0
1766678400005,2025-12-25T16:00:00.005000+00:00,0.000029800000,8.0
1766707200004,2025-12-26T00:00:00.004000+00:00,0.000081600000,8.0
1766736000001,2025-12-26T08:00:00.001000+00:00,0.000047080000,8.0
1766764800007,2025-12-26T16:00:00.007000+00:00,0.000100000000,8.0
1766793600000,2025-12-27T00:00:00+00:00,0.000004890000,8.0
1766822400000,2025-12-27T08:00:00+00:00,0.000100000000,8.0
1766851200011,2025-12-27T16:00:00.011000+00:00,0.000100000000,8.0
1766880000008,2025-12-28T00:00:00.008000+00:00,0.000100000000,8.0
1766908800000,2025-12-28T08:00:00+00:00,0.000100000000,8.0
1766937600000,2025-12-28T16:00:00+00:00,0.000100000000,8.0
1766966400016,2025-12-29T00:00:00.016000+00:00,0.000054640000,8.0
1766995200001,2025-12-29T08:00:00.001000+00:00,0.000100000000,8.0
1767024000000,2025-12-29T16:00:00+00:00,-0.000033750000,8.0
1767052800005,2025-12-30T00:00:00.005000+00:00,-0.000020970000,8.0
1767081600001,2025-12-30T08:00:00.001000+00:00,-0.000035410000,8.0
1767110400003,2025-12-30T16:00:00.003000+00:00,0.000100000000,8.0
1767139200004,2025-12-31T00:00:00.004000+00:00,0.000100000000,8.0
1767168000001,2025-12-31T08:00:00.001000+00:00,0.000020780000,8.0
1767196800001,2025-12-31T16:00:00.001000+00:00,0.000100000000,8.0
1767225600008,2026-01-01T00:00:00.008000+00:00,0.000027780000,8.0
1767254400002,2026-01-01T08:00:00.002000+00:00,0.000017590000,8.0
1767283200001,2026-01-01T16:00:00.001000+00:00,0.000022270000,8.0
1767312000006,2026-01-02T00:00:00.006000+00:00,0.000100000000,8.0
1767340800007,2026-01-02T08:00:00.007000+00:00,0.000100000000,8.0
1767369600000,2026-01-02T16:00:00+00:00,0.000100000000,8.0
1767398400001,2026-01-03T00:00:00.001000+00:00,0.000100000000,8.0
1767427200000,2026-01-03T08:00:00+00:00,0.000082860000,8.0
1767456000000,2026-01-03T16:00:00+00:00,0.000064270000,8.0
1767484800000,2026-01-04T00:00:00+00:00,0.000100000000,8.0
1767513600000,2026-01-04T08:00:00+00:00,0.000044990000,8.0
1767542400001,2026-01-04T16:00:00.001000+00:00,0.000046670000,8.0
1767571200000,2026-01-05T00:00:00+00:00,0.000051640000,8.0
1767600000000,2026-01-05T08:00:00+00:00,0.000010070000,8.0
1767628800000,2026-01-05T16:00:00+00:00,0.000013570000,8.0
1767657600010,2026-01-06T00:00:00.010000+00:00,0.000100000000,8.0
1767686400000,2026-01-06T08:00:00+00:00,0.000034730000,8.0
1767715200000,2026-01-06T16:00:00+00:00,0.000100000000,8.0
1767744000001,2026-01-07T00:00:00.001000+00:00,0.000100000000,8.0
1767772800001,2026-01-07T08:00:00.001000+00:00,-0.000001470000,8.0
1767801600001,2026-01-07T16:00:00.001000+00:00,-0.000044710000,8.0
1767830400001,2026-01-08T00:00:00.001000+00:00,0.000027990000,8.0
1767859200000,2026-01-08T08:00:00+00:00,0.000077680000,8.0
1767888000000,2026-01-08T16:00:00+00:00,0.000000850000,8.0
1767916800003,2026-01-09T00:00:00.003000+00:00,0.000100000000,8.0
1767945600000,2026-01-09T08:00:00+00:00,0.000095690000,8.0
1767974400001,2026-01-09T16:00:00.001000+00:00,0.000100000000,8.0
1768003200000,2026-01-10T00:00:00+00:00,-0.000097250000,8.0
1768032000002,2026-01-10T08:00:00.002000+00:00,-0.000065890000,8.0
1768060800001,2026-01-10T16:00:00.001000+00:00,-0.000001820000,8.0
1768089600003,2026-01-11T00:00:00.003000+00:00,0.000086870000,8.0
1768118400006,2026-01-11T08:00:00.006000+00:00,0.000100000000,8.0
1768147200000,2026-01-11T16:00:00+00:00,0.000044030000,8.0
1768176000005,2026-01-12T00:00:00.005000+00:00,0.000100000000,8.0
1768204800000,2026-01-12T08:00:00+00:00,0.000100000000,8.0
1768233600000,2026-01-12T16:00:00+00:00,0.000036900000,8.0
1768262400007,2026-01-13T00:00:00.007000+00:00,0.000036970000,8.0
1768291200009,2026-01-13T08:00:00.009000+00:00,0.000022230000,8.0
1768320000002,2026-01-13T16:00:00.002000+00:00,0.000100000000,8.0
1768348800000,2026-01-14T00:00:00+00:00,0.000100000000,8.0
1768377600001,2026-01-14T08:00:00.001000+00:00,0.000100000000,8.0
1768406400004,2026-01-14T16:00:00.004000+00:00,0.000098060000,8.0
1768435200000,2026-01-15T00:00:00+00:00,0.000100000000,8.0
1768464000004,2026-01-15T08:00:00.004000+00:00,0.000009750000,8.0
1768492800002,2026-01-15T16:00:00.002000+00:00,-0.000012930000,8.0
1768521600000,2026-01-16T00:00:00+00:00,-0.000041720000,8.0
1768550400000,2026-01-16T08:00:00+00:00,-0.000017170000,8.0
1768579200001,2026-01-16T16:00:00.001000+00:00,0.000012700000,8.0
1768608000000,2026-01-17T00:00:00+00:00,0.000100000000,8.0
1768636800000,2026-01-17T08:00:00+00:00,0.000071460000,8.0
1768665600002,2026-01-17T16:00:00.002000+00:00,-0.000010120000,8.0
1768694400001,2026-01-18T00:00:00.001000+00:00,0.000015960000,8.0
1768723200000,2026-01-18T08:00:00+00:00,-0.000094830000,8.0
1768752000000,2026-01-18T16:00:00+00:00,-0.000030600000,8.0
1768780800007,2026-01-19T00:00:00.007000+00:00,-0.000011630000,8.0
1768809600007,2026-01-19T08:00:00.007000+00:00,0.000022290000,8.0
1768838400007,2026-01-19T16:00:00.007000+00:00,0.000099790000,8.0
1768867200005,2026-01-20T00:00:00.005000+00:00,0.000023040000,8.0
1768896000001,2026-01-20T08:00:00.001000+00:00,0.000083890000,8.0
1768924800009,2026-01-20T16:00:00.009000+00:00,-0.000066740000,8.0
1768953600001,2026-01-21T00:00:00.001000+00:00,0.000002130000,8.0
1768982400011,2026-01-21T08:00:00.011000+00:00,-0.000027300000,8.0
1769011200011,2026-01-21T16:00:00.011000+00:00,0.000003810000,8.0
1769040000010,2026-01-22T00:00:00.010000+00:00,0.000065710000,8.0
1769068800003,2026-01-22T08:00:00.003000+00:00,-0.000061670000,8.0
1769097600005,2026-01-22T16:00:00.005000+00:00,-0.000067490000,8.0
1769126400005,2026-01-23T00:00:00.005000+00:00,-0.000010160000,8.0
1769155200000,2026-01-23T08:00:00+00:00,0.000012370000,8.0
1769184000011,2026-01-23T16:00:00.011000+00:00,-0.000067030000,8.0
1769212800011,2026-01-24T00:00:00.011000+00:00,-0.000018520000,8.0
1769241600002,2026-01-24T08:00:00.002000+00:00,-0.000009280000,8.0
1769270400001,2026-01-24T16:00:00.001000+00:00,0.000005430000,8.0
1769299200002,2026-01-25T00:00:00.002000+00:00,-0.000072970000,8.0
1769328000011,2026-01-25T08:00:00.011000+00:00,-0.000039520000,8.0
1769356800005,2026-01-25T16:00:00.005000+00:00,0.000053530000,8.0
1769385600000,2026-01-26T00:00:00+00:00,-0.000207460000,8.0
1769414400003,2026-01-26T08:00:00.003000+00:00,0.000007170000,8.0
1769443200000,2026-01-26T16:00:00+00:00,0.000021940000,8.0
1769472000002,2026-01-27T00:00:00.002000+00:00,0.000080560000,8.0
1769500800000,2026-01-27T08:00:00+00:00,0.000078570000,8.0
1769529600000,2026-01-27T16:00:00+00:00,0.000024270000,8.0
1769558400000,2026-01-28T00:00:00+00:00,0.000086040000,8.0
1769587200000,2026-01-28T08:00:00+00:00,0.000060140000,8.0
1769616000000,2026-01-28T16:00:00+00:00,0.000033050000,8.0
1769644800000,2026-01-29T00:00:00+00:00,0.000014500000,8.0
1769673600009,2026-01-29T08:00:00.009000+00:00,-0.000051410000,8.0
1769702400000,2026-01-29T16:00:00+00:00,-0.000076200000,8.0
1769731200008,2026-01-30T00:00:00.008000+00:00,-0.000182000000,8.0
1769760000000,2026-01-30T08:00:00+00:00,-0.000089850000,8.0
1769788800001,2026-01-30T16:00:00.001000+00:00,-0.000046030000,8.0
1769817600000,2026-01-31T00:00:00+00:00,-0.000004730000,8.0
1769846400001,2026-01-31T08:00:00.001000+00:00,-0.000191760000,8.0
1769875200009,2026-01-31T16:00:00.009000+00:00,-0.000154830000,8.0
1769904000001,2026-02-01T00:00:00.001000+00:00,-0.000692120000,8.0
1769932800004,2026-02-01T08:00:00.004000+00:00,-0.000192190000,8.0
1769961600000,2026-02-01T16:00:00+00:00,-0.000089540000,8.0
1769990400000,2026-02-02T00:00:00+00:00,-0.000146590000,8.0
1770019200014,2026-02-02T08:00:00.014000+00:00,-0.000071890000,8.0
1770048000000,2026-02-02T16:00:00+00:00,-0.000054790000,8.0
1770076800000,2026-02-03T00:00:00+00:00,-0.000128740000,8.0
1770105600007,2026-02-03T08:00:00.007000+00:00,-0.000093470000,8.0
1770134400000,2026-02-03T16:00:00+00:00,-0.000164140000,8.0
1770163200002,2026-02-04T00:00:00.002000+00:00,-0.000177770000,8.0
1770192000007,2026-02-04T08:00:00.007000+00:00,-0.000470410000,8.0
1770220800000,2026-02-04T16:00:00+00:00,-0.000334020000,8.0
1770249600011,2026-02-05T00:00:00.011000+00:00,-0.000027940000,8.0
1770278400000,2026-02-05T08:00:00+00:00,0.000009480000,8.0
1770307200007,2026-02-05T16:00:00.007000+00:00,-0.000023240000,8.0
1770336000000,2026-02-06T00:00:00+00:00,-0.000160410000,8.0
1770364800001,2026-02-06T08:00:00.001000+00:00,-0.000437010000,8.0
1770393600000,2026-02-06T16:00:00+00:00,-0.000551440000,8.0
1770422400003,2026-02-07T00:00:00.003000+00:00,-0.000531260000,8.0
1770451200000,2026-02-07T08:00:00+00:00,-0.000241430000,8.0
1770480000010,2026-02-07T16:00:00.010000+00:00,-0.000153930000,8.0
1770508800003,2026-02-08T00:00:00.003000+00:00,-0.000282110000,8.0
1770537600000,2026-02-08T08:00:00+00:00,-0.000398570000,8.0
1770566400000,2026-02-08T16:00:00+00:00,-0.000307580000,8.0
1770595200002,2026-02-09T00:00:00.002000+00:00,-0.000185990000,8.0
1770624000001,2026-02-09T08:00:00.001000+00:00,-0.000157330000,8.0
1770652800007,2026-02-09T16:00:00.007000+00:00,-0.000019190000,8.0
1770681600000,2026-02-10T00:00:00+00:00,-0.000127970000,8.0
1770710400007,2026-02-10T08:00:00.007000+00:00,-0.000092660000,8.0
1770739200000,2026-02-10T16:00:00+00:00,-0.000150790000,8.0
1770768000000,2026-02-11T00:00:00+00:00,0.000035980000,8.0
1770796800006,2026-02-11T08:00:00.006000+00:00,-0.000092120000,8.0
1770825600000,2026-02-11T16:00:00+00:00,-0.000086350000,8.0
1770854400000,2026-02-12T00:00:00+00:00,-0.000192400000,8.0
1770883200001,2026-02-12T08:00:00.001000+00:00,-0.000073720000,8.0
1770912000001,2026-02-12T16:00:00.001000+00:00,-0.000167090000,8.0
1770940800007,2026-02-13T00:00:00.007000+00:00,-0.000040220000,8.0
1770969600003,2026-02-13T08:00:00.003000+00:00,-0.000006120000,8.0
1770998400005,2026-02-13T16:00:00.005000+00:00,0.000007100000,8.0
1771027200002,2026-02-14T00:00:00.002000+00:00,0.000029020000,8.0
1771056000004,2026-02-14T08:00:00.004000+00:00,-0.000077430000,8.0
1771084800002,2026-02-14T16:00:00.002000+00:00,-0.000056190000,8.0
1771113600000,2026-02-15T00:00:00+00:00,-0.000178470000,8.0
1771142400002,2026-02-15T08:00:00.002000+00:00,-0.000010100000,8.0
1771171200000,2026-02-15T16:00:00+00:00,0.000053390000,8.0
1771200000001,2026-02-16T00:00:00.001000+00:00,-0.000048170000,8.0
1771228800003,2026-02-16T08:00:00.003000+00:00,-0.000006600000,8.0
1771257600000,2026-02-16T16:00:00+00:00,-0.000158880000,8.0
1771286400008,2026-02-17T00:00:00.008000+00:00,-0.000038120000,8.0
1771315200001,2026-02-17T08:00:00.001000+00:00,-0.000058510000,8.0
1771344000002,2026-02-17T16:00:00.002000+00:00,-0.000124540000,8.0
1771372800000,2026-02-18T00:00:00+00:00,-0.000096960000,8.0
1771401600000,2026-02-18T08:00:00+00:00,-0.000039840000,8.0
1771430400011,2026-02-18T16:00:00.011000+00:00,-0.000228700000,8.0
1771459200013,2026-02-19T00:00:00.013000+00:00,-0.000124260000,8.0
1771488000000,2026-02-19T08:00:00+00:00,-0.000123650000,8.0
1771516800003,2026-02-19T16:00:00.003000+00:00,0.000031060000,8.0
1771545600000,2026-02-20T00:00:00+00:00,0.000022530000,8.0
1771574400000,2026-02-20T08:00:00+00:00,-0.000095140000,8.0
1771603200000,2026-02-20T16:00:00+00:00,0.000003030000,8.0
1771632000004,2026-02-21T00:00:00.004000+00:00,0.000058560000,8.0
1771660800000,2026-02-21T08:00:00+00:00,-0.000091850000,8.0
1771689600005,2026-02-21T16:00:00.005000+00:00,-0.000006160000,8.0
1771718400001,2026-02-22T00:00:00.001000+00:00,-0.000050570000,8.0
1771747200004,2026-02-22T08:00:00.004000+00:00,-0.000105840000,8.0
1771776000000,2026-02-22T16:00:00+00:00,-0.000065750000,8.0
1771804800001,2026-02-23T00:00:00.001000+00:00,-0.000074470000,8.0
1771833600000,2026-02-23T08:00:00+00:00,-0.000535350000,8.0
1771862400000,2026-02-23T16:00:00+00:00,-0.000147880000,8.0
1771891200007,2026-02-24T00:00:00.007000+00:00,-0.000041430000,8.0
1771920000000,2026-02-24T08:00:00+00:00,-0.000074910000,8.0
1771948800001,2026-02-24T16:00:00.001000+00:00,-0.000057680000,8.0
1771977600001,2026-02-25T00:00:00.001000+00:00,-0.000172580000,8.0
1772006400007,2026-02-25T08:00:00.007000+00:00,0.000068270000,8.0
1772035200000,2026-02-25T16:00:00+00:00,0.000062400000,8.0
1772064000000,2026-02-26T00:00:00+00:00,0.000100000000,8.0
1772092800006,2026-02-26T08:00:00.006000+00:00,0.000015840000,8.0
1772121600002,2026-02-26T16:00:00.002000+00:00,-0.000067140000,8.0
1772150400007,2026-02-27T00:00:00.007000+00:00,-0.000002350000,8.0
1772179200000,2026-02-27T08:00:00+00:00,-0.000084110000,8.0
1772208000001,2026-02-27T16:00:00.001000+00:00,-0.000188810000,8.0
1772236800000,2026-02-28T00:00:00+00:00,0.000005040000,8.0
1772265600000,2026-02-28T08:00:00+00:00,-0.000201160000,8.0
1772294400004,2026-02-28T16:00:00.004000+00:00,-0.000223150000,8.0
1772323200005,2026-03-01T00:00:00.005000+00:00,-0.000045850000,8.0
1772352000000,2026-03-01T08:00:00+00:00,0.000100000000,8.0
1772380800002,2026-03-01T16:00:00.002000+00:00,0.000053770000,8.0
1772409600001,2026-03-02T00:00:00.001000+00:00,0.000024130000,8.0
1772438400007,2026-03-02T08:00:00.007000+00:00,-0.000085800000,8.0
1772467200000,2026-03-02T16:00:00+00:00,-0.000014240000,8.0
1772496000000,2026-03-03T00:00:00+00:00,-0.000036220000,8.0
1772524800000,2026-03-03T08:00:00+00:00,-0.000061860000,8.0
1772553600007,2026-03-03T16:00:00.007000+00:00,-0.000148620000,8.0
1772582400001,2026-03-04T00:00:00.001000+00:00,0.000003070000,8.0
1772611200005,2026-03-04T08:00:00.005000+00:00,0.000011450000,8.0
1772640000000,2026-03-04T16:00:00+00:00,0.000024000000,8.0
1772668800000,2026-03-05T00:00:00+00:00,0.000059850000,8.0
1772697600000,2026-03-05T08:00:00+00:00,-0.000077230000,8.0
1772726400004,2026-03-05T16:00:00.004000+00:00,-0.000111050000,8.0
1772755200001,2026-03-06T00:00:00.001000+00:00,0.000063620000,8.0
1772784000001,2026-03-06T08:00:00.001000+00:00,-0.000079360000,8.0
1772812800004,2026-03-06T16:00:00.004000+00:00,-0.000130580000,8.0
1772841600001,2026-03-07T00:00:00.001000+00:00,-0.000061210000,8.0
1772870400012,2026-03-07T08:00:00.012000+00:00,0.000002980000,8.0
1772899200001,2026-03-07T16:00:00.001000+00:00,-0.000122280000,8.0
1772928000001,2026-03-08T00:00:00.001000+00:00,-0.000105230000,8.0
1772956800000,2026-03-08T08:00:00+00:00,-0.000169250000,8.0
1772985600002,2026-03-08T16:00:00.002000+00:00,-0.000199620000,8.0
1773014400000,2026-03-09T00:00:00+00:00,-0.000101440000,8.0
1773043200004,2026-03-09T08:00:00.004000+00:00,-0.000082150000,8.0
1773072000003,2026-03-09T16:00:00.003000+00:00,-0.000018120000,8.0
1773100800012,2026-03-10T00:00:00.012000+00:00,0.000030460000,8.0
1773129600002,2026-03-10T08:00:00.002000+00:00,0.000062570000,8.0
1773158400001,2026-03-10T16:00:00.001000+00:00,-0.000019090000,8.0
1773187200000,2026-03-11T00:00:00+00:00,0.000006610000,8.0
1773216000007,2026-03-11T08:00:00.007000+00:00,-0.000096730000,8.0
1773244800010,2026-03-11T16:00:00.010000+00:00,-0.000101830000,8.0
1773273600000,2026-03-12T00:00:00+00:00,0.000045540000,8.0
1773302400000,2026-03-12T08:00:00+00:00,-0.000164390000,8.0
1773331200000,2026-03-12T16:00:00+00:00,-0.000003630000,8.0
1773360000006,2026-03-13T00:00:00.006000+00:00,0.000072340000,8.0
1773388800001,2026-03-13T08:00:00.001000+00:00,0.000072410000,8.0
1773417600000,2026-03-13T16:00:00+00:00,0.000090950000,8.0
1773446400001,2026-03-14T00:00:00.001000+00:00,-0.000026500000,8.0
1773475200000,2026-03-14T08:00:00+00:00,-0.000067380000,8.0
1773504000007,2026-03-14T16:00:00.007000+00:00,-0.000099150000,8.0
1773532800000,2026-03-15T00:00:00+00:00,-0.000107640000,8.0
1773561600000,2026-03-15T08:00:00+00:00,-0.000055060000,8.0
1773590400000,2026-03-15T16:00:00+00:00,0.000016630000,8.0
1773619200000,2026-03-16T00:00:00+00:00,0.000095830000,8.0
1773648000010,2026-03-16T08:00:00.010000+00:00,0.000100000000,8.0
1773676800000,2026-03-16T16:00:00+00:00,0.000052410000,8.0
1773705600000,2026-03-17T00:00:00+00:00,0.000086750000,8.0
1773734400002,2026-03-17T08:00:00.002000+00:00,0.000004970000,8.0
1773763200011,2026-03-17T16:00:00.011000+00:00,-0.000014300000,8.0
1773792000002,2026-03-18T00:00:00.002000+00:00,-0.000008830000,8.0
1773820800002,2026-03-18T08:00:00.002000+00:00,-0.000049510000,8.0
1773849600005,2026-03-18T16:00:00.005000+00:00,-0.000064650000,8.0
1773878400000,2026-03-19T00:00:00+00:00,-0.000100640000,8.0
1773907200003,2026-03-19T08:00:00.003000+00:00,-0.000001650000,8.0
1773936000003,2026-03-19T16:00:00.003000+00:00,-0.000003800000,8.0
1773964800002,2026-03-20T00:00:00.002000+00:00,0.000003870000,8.0
1773993600000,2026-03-20T08:00:00+00:00,-0.000049290000,8.0
1774022400000,2026-03-20T16:00:00+00:00,-0.000060640000,8.0
1774051200000,2026-03-21T00:00:00+00:00,0.000024310000,8.0
1774080000000,2026-03-21T08:00:00+00:00,-0.000011600000,8.0
1774108800014,2026-03-21T16:00:00.014000+00:00,-0.000121360000,8.0
1774137600012,2026-03-22T00:00:00.012000+00:00,-0.000129940000,8.0
1774166400007,2026-03-22T08:00:00.007000+00:00,-0.000134520000,8.0
1774195200002,2026-03-22T16:00:00.002000+00:00,-0.000128820000,8.0
1774224000000,2026-03-23T00:00:00+00:00,-0.000063050000,8.0
1774252800003,2026-03-23T08:00:00.003000+00:00,-0.000019210000,8.0
1774281600002,2026-03-23T16:00:00.002000+00:00,0.000049740000,8.0
1774310400000,2026-03-24T00:00:00+00:00,0.000100000000,8.0
1774339200000,2026-03-24T08:00:00+00:00,0.000027580000,8.0
1774368000003,2026-03-24T16:00:00.003000+00:00,-0.000110270000,8.0
1774396800000,2026-03-25T00:00:00+00:00,-0.000045780000,8.0
1774425600000,2026-03-25T08:00:00+00:00,0.000066870000,8.0
1774454400013,2026-03-25T16:00:00.013000+00:00,0.000096150000,8.0
1774483200001,2026-03-26T00:00:00.001000+00:00,0.000080330000,8.0
1774512000001,2026-03-26T08:00:00.001000+00:00,-0.000196110000,8.0
1774540800000,2026-03-26T16:00:00+00:00,-0.000223490000,8.0
1774569600006,2026-03-27T00:00:00.006000+00:00,-0.000225170000,8.0
1774598400000,2026-03-27T08:00:00+00:00,-0.000190530000,8.0
1774627200000,2026-03-27T16:00:00+00:00,-0.000398100000,8.0
1774656000005,2026-03-28T00:00:00.005000+00:00,-0.000282590000,8.0
1774684800005,2026-03-28T08:00:00.005000+00:00,-0.000212980000,8.0
1774713600000,2026-03-28T16:00:00+00:00,-0.000169260000,8.0
1774742400003,2026-03-29T00:00:00.003000+00:00,-0.000302260000,8.0
1774771200001,2026-03-29T08:00:00.001000+00:00,-0.000231730000,8.0
1774800000000,2026-03-29T16:00:00+00:00,-0.000148710000,8.0
1774828800000,2026-03-30T00:00:00+00:00,-0.000273240000,8.0
1774857600005,2026-03-30T08:00:00.005000+00:00,-0.000007100000,8.0
1774886400000,2026-03-30T16:00:00+00:00,-0.000019620000,8.0
1774915200000,2026-03-31T00:00:00+00:00,-0.000086530000,8.0
1774944000000,2026-03-31T08:00:00+00:00,0.000039940000,8.0
1774972800000,2026-03-31T16:00:00+00:00,-0.000138300000,8.0
1775001600000,2026-04-01T00:00:00+00:00,0.000016080000,8.0
1775030400000,2026-04-01T08:00:00+00:00,-0.000006420000,8.0
1775059200000,2026-04-01T16:00:00+00:00,-0.000018770000,8.0
1775088000003,2026-04-02T00:00:00.003000+00:00,0.000010420000,8.0
1775116800001,2026-04-02T08:00:00.001000+00:00,-0.000235810000,8.0
1775145600001,2026-04-02T16:00:00.001000+00:00,-0.000061990000,8.0
1775174400000,2026-04-03T00:00:00+00:00,-0.000006800000,8.0
1775203200008,2026-04-03T08:00:00.008000+00:00,-0.000025760000,8.0
1775232000008,2026-04-03T16:00:00.008000+00:00,0.000043230000,8.0
1775260800000,2026-04-04T00:00:00+00:00,-0.000042230000,8.0
1775289600003,2026-04-04T08:00:00.003000+00:00,-0.000070140000,8.0
1775318400000,2026-04-04T16:00:00+00:00,-0.000039730000,8.0
1775347200008,2026-04-05T00:00:00.008000+00:00,-0.000040860000,8.0
1775376000000,2026-04-05T08:00:00+00:00,-0.000093810000,8.0
1775404800001,2026-04-05T16:00:00.001000+00:00,-0.000079170000,8.0
1775433600004,2026-04-06T00:00:00.004000+00:00,-0.000012720000,8.0
1775462400001,2026-04-06T08:00:00.001000+00:00,0.000078960000,8.0
1775491200003,2026-04-06T16:00:00.003000+00:00,-0.000018450000,8.0
1775520000000,2026-04-07T00:00:00+00:00,-0.000102870000,8.0
1775548800000,2026-04-07T08:00:00+00:00,-0.000212120000,8.0
1775577600000,2026-04-07T16:00:00+00:00,-0.000068220000,8.0
1775606400000,2026-04-08T00:00:00+00:00,0.000100000000,8.0
1775635200000,2026-04-08T08:00:00+00:00,0.000100000000,8.0
1775664000006,2026-04-08T16:00:00.006000+00:00,0.000100000000,8.0
1775692800000,2026-04-09T00:00:00+00:00,0.000042580000,8.0
1775721600010,2026-04-09T08:00:00.010000+00:00,-0.000012920000,8.0
1775750400001,2026-04-09T16:00:00.001000+00:00,0.000024620000,8.0
1775779200000,2026-04-10T00:00:00+00:00,0.000100000000,8.0
1775808000005,2026-04-10T08:00:00.005000+00:00,0.000001000000,8.0
1775836800000,2026-04-10T16:00:00+00:00,0.000083380000,8.0
1775865600000,2026-04-11T00:00:00+00:00,0.000043300000,8.0
1775894400000,2026-04-11T08:00:00+00:00,-0.000018720000,8.0
1775923200003,2026-04-11T16:00:00.003000+00:00,-0.000012200000,8.0
1775952000000,2026-04-12T00:00:00+00:00,0.000100000000,8.0
1775980800000,2026-04-12T08:00:00+00:00,-0.000115090000,8.0
1776009600000,2026-04-12T16:00:00+00:00,-0.000067610000,8.0
1776038400011,2026-04-13T00:00:00.011000+00:00,0.000038270000,8.0
1776067200006,2026-04-13T08:00:00.006000+00:00,-0.000009360000,8.0
1776096000000,2026-04-13T16:00:00+00:00,0.000100000000,8.0
1776124800005,2026-04-14T00:00:00.005000+00:00,0.000100000000,8.0
1776153600003,2026-04-14T08:00:00.003000+00:00,0.000100000000,8.0
1776182400001,2026-04-14T16:00:00.001000+00:00,0.000100000000,8.0
1776211200000,2026-04-15T00:00:00+00:00,0.000001640000,8.0
1776240000000,2026-04-15T08:00:00+00:00,-0.000091280000,8.0
1776268800000,2026-04-15T16:00:00+00:00,-0.000022790000,8.0
1776297600013,2026-04-16T00:00:00.013000+00:00,0.000100000000,8.0
1776326400000,2026-04-16T08:00:00+00:00,0.000100000000,8.0
1776355200000,2026-04-16T16:00:00+00:00,0.000073050000,8.0
1776384000001,2026-04-17T00:00:00.001000+00:00,0.000100000000,8.0
1776412800011,2026-04-17T08:00:00.011000+00:00,0.000030850000,8.0
1776441600001,2026-04-17T16:00:00.001000+00:00,0.000010160000,8.0
1776470400001,2026-04-18T00:00:00.001000+00:00,0.000002640000,8.0
1776499200006,2026-04-18T08:00:00.006000+00:00,-0.000081930000,8.0
1776528000000,2026-04-18T16:00:00+00:00,-0.000079930000,8.0
1776556800002,2026-04-19T00:00:00.002000+00:00,-0.000065470000,8.0
1776585600010,2026-04-19T08:00:00.010000+00:00,-0.000091170000,8.0
1776614400001,2026-04-19T16:00:00.001000+00:00,-0.000075270000,8.0
1776643200000,2026-04-20T00:00:00+00:00,-0.000085850000,8.0
1776672000000,2026-04-20T08:00:00+00:00,-0.000012650000,8.0
1776700800001,2026-04-20T16:00:00.001000+00:00,0.000048800000,8.0
1776729600000,2026-04-21T00:00:00+00:00,0.000089170000,8.0
1776758400004,2026-04-21T08:00:00.004000+00:00,0.000027290000,8.0
1776787200004,2026-04-21T16:00:00.004000+00:00,-0.000000730000,8.0
1776816000004,2026-04-22T00:00:00.004000+00:00,0.000063710000,8.0
1776844800000,2026-04-22T08:00:00+00:00,0.000100000000,8.0
1776873600000,2026-04-22T16:00:00+00:00,0.000100000000,8.0
1776902400000,2026-04-23T00:00:00+00:00,0.000085530000,8.0
1776931200000,2026-04-23T08:00:00+00:00,-0.000042100000,8.0
1776960000004,2026-04-23T16:00:00.004000+00:00,0.000019080000,8.0
1776988800006,2026-04-24T00:00:00.006000+00:00,-0.000077190000,8.0
1777017600000,2026-04-24T08:00:00+00:00,-0.000029810000,8.0
1777046400000,2026-04-24T16:00:00+00:00,-0.000053140000,8.0
1777075200000,2026-04-25T00:00:00+00:00,0.000052350000,8.0
1777104000002,2026-04-25T08:00:00.002000+00:00,0.000019270000,8.0
1777132800002,2026-04-25T16:00:00.002000+00:00,-0.000055750000,8.0
1777161600003,2026-04-26T00:00:00.003000+00:00,-0.000046040000,8.0
1777190400007,2026-04-26T08:00:00.007000+00:00,0.000094110000,8.0
1777219200004,2026-04-26T16:00:00.004000+00:00,-0.000003440000,8.0
1777248000004,2026-04-27T00:00:00.004000+00:00,-0.000012620000,8.0
1777276800000,2026-04-27T08:00:00+00:00,-0.000020800000,8.0
1777305600002,2026-04-27T16:00:00.002000+00:00,-0.000114070000,8.0
1777334400001,2026-04-28T00:00:00.001000+00:00,-0.000113940000,8.0
1777363200000,2026-04-28T08:00:00+00:00,0.000008410000,8.0
1777392000004,2026-04-28T16:00:00.004000+00:00,-0.000045110000,8.0
1777420800006,2026-04-29T00:00:00.006000+00:00,-0.000016410000,8.0
1777449600011,2026-04-29T08:00:00.011000+00:00,0.000078920000,8.0
1777478400003,2026-04-29T16:00:00.003000+00:00,-0.000067450000,8.0
1777507200002,2026-04-30T00:00:00.002000+00:00,-0.000037780000,8.0
1777536000000,2026-04-30T08:00:00+00:00,0.000074220000,8.0
1777564800000,2026-04-30T16:00:00+00:00,0.000075850000,8.0
1777593600000,2026-05-01T00:00:00+00:00,0.000060100000,8.0
1777622400005,2026-05-01T08:00:00.005000+00:00,0.000016970000,8.0
1777651200000,2026-05-01T16:00:00+00:00,0.000049550000,8.0
1777680000006,2026-05-02T00:00:00.006000+00:00,0.000072610000,8.0
1777708800000,2026-05-02T08:00:00+00:00,-0.000035880000,8.0
1777737600010,2026-05-02T16:00:00.010000+00:00,-0.000017820000,8.0
1777766400005,2026-05-03T00:00:00.005000+00:00,0.000043800000,8.0
1777795200003,2026-05-03T08:00:00.003000+00:00,-0.000029730000,8.0
1777824000000,2026-05-03T16:00:00+00:00,-0.000018720000,8.0
1777852800000,2026-05-04T00:00:00+00:00,0.000072110000,8.0
1777881600000,2026-05-04T08:00:00+00:00,0.000100000000,8.0
1777910400003,2026-05-04T16:00:00.003000+00:00,0.000024230000,8.0
1777939200000,2026-05-05T00:00:00+00:00,0.000065110000,8.0
1777968000011,2026-05-05T08:00:00.011000+00:00,0.000078930000,8.0
1777996800000,2026-05-05T16:00:00+00:00,0.000100000000,8.0
1778025600010,2026-05-06T00:00:00.010000+00:00,0.000100000000,8.0
1778054400000,2026-05-06T08:00:00+00:00,0.000056770000,8.0
1778083200002,2026-05-06T16:00:00.002000+00:00,0.000100000000,8.0
1778112000000,2026-05-07T00:00:00+00:00,0.000089950000,8.0
1778140800000,2026-05-07T08:00:00+00:00,0.000082320000,8.0
1778169600004,2026-05-07T16:00:00.004000+00:00,-0.000059600000,8.0
1778198400003,2026-05-08T00:00:00.003000+00:00,0.000094480000,8.0
1778227200002,2026-05-08T08:00:00.002000+00:00,0.000100000000,8.0
1778256000003,2026-05-08T16:00:00.003000+00:00,-0.000009970000,8.0
1778284800000,2026-05-09T00:00:00+00:00,0.000100000000,8.0
1778313600001,2026-05-09T08:00:00.001000+00:00,0.000043310000,8.0
1778342400002,2026-05-09T16:00:00.002000+00:00,0.000014970000,8.0
1778371200003,2026-05-10T00:00:00.003000+00:00,-0.000052360000,8.0
1778400000000,2026-05-10T08:00:00+00:00,0.000017170000,8.0
1778428800000,2026-05-10T16:00:00+00:00,-0.000008590000,8.0
1778457600000,2026-05-11T00:00:00+00:00,0.000088840000,8.0
1778486400000,2026-05-11T08:00:00+00:00,0.000035920000,8.0
1778515200000,2026-05-11T16:00:00+00:00,0.000064980000,8.0
1778544000002,2026-05-12T00:00:00.002000+00:00,0.000035390000,8.0
1778572800008,2026-05-12T08:00:00.008000+00:00,-0.000060490000,8.0
1778601600000,2026-05-12T16:00:00+00:00,0.000080950000,8.0
1778630400010,2026-05-13T00:00:00.010000+00:00,0.000100000000,8.0
1778659200003,2026-05-13T08:00:00.003000+00:00,-0.000015730000,8.0
1778688000001,2026-05-13T16:00:00.001000+00:00,-0.000120430000,8.0
1778716800005,2026-05-14T00:00:00.005000+00:00,-0.000150800000,8.0
1778745600000,2026-05-14T08:00:00+00:00,-0.000030380000,8.0
1778774400000,2026-05-14T16:00:00+00:00,-0.000053610000,8.0
1778803200000,2026-05-15T00:00:00+00:00,-0.000015840000,8.0
1778832000016,2026-05-15T08:00:00.016000+00:00,0.000040520000,8.0
1778860800012,2026-05-15T16:00:00.012000+00:00,0.000020530000,8.0
1778889600005,2026-05-16T00:00:00.005000+00:00,0.000100000000,8.0
1778918400000,2026-05-16T08:00:00+00:00,0.000052090000,8.0
1778947200005,2026-05-16T16:00:00.005000+00:00,-0.000153610000,8.0
1778976000000,2026-05-17T00:00:00+00:00,-0.000051390000,8.0
1779004800010,2026-05-17T08:00:00.010000+00:00,-0.000054360000,8.0
1779033600009,2026-05-17T16:00:00.009000+00:00,-0.000125690000,8.0
1779062400007,2026-05-18T00:00:00.007000+00:00,-0.000107880000,8.0
1779091200002,2026-05-18T08:00:00.002000+00:00,0.000003360000,8.0
1779120000007,2026-05-18T16:00:00.007000+00:00,0.000005090000,8.0
1779148800001,2026-05-19T00:00:00.001000+00:00,0.000003870000,8.0
1779177600001,2026-05-19T08:00:00.001000+00:00,-0.000029020000,8.0
1779206400009,2026-05-19T16:00:00.009000+00:00,-0.000109360000,8.0
1779235200001,2026-05-20T00:00:00.001000+00:00,0.000028390000,8.0
1779264000006,2026-05-20T08:00:00.006000+00:00,-0.000006660000,8.0
1779292800000,2026-05-20T16:00:00+00:00,-0.000014330000,8.0
1779321600001,2026-05-21T00:00:00.001000+00:00,-0.000002740000,8.0
1779350400000,2026-05-21T08:00:00+00:00,0.000062410000,8.0
1779379200000,2026-05-21T16:00:00+00:00,0.000029430000,8.0
1779408000000,2026-05-22T00:00:00+00:00,0.000100000000,8.0
1779436800004,2026-05-22T08:00:00.004000+00:00,-0.000015710000,8.0
1779465600001,2026-05-22T16:00:00.001000+00:00,-0.000001780000,8.0
1779494400009,2026-05-23T00:00:00.009000+00:00,0.000026210000,8.0
1779523200001,2026-05-23T08:00:00.001000+00:00,-0.000126700000,8.0
1779552000003,2026-05-23T16:00:00.003000+00:00,-0.000283220000,8.0
1779580800011,2026-05-24T00:00:00.011000+00:00,-0.000043890000,8.0
1779609600008,2026-05-24T08:00:00.008000+00:00,0.000057910000,8.0
1779638400000,2026-05-24T16:00:00+00:00,0.000009580000,8.0
1779667200001,2026-05-25T00:00:00.001000+00:00,-0.000046360000,8.0
1779696000001,2026-05-25T08:00:00.001000+00:00,-0.000042760000,8.0
1779724800001,2026-05-25T16:00:00.001000+00:00,0.000038640000,8.0
1779753600000,2026-05-26T00:00:00+00:00,0.000042970000,8.0
1779782400003,2026-05-26T08:00:00.003000+00:00,-0.000100380000,8.0
1779811200000,2026-05-26T16:00:00+00:00,0.000046920000,8.0
1779840000000,2026-05-27T00:00:00+00:00,-0.000143840000,8.0
1779868800004,2026-05-27T08:00:00.004000+00:00,-0.000085480000,8.0
1779897600009,2026-05-27T16:00:00.009000+00:00,0.000010250000,8.0
1779926400001,2026-05-28T00:00:00.001000+00:00,-0.000050610000,8.0
1779955200000,2026-05-28T08:00:00+00:00,-0.000141230000,8.0
1779984000001,2026-05-28T16:00:00.001000+00:00,-0.000035590000,8.0
1780012800000,2026-05-29T00:00:00+00:00,0.000042190000,8.0
1780041600001,2026-05-29T08:00:00.001000+00:00,0.000025000000,8.0
1780070400008,2026-05-29T16:00:00.008000+00:00,0.000063350000,8.0
1780099200000,2026-05-30T00:00:00+00:00,0.000074800000,8.0
1780128000001,2026-05-30T08:00:00.001000+00:00,0.000037020000,8.0
1780156800000,2026-05-30T16:00:00+00:00,0.000042920000,8.0
1780185600000,2026-05-31T00:00:00+00:00,0.000023000000,8.0
1780214400000,2026-05-31T08:00:00+00:00,0.000036450000,8.0
1780243200004,2026-05-31T16:00:00.004000+00:00,0.000026710000,8.0
1780272000001,2026-06-01T00:00:00.001000+00:00,0.000050090000,8.0
1780300800001,2026-06-01T08:00:00.001000+00:00,-0.000025660000,8.0
1780329600000,2026-06-01T16:00:00+00:00,0.000031410000,8.0
1780358400000,2026-06-02T00:00:00+00:00,0.000100000000,8.0
1780387200000,2026-06-02T08:00:00+00:00,0.000026240000,8.0
1780416000000,2026-06-02T16:00:00+00:00,-0.000043800000,8.0
1780444800013,2026-06-03T00:00:00.013000+00:00,-0.000196680000,8.0
1780473600000,2026-06-03T08:00:00+00:00,-0.000048170000,8.0
1780502400001,2026-06-03T16:00:00.001000+00:00,-0.000044460000,8.0
1780531200009,2026-06-04T00:00:00.009000+00:00,-0.000120860000,8.0
1780560000000,2026-06-04T08:00:00+00:00,-0.000182060000,8.0
1780588800003,2026-06-04T16:00:00.003000+00:00,-0.000062870000,8.0
1780617600000,2026-06-05T00:00:00+00:00,-0.000096730000,8.0
1780646400004,2026-06-05T08:00:00.004000+00:00,-0.000257210000,8.0
1780675200009,2026-06-05T16:00:00.009000+00:00,-0.000080110000,8.0
1780704000000,2026-06-06T00:00:00+00:00,-0.000073200000,8.0
1780732800000,2026-06-06T08:00:00+00:00,-0.000185420000,8.0
1780761600000,2026-06-06T16:00:00+00:00,-0.000163980000,8.0
1780790400001,2026-06-07T00:00:00.001000+00:00,-0.000072300000,8.0
1780819200000,2026-06-07T08:00:00+00:00,-0.000237040000,8.0
1780848000000,2026-06-07T16:00:00+00:00,-0.000387570000,8.0
1780876800000,2026-06-08T00:00:00+00:00,-0.000255130000,8.0
1780905600005,2026-06-08T08:00:00.005000+00:00,-0.000229460000,8.0
1780934400004,2026-06-08T16:00:00.004000+00:00,-0.000011740000,8.0
1780963200000,2026-06-09T00:00:00+00:00,-0.000063930000,8.0
1780992000000,2026-06-09T08:00:00+00:00,-0.000023540000,8.0
1781020800001,2026-06-09T16:00:00.001000+00:00,-0.000098280000,8.0
1781049600001,2026-06-10T00:00:00.001000+00:00,0.000017900000,8.0
1781078400011,2026-06-10T08:00:00.011000+00:00,-0.000084380000,8.0
1781107200009,2026-06-10T16:00:00.009000+00:00,-0.000017770000,8.0
1781136000000,2026-06-11T00:00:00+00:00,-0.000082430000,8.0
1781164800004,2026-06-11T08:00:00.004000+00:00,-0.000008250000,8.0
1781193600000,2026-06-11T16:00:00+00:00,-0.000003360000,8.0
1781222400000,2026-06-12T00:00:00+00:00,-0.000090680000,8.0
1781251200000,2026-06-12T08:00:00+00:00,-0.000094480000,8.0
1781280000000,2026-06-12T16:00:00+00:00,-0.000028660000,8.0
1781308800000,2026-06-13T00:00:00+00:00,-0.000052350000,8.0
1781337600007,2026-06-13T08:00:00.007000+00:00,-0.000025820000,8.0
1781366400002,2026-06-13T16:00:00.002000+00:00,-0.000004550000,8.0
1781395200005,2026-06-14T00:00:00.005000+00:00,-0.000121370000,8.0
1781424000009,2026-06-14T08:00:00.009000+00:00,-0.000106820000,8.0
1781452800000,2026-06-14T16:00:00+00:00,-0.000093370000,8.0
1781481600013,2026-06-15T00:00:00.013000+00:00,-0.000035960000,8.0
1781510400013,2026-06-15T08:00:00.013000+00:00,-0.000038560000,8.0
1781539200004,2026-06-15T16:00:00.004000+00:00,-0.000045420000,8.0
1781568000000,2026-06-16T00:00:00+00:00,0.000018710000,8.0
1781596800000,2026-06-16T08:00:00+00:00,-0.000015440000,8.0
1781625600001,2026-06-16T16:00:00.001000+00:00,-0.000024990000,8.0
1781654400012,2026-06-17T00:00:00.012000+00:00,-0.000001700000,8.0
1781683200000,2026-06-17T08:00:00+00:00,-0.000056380000,8.0
1781712000000,2026-06-17T16:00:00+00:00,-0.000034810000,8.0
1781740800002,2026-06-18T00:00:00.002000+00:00,-0.000055090000,8.0
1781769600000,2026-06-18T08:00:00+00:00,-0.000041240000,8.0
1781798400001,2026-06-18T16:00:00.001000+00:00,-0.000026700000,8.0
1781827200005,2026-06-19T00:00:00.005000+00:00,0.000100000000,8.0
1781856000001,2026-06-19T08:00:00.001000+00:00,0.000060650000,8.0
1781884800001,2026-06-19T16:00:00.001000+00:00,-0.000036170000,8.0
1781913600001,2026-06-20T00:00:00.001000+00:00,-0.000030870000,8.0
1781942400000,2026-06-20T08:00:00+00:00,-0.000033370000,8.0
1781971200001,2026-06-20T16:00:00.001000+00:00,-0.000013910000,8.0
1782000000000,2026-06-21T00:00:00+00:00,0.000044380000,8.0
1782028800000,2026-06-21T08:00:00+00:00,0.000022770000,8.0
1782057600000,2026-06-21T16:00:00+00:00,0.000007450000,8.0
1782086400000,2026-06-22T00:00:00+00:00,0.000043380000,8.0
1782115200000,2026-06-22T08:00:00+00:00,-0.000043050000,8.0
1782144000002,2026-06-22T16:00:00.002000+00:00,-0.000030170000,8.0
1782172800003,2026-06-23T00:00:00.003000+00:00,-0.000029640000,8.0
1782201600005,2026-06-23T08:00:00.005000+00:00,-0.000096070000,8.0
1782230400002,2026-06-23T16:00:00.002000+00:00,-0.000208550000,8.0
1782259200005,2026-06-24T00:00:00.005000+00:00,-0.000087750000,8.0
1782288000005,2026-06-24T08:00:00.005000+00:00,-0.000072330000,8.0
1782316800003,2026-06-24T16:00:00.003000+00:00,-0.000013090000,8.0
1782345600000,2026-06-25T00:00:00+00:00,-0.000118540000,8.0
1782374400000,2026-06-25T08:00:00+00:00,-0.000040280000,8.0
1782403200000,2026-06-25T16:00:00+00:00,-0.000048270000,8.0
1782432000010,2026-06-26T00:00:00.010000+00:00,0.000031130000,8.0
1782460800002,2026-06-26T08:00:00.002000+00:00,0.000084420000,8.0
1782489600000,2026-06-26T16:00:00+00:00,0.000060960000,8.0
1782518400000,2026-06-27T00:00:00+00:00,0.000100000000,8.0
1782547200000,2026-06-27T08:00:00+00:00,0.000048100000,8.0
1782576000009,2026-06-27T16:00:00.009000+00:00,-0.000019300000,8.0
1782604800000,2026-06-28T00:00:00+00:00,0.000016300000,8.0
1782633600013,2026-06-28T08:00:00.013000+00:00,0.000027640000,8.0
1782662400000,2026-06-28T16:00:00+00:00,0.000009680000,8.0
1782691200006,2026-06-29T00:00:00.006000+00:00,0.000005210000,8.0
1782720000013,2026-06-29T08:00:00.013000+00:00,0.000037450000,8.0
1782748800004,2026-06-29T16:00:00.004000+00:00,0.000041840000,8.0
1782777600000,2026-06-30T00:00:00+00:00,0.000100000000,8.0
1782806400000,2026-06-30T08:00:00+00:00,0.000077040000,8.0
1782835200005,2026-06-30T16:00:00.005000+00:00,0.000072280000,8.0
1782864000000,2026-07-01T00:00:00+00:00,0.000100000000,8.0
1782892800000,2026-07-01T08:00:00+00:00,0.000100000000,8.0
1782921600000,2026-07-01T16:00:00+00:00,0.000068480000,8.0
1782950400000,2026-07-02T00:00:00+00:00,0.000026820000,8.0
1782979200000,2026-07-02T08:00:00+00:00,-0.000024410000,8.0
1783008000000,2026-07-02T16:00:00+00:00,0.000065440000,8.0
1783036800000,2026-07-03T00:00:00+00:00,0.000023100000,8.0
1783065600007,2026-07-03T08:00:00.007000+00:00,0.000011880000,8.0
1783094400000,2026-07-03T16:00:00+00:00,-0.000032000000,8.0
1783123200000,2026-07-04T00:00:00+00:00,0.000072830000,8.0
1783152000000,2026-07-04T08:00:00+00:00,0.000087400000,8.0
1783180800007,2026-07-04T16:00:00.007000+00:00,0.000048470000,8.0
1783209600003,2026-07-05T00:00:00.003000+00:00,0.000013700000,8.0
1783238400001,2026-07-05T08:00:00.001000+00:00,0.000055060000,8.0
1783267200000,2026-07-05T16:00:00+00:00,0.000038550000,8.0
1783296000000,2026-07-06T00:00:00+00:00,0.000068200000,8.0
1783324800000,2026-07-06T08:00:00+00:00,0.000033360000,8.0
1783353600000,2026-07-06T16:00:00+00:00,0.000062270000,8.0
1783382400000,2026-07-07T00:00:00+00:00,0.000068160000,8.0
1783411200000,2026-07-07T08:00:00+00:00,0.000005460000,8.0
1783440000000,2026-07-07T16:00:00+00:00,-0.000019960000,8.0
1783468800000,2026-07-08T00:00:00+00:00,-0.000029390000,8.0
1783497600000,2026-07-08T08:00:00+00:00,-0.000010420000,8.0
1783526400000,2026-07-08T16:00:00+00:00,-0.000017210000,8.0
1783555200000,2026-07-09T00:00:00+00:00,0.000041170000,8.0
1783584000001,2026-07-09T08:00:00.001000+00:00,0.000044110000,8.0
1783612800001,2026-07-09T16:00:00.001000+00:00,0.000002460000,8.0
1783641600000,2026-07-10T00:00:00+00:00,0.000042540000,8.0
1783670400005,2026-07-10T08:00:00.005000+00:00,0.000013380000,8.0
1783699200005,2026-07-10T16:00:00.005000+00:00,0.000100000000,8.0
1783728000000,2026-07-11T00:00:00+00:00,0.000052630000,8.0
1783756800000,2026-07-11T08:00:00+00:00,-0.000026070000,8.0
1783785600000,2026-07-11T16:00:00+00:00,0.000078920000,8.0
1783814400000,2026-07-12T00:00:00+00:00,0.000025460000,8.0
1783843200003,2026-07-12T08:00:00.003000+00:00,-0.000040110000,8.0
1783872000000,2026-07-12T16:00:00+00:00,0.000068910000,8.0
1783900800000,2026-07-13T00:00:00+00:00,0.000055040000,8.0
1783929600001,2026-07-13T08:00:00.001000+00:00,-0.000058730000,8.0
1783958400004,2026-07-13T16:00:00.004000+00:00,0.000022960000,8.0
1783987200000,2026-07-14T00:00:00+00:00,0.000004270000,8.0
1784016000002,2026-07-14T08:00:00.002000+00:00,0.000038680000,8.0
1784044800001,2026-07-14T16:00:00.001000+00:00,0.000062970000,8.0
1784073600005,2026-07-15T00:00:00.005000+00:00,0.000014280000,8.0
1784102400002,2026-07-15T08:00:00.002000+00:00,0.000024800000,8.0
1784131200000,2026-07-15T16:00:00+00:00,-0.000006870000,8.0
1784160000000,2026-07-16T00:00:00+00:00,0.000028740000,8.0
1784188800003,2026-07-16T08:00:00.003000+00:00,-0.000043490000,8.0
1784217600002,2026-07-16T16:00:00.002000+00:00,-0.000003490000,8.0
1784246400000,2026-07-17T00:00:00+00:00,0.000016830000,8.0
1784275200010,2026-07-17T08:00:00.010000+00:00,-0.000024970000,8.0
1784304000004,2026-07-17T16:00:00.004000+00:00,-0.000044400000,8.0
1784332800000,2026-07-18T00:00:00+00:00,0.000028970000,8.0
1784361600000,2026-07-18T08:00:00+00:00,0.000028700000,8.0
1784390400001,2026-07-18T16:00:00.001000+00:00,0.000034330000,8.0
1784419200003,2026-07-19T00:00:00.003000+00:00,-0.000003810000,8.0
1784448000000,2026-07-19T08:00:00+00:00,0.000045180000,8.0
1784476800001,2026-07-19T16:00:00.001000+00:00,0.000063960000,8.0
1784505600000,2026-07-20T00:00:00+00:00,0.000056380000,8.0
1784534400001,2026-07-20T08:00:00.001000+00:00,-0.000050790000,8.0
1784563200004,2026-07-20T16:00:00.004000+00:00,0.000013120000,8.0
1784592000001,2026-07-21T00:00:00.001000+00:00,0.000100000000,8.0
1784620800000,2026-07-21T08:00:00+00:00,0.000065800000,8.0
1784649600002,2026-07-21T16:00:00.002000+00:00,0.000026090000,8.0
1784678400000,2026-07-22T00:00:00+00:00,0.000027250000,8.0
1784707200000,2026-07-22T08:00:00+00:00,-0.000032370000,8.0
1784736000001,2026-07-22T16:00:00.001000+00:00,0.000038900000,8.0
1784764800000,2026-07-23T00:00:00+00:00,-0.000036740000,8.0
1784793600000,2026-07-23T08:00:00+00:00,-0.000106420000,8.0
1784822400000,2026-07-23T16:00:00+00:00,-0.000036090000,8.0
1784851200000,2026-07-24T00:00:00+00:00,0.000030440000,8.0
1784880000000,2026-07-24T08:00:00+00:00,0.000056920000,8.0
1784908800008,2026-07-24T16:00:00.008000+00:00,-0.000095880000,8.0
1784937600002,2026-07-25T00:00:00.002000+00:00,-0.000042870000,8.0
1784966400000,2026-07-25T08:00:00+00:00,0.000004810000,8.0
1784995200000,2026-07-25T16:00:00+00:00,-0.000041270000,8.0
1785024000000,2026-07-26T00:00:00+00:00,0.000001810000,8.0
1785052800002,2026-07-26T08:00:00.002000+00:00,0.000063710000,8.0
1785081600000,2026-07-26T16:00:00+00:00,0.000015140000,8.0
1785110400010,2026-07-27T00:00:00.010000+00:00,0.000087510000,8.0
1785139200000,2026-07-27T08:00:00+00:00,0.000077290000,8.0
1785168000001,2026-07-27T16:00:00.001000+00:00,0.000038350000,8.0
1785196800000,2026-07-28T00:00:00+00:00,-0.000030550000,8.0
1785225600000,2026-07-28T08:00:00+00:00,-0.000133280000,8.0
1785254400000,2026-07-28T16:00:00+00:00,-0.000047120000,8.0
1785283200000,2026-07-29T00:00:00+00:00,0.000029940000,8.0
1785312000002,2026-07-29T08:00:00.002000+00:00,-0.000000820000,8.0
1785340800000,2026-07-29T16:00:00+00:00,-0.000003760000,8.0
1785369600000,2026-07-30T00:00:00+00:00,0.000022100000,8.0
1785398400000,2026-07-30T08:00:00+00:00,0.000085170000,8.0
1785427200000,2026-07-30T16:00:00+00:00,0.000057520000,8.0
1785456000003,2026-07-31T00:00:00.003000+00:00,0.000097680000,8.0
1785484800000,2026-07-31T08:00:00+00:00,0.000046060000,8.0
1785513600000,2026-07-31T16:00:00+00:00,0.000037360000,8.0
1785542400001,2026-08-01T00:00:00.001000+00:00,0.000100000000,8.0
1785571200000,2026-08-01T08:00:00+00:00,0.000100000000,8.0
1785600000000,2026-08-01T16:00:00+00:00,0.000031590000,8.0
1785628800000,2026-08-02T00:00:00+00:00,-0.000049250000,8.0
1785657600000,2026-08-02T08:00:00+00:00,0.000100000000,8.0
1785686400000,2026-08-02T16:00:00+00:00,0.000013480000,8.0
1785715200000,2026-08-03T00:00:00+00:00,0.000079850000,8.0
1785744000000,2026-08-03T08:00:00+00:00,0.000025580000,8.0
1785772800000,2026-08-03T16:00:00+00:00,0.000058600000,8.0
1785801600004,2026-08-04T00:00:00.004000+00:00,0.000100000000,8.0
1785830400002,2026-08-04T08:00:00.002000+00:00,0.000100000000,8.0
1785859200000,2026-08-04T16:00:00+00:00,0.000100000000,8.0
1785888000003,2026-08-05T00:00:00.003000+00:00,0.000064180000,8.0
1785916800004,2026-08-05T08:00:00.004000+00:00,0.000037000000,8.0
1785945600000,2026-08-05T16:00:00+00:00,0.000050550000,8.0
1785974400002,2026-08-06T00:00:00.002000+00:00,0.000000900000,8.0
1786003200000,2026-08-06T08:00:00+00:00,-0.000041130000,8.0
1786032000000,2026-08-06T16:00:00+00:00,-0.000069880000,8.0
1786060800000,2026-08-07T00:00:00+00:00,-0.000018980000,8.0
1786089600000,2026-08-07T08:00:00+00:00,0.000034500000,8.0
1786118400000,2026-08-07T16:00:00+00:00,0.000100000000,8.0
1786147200001,2026-08-08T00:00:00.001000+00:00,0.000083780000,8.0
1786176000000,2026-08-08T08:00:00+00:00,0.000100000000,8.0
1786204800002,2026-08-08T16:00:00.002000+00:00,0.000100000000,8.0
1786233600000,2026-08-09T00:00:00+00:00,0.000100000000,8.0
1786262400005,2026-08-09T08:00:00.005000+00:00,0.000100000000,8.0
1786291200000,2026-08-09T16:00:00+00:00,0.000100000000,8.0
1786320000001,2026-08-10T00:00:00.001000+00:00,0.000100000000,8.0
1786348800005,2026-08-10T08:00:00.005000+00:00,0.000095340000,8.0
1786377600000,2026-08-10T16:00:00+00:00,0.000100000000,8.0
1786406400000,2026-08-11T00:00:00+00:00,0.000100000000,8.0
1786435200006,2026-08-11T08:00:00.006000+00:00,-0.000000230000,8.0
1786464000000,2026-08-11T16:00:00+00:00,-0.000055330000,8.0
1786492800001,2026-08-12T00:00:00.001000+00:00,0.000059980000,8.0
1786521600000,2026-08-12T08:00:00+00:00,0.000081330000,8.0
1786550400000,2026-08-12T16:00:00+00:00,-0.000052560000,8.0
1786579200000,2026-08-13T00:00:00+00:00,-0.000064700000,8.0
1786608000000,2026-08-13T08:00:00+00:00,0.000058770000,8.0
1786636800000,2026-08-13T16:00:00+00:00,-0.000004900000,8.0
1786665600000,2026-08-14T00:00:00+00:00,0.000056220000,8.0
1786694400001,2026-08-14T08:00:00.001000+00:00,0.000022640000,8.0
1786723200001,2026-08-14T16:00:00.001000+00:00,-0.000068470000,8.0
1786752000003,2026-08-15T00:00:00.003000+00:00,-0.000109120000,8.0
1786780800002,2026-08-15T08:00:00.002000+00:00,0.000067940000,8.0
1786809600000,2026-08-15T16:00:00+00:00,-0.000094230000,8.0
1786838400000,2026-08-16T00:00:00+00:00,-0.000047860000,8.0
1786867200002,2026-08-16T08:00:00.002000+00:00,-0.000025920000,8.0
1786896000000,2026-08-16T16:00:00+00:00,-0.000014280000,8.0
1786924800001,2026-08-17T00:00:00.001000+00:00,-0.000047380000,8.0
1786953600003,2026-08-17T08:00:00.003000+00:00,0.000047460000,8.0
1786982400005,2026-08-17T16:00:00.005000+00:00,-0.000016900000,8.0
1787011200006,2026-08-18T00:00:00.006000+00:00,0.000030770000,8.0
1787040000001,2026-08-18T08:00:00.001000+00:00,-0.000040370000,8.0
1787068800003,2026-08-18T16:00:00.003000+00:00,0.000100000000,8.0
1787097600000,2026-08-19T00:00:00+00:00,0.000100000000,8.0
1787126400000,2026-08-19T08:00:00+00:00,0.000092060000,8.0
1787155200004,2026-08-19T16:00:00.004000+00:00,0.000040580000,8.0
1787184000001,2026-08-20T00:00:00.001000+00:00,0.000100000000,8.0
1787212800000,2026-08-20T08:00:00+00:00,0.000100000000,8.0
1787241600005,2026-08-20T16:00:00.005000+00:00,0.000100000000,8.0
1787270400004,2026-08-21T00:00:00.004000+00:00,0.000100000000,8.0
1787299200000,2026-08-21T08:00:00+00:00,0.000100000000,8.0
1787328000001,2026-08-21T16:00:00.001000+00:00,0.000100000000,8.0
1787356800000,2026-08-22T00:00:00+00:00,0.000100000000,8.0
1787385600000,2026-08-22T08:00:00+00:00,0.000100000000,8.0
1787414400000,2026-08-22T16:00:00+00:00,0.000100000000,8.0
1787443200000,2026-08-23T00:00:00+00:00,0.000100000000,8.0
1787472000000,2026-08-23T08:00:00+00:00,0.000100000000,8.0
1787500800006,2026-08-23T16:00:00.006000+00:00,0.000100000000,8.0
1787529600001,2026-08-24T00:00:00.001000+00:00,0.000100000000,8.0
1787558400002,2026-08-24T08:00:00.002000+00:00,0.000100000000,8.0
1787587200000,2026-08-24T16:00:00+00:00,0.000100000000,8.0
1787616000001,2026-08-25T00:00:00.001000+00:00,0.000100000000,8.0
1787644800000,2026-08-25T08:00:00+00:00,0.000100000000,8.0
1787673600005,2026-08-25T16:00:00.005000+00:00,0.000100000000,8.0
1787702400000,2026-08-26T00:00:00+00:00,0.000054330000,8.0
1787731200005,2026-08-26T08:00:00.005000+00:00,0.000060420000,8.0
1787760000000,2026-08-26T16:00:00+00:00,0.000034800000,8.0
1787788800000,2026-08-27T00:00:00+00:00,0.000100000000,8.0
1787817600000,2026-08-27T08:00:00+00:00,0.000100000000,8.0
1787846400013,2026-08-27T16:00:00.013000+00:00,0.000100000000,8.0
1787875200026,2026-08-28T00:00:00.026000+00:00,-0.000009830000,8.0
1787904000000,2026-08-28T08:00:00+00:00,-0.000015190000,8.0
1787932800001,2026-08-28T16:00:00.001000+00:00,-0.000082350000,8.0
1787961600000,2026-08-29T00:00:00+00:00,0.000066900000,8.0
1787990400000,2026-08-29T08:00:00+00:00,0.000035060000,8.0
1788019200002,2026-08-29T16:00:00.002000+00:00,-0.000034370000,8.0
1788048000000,2026-08-30T00:00:00+00:00,-0.000101540000,8.0
1788076800000,2026-08-30T08:00:00+00:00,-0.000001390000,8.0
1788105600001,2026-08-30T16:00:00.001000+00:00,0.000007100000,8.0
1788134400002,2026-08-31T00:00:00.002000+00:00,-0.000124210000,8.0
1788163200002,2026-08-31T08:00:00.002000+00:00,-0.000040360000,8.0
1788192000001,2026-08-31T16:00:00.001000+00:00,-0.000016020000,8.0
